classifier,best,avg,std_dev,acc,n_features,selected_rate,execution_time
knn,0.00454545454545455,0.2515,0.1750104394761062,0.75,8.8,0.4,32.45140118598938
svc,0.002272727272727275,0.12684090909090912,0.07841651480006256,0.875,6.8,0.3090909090909091,38.88399004936218
