classifier,all_fitness,best,avg,std_dev,acc,n_features,selected_rate,execution_time
knn,"[0.008636363636363643, 0.2575, 0.37988636363636363, 0.25613636363636366, 0.2556818181818182]",0.008636363636363643,0.23156818181818178,0.12128841727588523,0.775,19.4,0.8818181818181818,5.82371973991394
svc,"[0.2515909090909091, 0.38034090909090906, 0.2556818181818182, 0.0031818181818181845, 0.2515909090909091]",0.0031818181818181845,0.22847727272727267,0.12298713229742288,0.775,12.6,0.5727272727272728,6.517709541320801
