classifier,all_fitness,best,avg,std_dev,acc,n_features,selected_rate,execution_time
knn,"[0.26590909090909093, 0.275, 0.16249999999999998, 0.17159090909090907, 0.16704545454545452, 0.28863636363636364, 0.05454545454545453, 0.16249999999999998, 0.16249999999999998, 0.16704545454545452]",0.05454545454545453,0.18772727272727274,0.06683866414578758,0.85,11.6,0.5272727272727271,5.291018557548523
svc,"[0.16249999999999998, 0.06818181818181816, 0.17613636363636362, 0.38295454545454544, 0.27045454545454545, 0.3693181818181818, 0.17159090909090907, 0.05909090909090908, 0.05454545454545453, 0.07727272727272726]",0.05454545454545453,0.17920454545454542,0.11790401133307447,0.8625,12.2,0.5545454545454545,6.17739737033844
