classifier,best,avg,std_dev,acc,n_features,selected_rate,execution_time
knn,0.008636363636363643,0.20436363636363636,0.1256828168627098,0.8,14.0,0.6363636363636365,5.811286401748657
svc,0.12738636363636363,0.2548636363636364,0.15769272610925525,0.75,16.2,0.7363636363636364,6.576238536834717
