classifier,all_fitness,best,avg,std_dev,acc,n_features,selected_rate,execution_time
knn,"[0.1534090909090909, 0.18068181818181817, 0.39204545454545453, 0.26590909090909093, 0.38295454545454544, 0.25227272727272726, 0.3738636363636364, 0.26590909090909093, 0.3784090909090909, 0.05454545454545453]",0.05454545454545453,0.27,0.10887312541677367,0.75,9.9,0.45,6.84080560207367
svc,"[0.15795454545454546, 0.3875, 0.27954545454545454, 0.27954545454545454, 0.26590909090909093, 0.28409090909090906, 0.027272727272727264, 0.14886363636363636, 0.27954545454545454, 0.14431818181818182]",0.027272727272727264,0.2254545454545455,0.09817971378216127,0.8,10.0,0.4545454545454545,8.17697172164917
