classifier,best,avg,std_dev,acc,n_features,selected_rate,execution_time
knn,0.0027272727272727297,0.1763409090909091,0.09904644540369655,0.825,6.8,0.3090909090909091,6.235892820358276
svc,0.0027272727272727297,0.20072727272727273,0.12655941749638702,0.8,6.0,0.2727272727272727,6.889381074905396
