classifier,best,avg,std_dev,acc,n_features,selected_rate,execution_time
knn,0.0013636363636363648,0.19927272727272727,0.12625433876842107,0.8,2.8,0.12727272727272726,19.866343307495118
svc,0.12465909090909091,0.24822727272727274,0.07826668887066106,0.75,1.6,0.07272727272727272,23.27672414779663
