classifier,all_fitness,best,avg,std_dev,acc,n_features,selected_rate,execution_time
knn,"[0.24772727272727274, 0.02272727272727272, 0.02272727272727272, 0.3556818181818182, 0.14886363636363636, 0.25227272727272726, 0.027272727272727264, 0.3693181818181818, 0.13977272727272727, 0.3647727272727273]",0.02272727272727272,0.19511363636363638,0.13555636997997833,0.8125,5.8,0.26363636363636356,8.198940658569336
svc,"[0.03181818181818181, 0.13977272727272727, 0.14431818181818182, 0.13068181818181818, 0.36022727272727273, 0.3738636363636364, 0.36022727272727273, 0.14886363636363636, 0.14431818181818182, 0.4772727272727273]",0.03181818181818181,0.23113636363636364,0.139388978007885,0.775,6.3,0.2863636363636363,10.095507025718689
