classifier,all_fitness,best,avg,std_dev,acc,n_features,selected_rate,execution_time
knn,"[0.3647727272727273, 0.4818181818181818, 0.14886363636363636, 0.25227272727272726, 0.4818181818181818, 0.3647727272727273, 0.25681818181818183, 0.02272727272727272, 0.5852272727272727, 0.14886363636363636]",0.02272727272727272,0.31079545454545454,0.1677507143633716,0.6875,6.5,0.2954545454545454,30.24115345478058
svc,"[0.3693181818181818, 0.7159090909090909, 0.036363636363636355, 0.3693181818181818, 0.14886363636363636, 0.14431818181818182, 0.13977272727272727, 0.1534090909090909, 0.3647727272727273, 0.1534090909090909]",0.036363636363636355,0.2595454545454545,0.18858789081482266,0.75,7.6,0.3454545454545455,36.48854196071625
