classifier,all_fitness,best,avg,std_dev,acc,n_features,selected_rate,execution_time
knn,"[0.25113636363636366, 0.12693181818181817, 0.00454545454545455, 0.37534090909090906, 0.37488636363636363]",0.00454545454545455,0.2265681818181818,0.14419202431491507,0.775,8.4,0.38181818181818183,5.7868004322052
svc,"[0.24931818181818183, 0.25113636363636366, 0.3730681818181818, 0.12693181818181817, 0.12738636363636363]",0.12693181818181817,0.22556818181818183,0.0920248293390215,0.775,6.2,0.28181818181818186,6.50852222442627
