classifier,all_fitness,best,avg,std_dev,acc,n_features,selected_rate,execution_time
knn,"[0.0013636363636363648, 0.12465909090909091, 0.3721590909090909, 0.00090909090909091, 0.12420454545454546]",0.00090909090909091,0.12465909090909091,0.13547862430888535,0.875,2.0,0.09090909090909091,9.256749296188355
svc,"[0.49636363636363634, 0.000454545454545455, 0.24795454545454546, 0.000454545454545455, 0.24795454545454546]",0.000454545454545455,0.19863636363636364,0.18550372565370477,0.8,1.4,0.06363636363636364,10.834589004516602
