classifier,all_fitness,best,avg,std_dev,acc,n_features,selected_rate,execution_time
knn,"[0.25477272727272726, 0.37443181818181814, 0.12920454545454546, 0.006363636363636369, 0.49863636363636366]",0.006363636363636369,0.2526818181818181,0.17391972654357452,0.75,11.4,0.5181818181818182,10.235574054718018
svc,"[0.1260227272727273, 0.12693181818181817, 0.2525, 0.002272727272727275, 0.37534090909090906]",0.002272727272727275,0.17661363636363636,0.1270226317116054,0.825,7.4,0.33636363636363636,12.030605840682984
