classifier,best,avg,std_dev,acc,n_features,selected_rate,execution_time
knn,0.0031818181818181845,0.07943181818181819,0.10012337430712484,0.925,11.4,0.5181818181818182,7.142336750030518
svc,0.12556818181818183,0.22593181818181823,0.14409233222698414,0.775,7.0,0.31818181818181823,8.38878664970398
