classifier,all_fitness,best,avg,std_dev,acc,n_features,selected_rate,execution_time
knn,"[0.12465909090909091, 0.3717045454545454, 0.12465909090909091, 0.3721590909090909, 0.12420454545454546]",0.12420454545454546,0.22347727272727275,0.12121282764945653,0.775,1.6,0.07272727272727272,6.261790561676025
svc,"[0.0013636363636363648, 0.2484090909090909, 0.12420454545454546, 0.4954545454545454, 0.6192045454545455]",0.0013636363636363648,0.29772727272727273,0.22926732700366395,0.7,1.6,0.07272727272727272,6.733668613433838
