classifier,all_fitness,best,avg,std_dev,acc,n_features,selected_rate,execution_time
knn,"[0.13068181818181818, 0.12613636363636363, 0.35113636363636364, 0.12613636363636363, 0.1215909090909091]",0.1215909090909091,0.17113636363636361,0.09004590197676915,0.825,3.0,0.13636363636363635,8.771916246414184
svc,"[0.1215909090909091, 0.1215909090909091, 0.571590909090909, 0.571590909090909, 0.22954545454545455]",0.1215909090909091,0.3231818181818181,0.20662028494017792,0.65,1.8,0.08181818181818182,11.116572952270507
