classifier,all_fitness,best,avg,std_dev,acc,n_features,selected_rate,execution_time
knn,"[0.013636363636363632, 0.1215909090909091, 0.2340909090909091, 0.1215909090909091, 0.1215909090909091]",0.013636363636363632,0.12250000000000001,0.06972273897788664,0.875,2.2,0.1,19.638188076019286
svc,"[0.2340909090909091, 0.3465909090909091, 0.5761363636363637, 0.34204545454545454, 0.13522727272727272]",0.13522727272727272,0.3268181818181818,0.14702911950858946,0.65,2.6,0.1181818181818182,25.122386407852172
