classifier,all_fitness,best,avg,std_dev,acc,n_features,selected_rate,execution_time
knn,"[0.13193181818181818, 0.3789772727272727, 0.5031818181818182, 0.009545454545454555, 0.25113636363636366]",0.009545454545454555,0.2549545454545455,0.1745698757773678,0.75,16.4,0.7454545454545455,5.7959312915802
svc,"[0.25386363636363635, 0.38125, 0.25386363636363635, 0.3771590909090909, 0.1278409090909091]",0.1278409090909091,0.27879545454545457,0.09402425724467714,0.725,14.4,0.6545454545454545,6.6285233974456785
