classifier,best,avg,std_dev,acc,n_features,selected_rate,execution_time
knn,0.25022727272727274,0.3746136363636364,0.15667736760828338,0.625,7.4,0.33636363636363636,5.800871992111206
svc,0.12738636363636363,0.2751590909090909,0.09243695081531549,0.725,6.4,0.2909090909090909,6.603485107421875
