classifier,all_fitness,best,avg,std_dev,acc,n_features,selected_rate,execution_time
knn,"[0.30227272727272725, 0.18068181818181817, 0.4147727272727273, 0.19886363636363635, 0.29772727272727273, 0.19886363636363635, 0.5227272727272727, 0.29318181818181815, 0.18068181818181817, 0.17613636363636362]",0.17613636363636362,0.2765909090909091,0.11028606679415864,0.775,16.3,0.740909090909091,0.47625277042388914
svc,"[0.3159090909090909, 0.17159090909090907, 0.28409090909090906, 0.4056818181818182, 0.1943181818181818, 0.4284090909090909, 0.29772727272727273, 0.6579545454545455, 0.4056818181818182, 0.18977272727272726]",0.17159090909090907,0.3351136363636364,0.13962339583783678,0.7125,16.8,0.7636363636363636,0.5844218730926514
