classifier,all_fitness,best,avg,std_dev,acc,n_features,selected_rate,execution_time
knn,"[0.37488636363636363, 0.00454545454545455, 0.12920454545454546, 0.12875, 0.37488636363636363]",0.00454545454545455,0.20245454545454544,0.14794011939166413,0.8,9.8,0.44545454545454544,1.3498189926147461
svc,"[0.12920454545454546, 0.2515909090909091, 0.25113636363636366, 0.00454545454545455, 0.12875]",0.00454545454545455,0.15304545454545454,0.09224309309178924,0.85,10.0,0.4545454545454546,1.181987714767456
