classifier,all_fitness,best,avg,std_dev,acc,n_features,selected_rate,execution_time
knn,"[0.25227272727272726, 0.25681818181818183, 0.25681818181818183, 0.24772727272727274, 0.14431818181818182, 0.25681818181818183, 0.14431818181818182, 0.25681818181818183, 0.4818181818181818, 0.036363636363636355]",0.036363636363636355,0.2334090909090909,0.1091609623559601,0.775,6.8,0.30909090909090914,30.408589434623718
svc,"[0.14886363636363636, 0.4863636363636364, 0.04999999999999999, 0.1534090909090909, 0.13977272727272727, 0.26136363636363635, 0.25681818181818183, 0.0409090909090909, 0.3784090909090909, 0.04545454545454544]",0.0409090909090909,0.19613636363636364,0.1416988498527309,0.825,8.5,0.38636363636363635,36.7213547706604
