classifier,all_fitness,best,avg,std_dev,acc,n_features,selected_rate,execution_time
knn,"[0.26136363636363635, 0.3784090909090909, 0.27954545454545454, 0.04999999999999999, 0.04545454545454544, 0.275, 0.06363636363636362, 0.27954545454545454, 0.28863636363636364, 0.18068181818181817]",0.04545454545454544,0.2102272727272727,0.11226674625217206,0.825,11.6,0.5272727272727272,6.292767000198364
svc,"[0.27045454545454545, 0.27045454545454545, 0.29318181818181815, 0.27045454545454545, 0.3875, 0.3875, 0.27954545454545454, 0.3784090909090909, 0.28409090909090906, 0.26590909090909093]",0.26590909090909093,0.30875,0.05019345323778675,0.7125,11.0,0.5,6.953796029090881
