classifier,best,avg,std_dev,acc,n_features,selected_rate,execution_time
knn,0.0013636363636363648,0.19909090909090907,0.12609391177521959,0.8,2.4,0.1090909090909091,5.14334659576416
svc,0.00090909090909091,0.19890909090909087,0.12611319607059562,0.8,2.0,0.09090909090909091,6.030275869369507
