classifier,all_fitness,best,avg,std_dev,acc,n_features,selected_rate,execution_time
knn,"[0.14886363636363636, 0.7250000000000001, 0.14886363636363636, 0.27045454545454545, 0.16704545454545452, 0.275, 0.27954545454545454, 0.15795454545454546, 0.04999999999999999, 0.04999999999999999]",0.04999999999999999,0.22727272727272724,0.1838986088775754,0.8,10.4,0.47272727272727266,5.730018544197082
svc,"[0.3647727272727273, 0.29318181818181815, 0.4102272727272727, 0.28863636363636364, 0.26590909090909093, 0.275, 0.15795454545454546, 0.29318181818181815, 0.4863636363636364, 0.12613636363636363]",0.12613636363636363,0.29613636363636364,0.10165749292486312,0.725,10.7,0.48636363636363633,6.449602866172791
