classifier,all_fitness,best,avg,std_dev,acc,n_features,selected_rate,execution_time
knn,"[0.275, 0.38295454545454544, 0.27954545454545454, 0.27954545454545454, 0.04999999999999999, 0.275, 0.04545454545454544, 0.1534090909090909, 0.0409090909090909, 0.1534090909090909]",0.0409090909090909,0.1935227272727273,0.11532277062930735,0.8375,10.4,0.4727272727272728,5.220986461639404
svc,"[0.26590909090909093, 0.0409090909090909, 0.27954545454545454, 0.39204545454545453, 0.6352272727272728, 0.3738636363636364, 0.4147727272727273, 0.07272727272727271, 0.04999999999999999, 0.16249999999999998]",0.0409090909090909,0.26875000000000004,0.18206605972367773,0.7625,12.1,0.55,6.116273236274719
