classifier,all_fitness,best,avg,std_dev,acc,n_features,selected_rate,execution_time
knn,"[0.1215909090909091, 0.45, 0.22954545454545455, 0.12613636363636363, 0.12613636363636363, 0.12613636363636363, 0.3465909090909091, 0.225, 0.7875, 0.5670454545454545]",0.1215909090909091,0.31056818181818185,0.21578408462554868,0.6625,1.5,0.06818181818181818,5.656987881660461
svc,"[0.1125, 0.1125, 0.225, 0.1125, 0.22954545454545455, 0.0, 0.11704545454545455, 0.2340909090909091, 0.004545454545454544, 0.009090909090909089]",0.0,0.11568181818181818,0.08721440996638757,0.875,0.7,0.03181818181818182,6.3424653768539425
