classifier,best,avg,std_dev,acc,n_features,selected_rate,execution_time
knn,0.12420454545454546,0.2733409090909091,0.0926809320480176,0.725,2.4,0.1090909090909091,6.181422233581543
svc,0.12420454545454546,0.22329545454545455,0.09263049205230013,0.775,1.2,0.05454545454545454,6.761844158172607
