classifier,all_fitness,best,avg,std_dev,acc,n_features,selected_rate,execution_time
knn,"[0.12511363636363637, 0.0013636363636363648, 0.3721590909090909, 0.3721590909090909, 0.4959090909090909]",0.0013636363636363648,0.2733409090909091,0.18166431841937716,0.725,2.4,0.1090909090909091,6.257850646972656
svc,"[0.12420454545454546, 0.4954545454545454, 0.24795454545454546, 0.6196590909090909, 0.12420454545454546]",0.12420454545454546,0.32229545454545455,0.20120426948216388,0.675,1.2,0.05454545454545454,6.762135124206543
