classifier,all_fitness,best,avg,std_dev,acc,n_features,selected_rate,execution_time
knn,"[0.37443181818181814, 0.12647727272727272, 0.12738636363636363, 0.0031818181818181845, 0.2520454545454546]",0.0031818181818181845,0.17670454545454545,0.12636259401139743,0.825,7.6,0.34545454545454546,53.64598879814148
svc,"[0.2515909090909091, 0.2515909090909091, 0.3730681818181818, 0.24977272727272729, 0.12693181818181817]",0.12693181818181817,0.2505909090909091,0.07783947908440954,0.75,6.8,0.3090909090909091,39.2902054309845
