classifier,all_fitness,best,avg,std_dev,acc,n_features,selected_rate,execution_time
knn,"[0.27954545454545454, 0.16704545454545452, 0.275, 0.4056818181818182, 0.07272727272727271, 0.16704545454545452, 0.16249999999999998, 0.06363636363636362, 0.3965909090909091, 0.27045454545454545]",0.06363636363636362,0.22602272727272726,0.11378450571000176,0.8125,12.6,0.5727272727272726,1.137014675140381
svc,"[0.04545454545454544, 0.29318181818181815, 0.14886363636363636, 0.39204545454545453, 0.28409090909090906, 0.28863636363636364, 0.05909090909090908, 0.05909090909090908, 0.18068181818181817, 0.28863636363636364]",0.04545454545454544,0.2039772727272727,0.11609193466123488,0.8375,12.7,0.5772727272727274,1.2938456773757934
