classifier,all_fitness,best,avg,std_dev,acc,n_features,selected_rate,execution_time
knn,"[0.26590909090909093, 0.16249999999999998, 0.3875, 0.27045454545454545, 0.26590909090909093]",0.16249999999999998,0.27045454545454545,0.07126730614818998,0.75,10.0,0.4545454545454546,1.1947483539581298
svc,"[0.27045454545454545, 0.26136363636363635, 0.036363636363636355, 0.6170454545454546, 0.25227272727272726]",0.036363636363636355,0.2875,0.18648554770848122,0.725,8.8,0.39999999999999997,1.3163814544677734
