classifier,all_fitness,best,avg,std_dev,acc,n_features,selected_rate,execution_time
knn,"[0.37488636363636363, 0.12738636363636363, 0.3739772727272727, 0.12738636363636363, 0.00454545454545455]",0.00454545454545455,0.20163636363636367,0.1480458732235127,0.8,8.0,0.36363636363636365,6.88837571144104
svc,"[0.2506818181818182, 0.25113636363636366, 0.2506818181818182, 0.12738636363636363, 0.1260227272727273]",0.1260227272727273,0.20118181818181818,0.06081219395716863,0.8,7.0,0.31818181818181823,7.532549571990967
