classifier,all_fitness,best,avg,std_dev,acc,n_features,selected_rate,execution_time
knn,"[0.13977272727272727, 0.4636363636363636, 0.013636363636363632, 0.23863636363636365, 0.5806818181818182]",0.013636363636363632,0.2872727272727273,0.20793827556821037,0.7,3.8,0.1727272727272727,4.868608522415161
svc,"[0.4636363636363636, 0.45454545454545453, 0.22954545454545455, 0.11704545454545455, 0.45454545454545453]",0.11704545454545455,0.34386363636363637,0.14377869817739614,0.625,1.4,0.06363636363636364,6.245104742050171
