classifier,all_fitness,best,avg,std_dev,acc,n_features,selected_rate,execution_time
knn,"[0.37534090909090906, 0.12738636363636363, 0.3739772727272727, 0.37488636363636363, 0.12647727272727272]",0.12647727272727272,0.27561363636363634,0.12139933080812743,0.725,7.4,0.33636363636363636,6.315935897827148
svc,"[0.2520454545454546, 0.12647727272727272, 0.24977272727272729, 0.4968181818181818, 0.25022727272727274]",0.12647727272727272,0.2750681818181818,0.12086297821968575,0.725,6.2,0.28181818181818186,6.940867376327515
