classifier,all_fitness,best,avg,std_dev,acc,n_features,selected_rate,execution_time
knn,"[0.24977272727272729, 0.3721590909090909, 0.24886363636363637, 0.12556818181818183, 0.6196590909090909]",0.12556818181818183,0.32320454545454547,0.16748777863395148,0.675,3.2,0.14545454545454545,5.161387395858765
svc,"[0.12465909090909091, 0.24795454545454546, 0.00090909090909091, 0.2484090909090909, 0.12465909090909091]",0.00090909090909091,0.14931818181818182,0.09250896204071926,0.85,1.8,0.08181818181818182,5.979703426361084
