classifier,all_fitness,best,avg,std_dev,acc,n_features,selected_rate,execution_time
knn,"[0.1260227272727273, 0.00090909090909091, 0.12511363636363637, 0.00090909090909091, 0.3721590909090909]",0.00090909090909091,0.12502272727272729,0.13556236937932123,0.875,2.8,0.12727272727272726,20.977292680740355
svc,"[0.0013636363636363648, 0.2484090909090909, 0.2484090909090909, 0.2484090909090909, 0.2484090909090909]",0.0013636363636363648,0.199,0.09881818181818182,0.8,2.2,0.1,24.198263692855836
