classifier,all_fitness,best,avg,std_dev,acc,n_features,selected_rate,execution_time
knn,"[0.12738636363636363, 0.00363636363636364, 0.49954545454545457, 0.1278409090909091, 0.2565909090909091]",0.00363636363636364,0.203,0.16847751339766728,0.8,11.0,0.5,6.8738678932189945
svc,"[0.37534090909090906, 0.0031818181818181845, 0.37352272727272723, 0.3739772727272727, 0.2506818181818182]",0.0031818181818181845,0.2753409090909091,0.14425494319559257,0.725,6.8,0.3090909090909091,7.446455240249634
