classifier,all_fitness,best,avg,std_dev,acc,n_features,selected_rate,execution_time
knn,"[0.027272727272727264, 0.3738636363636364, 0.14886363636363636, 0.3875, 0.27045454545454545, 0.26590909090909093, 0.5, 0.036363636363636355, 0.04545454545454544, 0.275]",0.027272727272727264,0.2330681818181818,0.15572200045472007,0.7875,9.2,0.41818181818181815,6.298123741149903
svc,"[0.027272727272727264, 0.5045454545454545, 0.05909090909090908, 0.3965909090909091, 0.28863636363636364, 0.14886363636363636, 0.04545454545454544, 0.1534090909090909, 0.28863636363636364, 0.27954545454545454]",0.027272727272727264,0.21920454545454543,0.15103247454692847,0.8125,11.1,0.5045454545454545,7.021797180175781
