classifier,all_fitness,best,avg,std_dev,acc,n_features,selected_rate,execution_time
knn,"[0.15795454545454546, 0.25681818181818183, 0.027272727272727264, 0.25227272727272726, 0.26590909090909093]",0.027272727272727264,0.19204545454545455,0.09120406689496813,0.825,7.6,0.34545454545454546,5.595923995971679
svc,"[0.03181818181818181, 0.02272727272727272, 0.4954545454545455, 0.13977272727272727, 0.4681818181818182]",0.02272727272727272,0.2315909090909091,0.2085967480709734,0.775,6.4,0.2909090909090909,7.003056240081787
