classifier,best,avg,std_dev,acc,n_features,selected_rate,execution_time
knn,0.005454545454545459,0.10372727272727271,0.049140568317281946,0.9,10.4,0.4727272727272728,10.181213903427125
svc,0.12647727272727272,0.30063636363636365,0.16779735847860267,0.7,8.0,0.36363636363636365,12.144476556777954
