classifier,all_fitness,best,avg,std_dev,acc,n_features,selected_rate,execution_time
knn,"[0.24772727272727274, 0.25681818181818183, 0.018181818181818177, 0.24772727272727274, 0.25227272727272726, 0.36022727272727273, 0.13977272727272727, 0.36022727272727273, 0.13977272727272727, 0.13977272727272727]",0.018181818181818177,0.21625,0.10156834455529183,0.7875,5.5,0.25,8.981286478042602
svc,"[0.03181818181818181, 0.4681818181818182, 0.26590909090909093, 0.24772727272727274, 0.14431818181818182, 0.14431818181818182, 0.5988636363636364, 0.38295454545454544, 0.4772727272727273, 0.27045454545454545]",0.03181818181818181,0.3031818181818182,0.1676225344325362,0.7,7.3,0.3318181818181818,10.244234132766724
