classifier,best,avg,std_dev,acc,n_features,selected_rate,execution_time
knn,0.004090909090909095,0.2273863636363636,0.1216399646158101,0.775,10.2,0.4636363636363637,1.224094295501709
svc,0.1278409090909091,0.30154545454545456,0.1262026975455303,0.7,10.0,0.4545454545454546,1.180806541442871
