classifier,all_fitness,best,avg,std_dev,acc,n_features,selected_rate,execution_time
knn,"[0.37352272727272723, 0.3771590909090909, 0.24886363636363637, 0.2534090909090909, 0.12965909090909092]",0.12965909090909092,0.27652272727272725,0.09209220473826064,0.725,9.4,0.42727272727272725,7.1378538608551025
svc,"[0.25386363636363635, 0.13011363636363638, 0.24977272727272729, 0.13011363636363638, 0.24977272727272729]",0.13011363636363638,0.20272727272727273,0.059307600937195386,0.8,10.4,0.47272727272727266,8.50145926475525
