classifier,all_fitness,best,avg,std_dev,acc,n_features,selected_rate,execution_time
knn,"[0.275, 0.0409090909090909, 0.14431818181818182, 0.25681818181818183, 0.14886363636363636]",0.0409090909090909,0.1731818181818182,0.08518514110138466,0.85,8.4,0.38181818181818183,7.259381580352783
svc,"[0.38295454545454544, 0.3875, 0.4772727272727273, 0.4147727272727273, 0.27045454545454545]",0.27045454545454545,0.3865909090909091,0.06711052312454126,0.625,10.8,0.4909090909090909,9.243677759170533
