classifier,all_fitness,best,avg,std_dev,acc,n_features,selected_rate,execution_time
knn,"[0.3647727272727273, 0.13522727272727272, 0.2431818181818182, 0.1215909090909091, 0.009090909090909089, 0.13977272727272727, 0.13977272727272727, 0.2431818181818182, 0.23863636363636365, 0.1215909090909091]",0.009090909090909089,0.1756818181818182,0.09308642567328548,0.825,4.0,0.1818181818181818,18.407781982421874
svc,"[0.13068181818181818, 0.1534090909090909, 0.0409090909090909, 0.036363636363636355, 0.04545454545454544, 0.3738636363636364, 0.27954545454545454, 0.15795454545454546, 0.14886363636363636, 0.3693181818181818]",0.036363636363636355,0.17363636363636364,0.12066640887755366,0.85,8.5,0.38636363636363635,22.599025273323058
