classifier,all_fitness,best,avg,std_dev,acc,n_features,selected_rate,execution_time
knn,"[0.12875, 0.12738636363636363, 0.25022727272727274, 0.25295454545454543, 0.49772727272727274]",0.12738636363636363,0.2514090909090909,0.13498394073443828,0.75,8.6,0.3909090909090909,5.869536876678467
svc,"[0.25295454545454543, 0.37579545454545454, 0.1260227272727273, 0.37534090909090906, 0.25022727272727274]",0.1260227272727273,0.27606818181818177,0.09329119412263112,0.725,8.4,0.38181818181818183,6.524023485183716
