classifier,best,avg,std_dev,acc,n_features,selected_rate,execution_time
knn,0.12465909090909091,0.2980909090909091,0.1261295944129563,0.7,2.4,0.1090909090909091,9.330685758590699
svc,0.000454545454545455,0.22338636363636363,0.1213797742079662,0.775,1.4,0.06363636363636363,11.007523584365845
