classifier,all_fitness,best,avg,std_dev,acc,n_features,selected_rate,execution_time
knn,"[0.004090909090909095, 0.24977272727272729, 0.24977272727272729, 0.12693181818181817, 0.37443181818181814]",0.004090909090909095,0.20099999999999998,0.1257739552129826,0.8,6.6,0.3,6.284594488143921
svc,"[0.12829545454545455, 0.00181818181818182, 0.00181818181818182, 0.1260227272727273, 0.37352272727272723]",0.00181818181818182,0.12629545454545454,0.1357310440625653,0.875,5.6,0.2545454545454545,6.949048042297363
