classifier,all_fitness,best,avg,std_dev,acc,n_features,selected_rate,execution_time
knn,"[0.4727272727272727, 0.14431818181818182, 0.25227272727272726, 0.1534090909090909, 0.14431818181818182, 0.4727272727272727, 0.13977272727272727, 0.24772727272727274, 0.1534090909090909, 0.26136363636363635]",0.13977272727272727,0.24420454545454545,0.12335534783236182,0.7625,6.7,0.30454545454545456,4.568458461761475
svc,"[0.14431818181818182, 0.39204545454545453, 0.3875, 0.3647727272727273, 0.3647727272727273, 0.3693181818181818, 0.25227272727272726, 0.1534090909090909, 0.275, 0.26590909090909093]",0.14431818181818182,0.2969318181818182,0.08889392938675948,0.7125,8.4,0.38181818181818183,5.531769251823425
