classifier,all_fitness,best,avg,std_dev,acc,n_features,selected_rate,execution_time
knn,"[0.3784090909090909, 0.275, 0.14886363636363636, 0.28409090909090906, 0.19886363636363635, 0.15795454545454546, 0.1534090909090909, 0.18977272727272726, 0.275, 0.275]",0.14886363636363636,0.23363636363636364,0.07149921978421908,0.8,11.8,0.5363636363636364,5.268661069869995
svc,"[0.05454545454545453, 0.15795454545454546, 0.04999999999999999, 0.27954545454545454, 0.17159090909090907, 0.05454545454545453, 0.04999999999999999, 0.32045454545454544, 0.16249999999999998, 0.09545454545454543]",0.04999999999999999,0.13965909090909093,0.09308677248000277,0.9125,13.4,0.6090909090909091,6.259210634231567
