classifier,all_fitness,best,avg,std_dev,acc,n_features,selected_rate,execution_time
knn,"[0.2520454545454546, 0.12829545454545455, 0.1310227272727273, 0.1278409090909091, 0.3776136363636363]",0.1278409090909091,0.20336363636363636,0.09930267197390522,0.8,11.8,0.5363636363636364,10.361757278442383
svc,"[0.25295454545454543, 0.2515909090909091, 0.25477272727272726, 0.25113636363636366, 0.49863636363636366]",0.25113636363636366,0.3018181818181819,0.09841722620163171,0.7,10.6,0.4818181818181818,12.082810735702514
