classifier,all_fitness,best,avg,std_dev,acc,n_features,selected_rate,execution_time
knn,"[0.23863636363636365, 0.009090909090909089, 0.3465909090909091, 0.3465909090909091, 0.12613636363636363]",0.009090909090909089,0.21340909090909094,0.13074682177765806,0.775,2.4,0.10909090909090909,5.860776662826538
svc,"[0.018181818181818177, 0.22954545454545455, 0.004545454545454544, 0.34204545454545454, 0.11704545454545455]",0.004545454545454544,0.14227272727272727,0.128475244423788,0.85,1.6,0.07272727272727274,6.98811674118042
