classifier,best,avg,std_dev,acc,n_features,selected_rate,execution_time
knn,0.004090909090909095,0.20145454545454547,0.16713942007737626,0.8,7.6,0.34545454545454546,6.331233549118042
svc,0.1260227272727273,0.17597727272727273,0.06100232856956439,0.825,6.0,0.27272727272727276,6.822584056854248
