classifier,all_fitness,best,avg,std_dev,acc,n_features,selected_rate,execution_time
knn,"[0.2340909090909091, 0.26136363636363635, 0.36022727272727273, 0.23863636363636365, 0.13068181818181818, 0.13522727272727272, 0.2431818181818182, 0.13977272727272727, 0.5670454545454545, 0.14431818181818182]",0.13068181818181818,0.24545454545454545,0.12796382979395854,0.75,4.5,0.20454545454545453,17.45114662647247
svc,"[0.036363636363636355, 0.3784090909090909, 0.018181818181818177, 0.14886363636363636, 0.14886363636363636, 0.4727272727272727, 0.02272727272727272, 0.2431818181818182, 0.1534090909090909, 0.14431818181818182]",0.018181818181818177,0.17670454545454545,0.14297175246926305,0.8375,6.7,0.30454545454545456,20.767006611824037
