classifier,all_fitness,best,avg,std_dev,acc,n_features,selected_rate,execution_time
knn,"[0.027272727272727264, 0.0409090909090909, 0.14431818181818182, 0.4727272727272727, 0.3738636363636364]",0.027272727272727264,0.21181818181818182,0.18008635440066612,0.8,7.0,0.3181818181818182,32.74802722930908
svc,"[0.25227272727272726, 0.14886363636363636, 0.03181818181818181, 0.25227272727272726, 0.4727272727272727]",0.03181818181818181,0.2315909090909091,0.14543394740517512,0.775,6.4,0.2909090909090909,41.560452175140384
