classifier,all_fitness,best,avg,std_dev,acc,n_features,selected_rate,execution_time
knn,"[0.2431818181818182, 0.3738636363636364, 0.35113636363636364, 0.25227272727272726, 0.14886363636363636, 0.13522727272727272, 0.29318181818181815, 0.1534090909090909, 0.018181818181818177, 0.13522727272727272]",0.018181818181818177,0.21045454545454545,0.10558989159295301,0.8,6.7,0.3045454545454545,4.572939944267273
svc,"[0.3556818181818182, 0.27045454545454545, 0.036363636363636355, 0.6125, 0.0409090909090909, 0.27045454545454545, 0.3647727272727273, 0.4954545454545455, 0.25681818181818183, 0.26590909090909093]",0.036363636363636355,0.29693181818181824,0.1686610570624455,0.7125,8.4,0.38181818181818183,5.466400933265686
