classifier,all_fitness,best,avg,std_dev,acc,n_features,selected_rate,execution_time
knn,"[0.27954545454545454, 0.28863636363636364, 0.27954545454545454, 0.4102272727272727, 0.20340909090909087, 0.3875, 0.6170454545454546, 0.28863636363636364, 0.39204545454545453, 0.3875]",0.20340909090909087,0.3534090909090909,0.10878983074133021,0.675,13.4,0.609090909090909,1.0465660333633422
svc,"[0.27045454545454545, 0.28863636363636364, 0.17159090909090907, 0.18068181818181817, 0.6306818181818181, 0.17613636363636362, 0.30227272727272725, 0.5136363636363637, 0.3875, 0.16704545454545452]",0.16704545454545452,0.3088636363636364,0.1505369178519463,0.725,13.5,0.6136363636363636,1.3323550939559936
