classifier,all_fitness,best,avg,std_dev,acc,n_features,selected_rate,execution_time
knn,"[0.26136363636363635, 0.04545454545454544, 0.1534090909090909, 0.1534090909090909, 0.1534090909090909, 0.3784090909090909, 0.16249999999999998, 0.4954545454545455, 0.3784090909090909, 0.27954545454545454]",0.04545454545454544,0.2461363636363636,0.13098206614988392,0.775,9.6,0.43636363636363634,6.91075565814972
svc,"[0.3647727272727273, 0.17159090909090907, 0.3875, 0.5, 0.4909090909090909, 0.07272727272727271, 0.3738636363636364, 0.04999999999999999, 0.4954545454545455, 0.04545454545454544]",0.04545454545454544,0.2952272727272727,0.18087668165615528,0.725,10.5,0.47727272727272724,8.209120225906371
