classifier,all_fitness,best,avg,std_dev,acc,n_features,selected_rate,execution_time
knn,"[0.17159090909090907, 0.275, 0.3965909090909091, 0.06363636363636362, 0.16704545454545452, 0.275, 0.17159090909090907, 0.4863636363636364, 0.6306818181818181, 0.16249999999999998]",0.06363636363636362,0.28,0.16615967999547407,0.75,12.1,0.55,9.194345283508301
svc,"[0.16249999999999998, 0.1852272727272727, 0.28409090909090906, 0.27954545454545454, 0.17159090909090907, 0.06818181818181816, 0.05454545454545453, 0.5045454545454545, 0.1852272727272727, 0.29318181818181815]",0.05454545454545453,0.21886363636363634,0.12347227580538873,0.825,13.5,0.6136363636363635,11.240483856201172
