classifier,all_fitness,best,avg,std_dev,acc,n_features,selected_rate,execution_time
knn,"[0.3784090909090909, 0.24772727272727274, 0.14886363636363636, 0.25681818181818183, 0.1534090909090909]",0.14886363636363636,0.23704545454545456,0.08397596566826342,0.775,7.6,0.34545454545454546,5.963844251632691
svc,"[0.3738636363636364, 0.36022727272727273, 0.26590909090909093, 0.2431818181818182, 0.15795454545454546]",0.15795454545454546,0.2802272727272727,0.07961879735691807,0.725,7.2,0.32727272727272727,7.258699512481689
