classifier,all_fitness,best,avg,std_dev,acc,n_features,selected_rate,execution_time
knn,"[0.16249999999999998, 0.17613636363636362, 0.28863636363636364, 0.04545454545454544, 0.05454545454545453, 0.3875, 0.3965909090909091, 0.16704545454545452, 0.17159090909090907, 0.04999999999999999]",0.04545454545454544,0.19,0.12331697549924338,0.85,12.1,0.5499999999999999,9.164027690887451
svc,"[0.1852272727272727, 0.28409090909090906, 0.06363636363636362, 0.28409090909090906, 0.27045454545454545, 0.18977272727272726, 0.6125, 0.275, 0.1534090909090909, 0.4011363636363636]",0.06363636363636362,0.2719318181818181,0.14306998699128323,0.7625,12.8,0.5818181818181819,11.168297576904298
