classifier,all_fitness,best,avg,std_dev,acc,n_features,selected_rate,execution_time
knn,"[0.1852272727272727, 0.4056818181818182, 0.19886363636363635, 0.1852272727272727, 0.30227272727272725, 0.5272727272727272, 0.3159090909090909, 0.30227272727272725, 0.18068181818181817, 0.31136363636363634]",0.18068181818181817,0.29147727272727275,0.10644185401017763,0.7625,17.1,0.7772727272727271,0.46868979930877686
svc,"[0.17613636363636362, 0.20340909090909087, 0.4193181818181818, 0.6352272727272728, 0.6443181818181818, 0.18977272727272726, 0.32045454545454544, 0.4284090909090909, 0.4329545454545455, 0.4329545454545455]",0.17613636363636362,0.38829545454545455,0.16009105266887375,0.6625,18.6,0.8454545454545455,0.5776552438735962
