classifier,all_fitness,best,avg,std_dev,acc,n_features,selected_rate,execution_time
knn,"[0.5349999999999999, 0.5425, 0.5225, 0.5549999999999999, 0.475]",0.475,0.526,0.027595289453093245,0.51,6.8,0.85,54.36586518287659
svc,"[0.5575, 0.6025, 0.5149999999999999, 0.36250000000000004, 0.4525]",0.36250000000000004,0.49800000000000005,0.08388086790204306,0.5133333333333333,4.8,0.6,186.98142156600952
