classifier,all_fitness,best,avg,std_dev,acc,n_features,selected_rate,execution_time
knn,"[0.655, 0.5075000000000001, 0.52, 0.5675, 0.5375, 0.3925, 0.5975, 0.55, 0.5099999999999999, 0.58]",0.3925,0.54175,0.06563202343368671,0.4966666666666667,7.1,0.8875,52.78272967338562
svc,"[0.49, 0.52, 0.5075000000000001, 0.5125, 0.46, 0.405, 0.44499999999999995, 0.49, 0.52, 0.5049999999999999]",0.405,0.48549999999999993,0.03575611835756225,0.5633333333333334,7.4,0.925,167.11743338108062
