classifier,all_fitness,best,avg,std_dev,acc,n_features,selected_rate,execution_time
knn,"[0.43775, 0.48724999999999996, 0.48849999999999993, 0.5215, 0.5874999999999999]",0.43775,0.5045,0.049370284584960594,0.5,7.6,0.95,27.647175884246828
svc,"[0.5177499999999999, 0.43775, 0.37300000000000005, 0.47200000000000003, 0.5215]",0.37300000000000005,0.46440000000000003,0.05518799688338032,0.54,7.2,0.9,97.23077964782715
