classifier,all_fitness,best,avg,std_dev,acc,n_features,selected_rate,execution_time
knn,"[0.5549999999999999, 0.45499999999999996, 0.5825, 0.565, 0.585, 0.43, 0.48250000000000004, 0.49249999999999994, 0.475, 0.58]",0.43,0.5202499999999999,0.05611873573059179,0.515,6.7,0.8375,56.33684470653534
svc,"[0.525, 0.475, 0.41999999999999993, 0.5525, 0.5349999999999999, 0.575, 0.44999999999999996, 0.44999999999999996, 0.5349999999999999, 0.425]",0.41999999999999993,0.49424999999999997,0.05364291658737433,0.5383333333333333,6.3,0.7875,196.484925198555
