classifier,all_fitness,best,avg,std_dev,acc,n_features,selected_rate,execution_time
knn,"[0.46, 0.44499999999999995, 0.415, 0.565, 0.5075000000000001, 0.61, 0.475, 0.55, 0.5225, 0.565]",0.415,0.5115000000000001,0.05896185207403173,0.54,7.8,0.975,3.2332049131393434
svc,"[0.38499999999999995, 0.52, 0.4, 0.44499999999999995, 0.55, 0.655, 0.5975, 0.58, 0.5349999999999999, 0.49]",0.38499999999999995,0.51575,0.08241700370675946,0.5366666666666666,7.9,0.9875,10.144139218330384
