classifier,best,avg,std_dev,acc,n_features,selected_rate,execution_time
knn,0.38949999999999996,0.5176999999999999,0.07814112233644974,0.4866666666666667,7.6,0.95,5.449106740951538
svc,0.34,0.45219999999999994,0.06120588207027162,0.5533333333333333,8.0,1.0,14.347312879562377
