classifier,all_fitness,best,avg,std_dev,acc,n_features,selected_rate,execution_time
knn,"[0.5049999999999999, 0.5675, 0.52, 0.49, 0.595, 0.61, 0.5225, 0.5700000000000001, 0.49, 0.5075000000000001]",0.49,0.5377500000000001,0.041854659238847,0.5066666666666666,7.5,0.9375,28.739628267288207
svc,"[0.595, 0.49, 0.52, 0.5349999999999999, 0.5975, 0.49, 0.6249999999999999, 0.565, 0.715, 0.43249999999999994]",0.43249999999999994,0.5565,0.07685375722760729,0.49000000000000005,7.8,0.975,99.62609994411469
