classifier,all_fitness,best,avg,std_dev,acc,n_features,selected_rate,execution_time
knn,"[0.48724999999999996, 0.5685, 0.55325, 0.505, 0.46950000000000003]",0.46950000000000003,0.5166999999999999,0.038081951105477775,0.4866666666666667,6.8,0.85,114.84130849838257
svc,"[0.42125, 0.5367500000000001, 0.52025, 0.45424999999999993, 0.5874999999999999]",0.42125,0.504,0.05938265740096176,0.5,7.2,0.9,384.8022656917572
