classifier,best,avg,std_dev,acc,n_features,selected_rate,execution_time
knn,0.47075,0.5172000000000001,0.02430195465389566,0.4866666666666667,7.2,0.9,27.040287017822266
svc,0.43775,0.5144,0.06193516771592696,0.49000000000000005,7.6,0.95,92.34289722442627
