classifier,all_fitness,best,avg,std_dev,acc,n_features,selected_rate,execution_time
knn,"[0.6425000000000001, 0.5225, 0.46499999999999997, 0.41999999999999993, 0.5999999999999999, 0.565, 0.5349999999999999, 0.495, 0.72, 0.475]",0.41999999999999993,0.5439999999999998,0.0857773280068807,0.48999999999999994,6.8,0.85,26.391563129425048
svc,"[0.44999999999999996, 0.44999999999999996, 0.5399999999999999, 0.635, 0.4, 0.4, 0.5675, 0.5675, 0.55, 0.61]",0.4,0.517,0.08102314484145873,0.52,6.8,0.85,87.67861354351044
