classifier,all_fitness,best,avg,std_dev,acc,n_features,selected_rate,execution_time
knn,"[0.5049999999999999, 0.5525, 0.49, 0.44499999999999995, 0.475]",0.44499999999999995,0.49349999999999994,0.03555277766926236,0.56,7.8,0.975,3.9745277404785155
svc,"[0.4775, 0.5525, 0.595, 0.6699999999999999, 0.4475]",0.4475,0.5485,0.08022780066784828,0.49333333333333335,7.4,0.925,14.016106367111206
