classifier,all_fitness,best,avg,std_dev,acc,n_features,selected_rate,execution_time
knn,"[0.43775, 0.48724999999999996, 0.439, 0.406, 0.571]",0.406,0.46820000000000006,0.05758372165812138,0.5366666666666667,7.6,0.95,160.78961701393126
svc,"[0.354, 0.34, 0.45424999999999993, 0.48849999999999993, 0.6205]",0.34,0.45145,0.10185877478155723,0.5533333333333333,7.4,0.925,628.9869190692901
