classifier,all_fitness,best,avg,std_dev,acc,n_features,selected_rate,execution_time
knn,"[0.5215, 0.5672499999999999, 0.505, 0.3857499999999999, 0.439]",0.3857499999999999,0.48369999999999996,0.06396159003652113,0.5199999999999999,6.8,0.85,166.1558144569397
svc,"[0.5215, 0.439, 0.5025, 0.47075, 0.55325]",0.439,0.4974,0.039615211724790766,0.5066666666666667,7.2,0.9,642.6899478912353
