classifier,all_fitness,best,avg,std_dev,acc,n_features,selected_rate,execution_time
knn,"[0.5675, 0.595, 0.565, 0.565, 0.5375, 0.48, 0.5700000000000001, 0.5049999999999999, 0.5099999999999999, 0.49]",0.48,0.5385,0.03760319135392635,0.5016666666666667,7.2,0.9,37.23349504470825
svc,"[0.49, 0.5675, 0.525, 0.4175, 0.55, 0.5675, 0.44, 0.49, 0.525, 0.46249999999999997]",0.4175,0.5035000000000001,0.049751884386423,0.5349999999999999,6.8,0.85,127.38316850662231
