classifier,all_fitness,best,avg,std_dev,acc,n_features,selected_rate,execution_time
knn,"[0.49749999999999994, 0.49749999999999994, 0.4175, 0.565, 0.46249999999999997, 0.5425, 0.41999999999999993, 0.525, 0.52, 0.6449999999999999]",0.4175,0.50925,0.06469205901808968,0.5216666666666667,6.3,0.7875,53.16647348403931
svc,"[0.44499999999999995, 0.48, 0.52, 0.4775, 0.49, 0.49, 0.475, 0.52, 0.40249999999999997, 0.5]",0.40249999999999997,0.48,0.03326033673912519,0.5666666666666667,7.2,0.9,168.3762949705124
