classifier,best,avg,std_dev,acc,n_features,selected_rate,execution_time
knn,0.37300000000000005,0.45194999999999996,0.07024535571836758,0.5533333333333333,7.8,0.975,27.4558837890625
svc,0.47200000000000003,0.505,0.023334523779156072,0.5,8.0,1.0,94.55528421401978
