classifier,all_fitness,best,avg,std_dev,acc,n_features,selected_rate,execution_time
knn,"[0.45424999999999993, 0.505, 0.604, 0.439, 0.48849999999999993]",0.439,0.49815000000000004,0.057914074282509255,0.5066666666666666,7.8,0.975,27.03413405418396
svc,"[0.4225, 0.48849999999999993, 0.67, 0.38949999999999996, 0.5215]",0.38949999999999996,0.4984,0.09767108067386172,0.5066666666666666,8.0,1.0,93.15729784965515
