classifier,all_fitness,best,avg,std_dev,acc,n_features,selected_rate,execution_time
knn,"[0.46499999999999997, 0.5549999999999999, 0.565, 0.46, 0.5075000000000001, 0.6699999999999999, 0.4775, 0.5525, 0.565, 0.565]",0.46,0.5382499999999999,0.06009419689121402,0.5033333333333333,7.3,0.9125,5.918138432502746
svc,"[0.5349999999999999, 0.5349999999999999, 0.5049999999999999, 0.5225, 0.44499999999999995, 0.6124999999999999, 0.52, 0.5349999999999999, 0.5399999999999999, 0.49]",0.44499999999999995,0.5239999999999999,0.040283371259118815,0.5233333333333333,7.6,0.95,18.67758674621582
