classifier,all_fitness,best,avg,std_dev,acc,n_features,selected_rate,execution_time
knn,"[0.605, 0.49749999999999994, 0.365, 0.48250000000000004, 0.48250000000000004, 0.48250000000000004, 0.5425, 0.46749999999999997, 0.5725, 0.5275]",0.365,0.5025000000000001,0.062439971172318774,0.5083333333333333,4.8,0.6,110.29008765220642
svc,"[0.46749999999999997, 0.5525, 0.6175, 0.4375, 0.42250000000000004, 0.585, 0.6449999999999999, 0.525, 0.4525, 0.46499999999999997]",0.42250000000000004,0.517,0.07549668866910653,0.5033333333333333,5.6,0.7,384.2749438524246
