classifier,all_fitness,best,avg,std_dev,acc,n_features,selected_rate,execution_time
knn,"[0.5675, 0.48250000000000004, 0.5825, 0.34249999999999997, 0.61]",0.34249999999999997,0.517,0.09708758932015978,0.5199999999999999,6.8,0.85,27.573383617401124
svc,"[0.5375, 0.495, 0.5, 0.45499999999999996, 0.48499999999999993]",0.45499999999999996,0.49449999999999994,0.026570660511172857,0.5199999999999999,5.0,0.625,98.4431308746338
