classifier,all_fitness,best,avg,std_dev,acc,n_features,selected_rate,execution_time
knn,"[0.48724999999999996, 0.47200000000000003, 0.37175, 0.439, 0.45549999999999996]",0.37175,0.44509999999999994,0.040064510479974655,0.5599999999999999,7.6,0.95,27.398770904541017
svc,"[0.43775, 0.45549999999999996, 0.6345000000000001, 0.67, 0.34]",0.34,0.50755,0.1250284367654015,0.4966666666666667,7.4,0.925,90.86070494651794
