classifier,all_fitness,best,avg,std_dev,acc,n_features,selected_rate,execution_time
knn,"[0.5825, 0.41000000000000003, 0.495, 0.5375, 0.5349999999999999, 0.46749999999999997, 0.58, 0.5575, 0.46499999999999997, 0.49749999999999994]",0.41000000000000003,0.5127499999999998,0.05284943235267527,0.5149999999999999,6.1,0.7625,27.27318618297577
svc,"[0.565, 0.595, 0.5125, 0.41999999999999993, 0.4525, 0.6124999999999999, 0.6124999999999999, 0.5425, 0.5675, 0.5525]",0.41999999999999993,0.54325,0.06147204649269454,0.48666666666666664,6.5,0.8125,92.70613448619842
