classifier,all_fitness,best,avg,std_dev,acc,n_features,selected_rate,execution_time
knn,"[0.45499999999999996, 0.585, 0.41000000000000003, 0.38, 0.44]",0.38,0.454,0.07038465741907107,0.5566666666666666,4.4,0.55,169.0370310306549
svc,"[0.425, 0.5, 0.5575, 0.5, 0.5175]",0.425,0.5,0.04298255460067491,0.5,4.0,0.5,651.2323142051697
