classifier,all_fitness,best,avg,std_dev,acc,n_features,selected_rate,execution_time
knn,"[0.55, 0.49249999999999994, 0.58, 0.5349999999999999, 0.61]",0.49249999999999994,0.5534999999999999,0.039924929555354274,0.49333333333333335,7.8,0.975,28.29847321510315
svc,"[0.55, 0.61, 0.5049999999999999, 0.41999999999999993, 0.49249999999999994]",0.41999999999999993,0.5155,0.06305553108173782,0.53,7.4,0.925,92.09292092323304
