classifier,all_fitness,best,avg,std_dev,acc,n_features,selected_rate,execution_time
knn,"[0.4475, 0.5349999999999999, 0.5349999999999999, 0.52, 0.58, 0.5675, 0.5075000000000001, 0.5525, 0.61, 0.5225]",0.4475,0.53775,0.04210774869308497,0.5066666666666667,7.5,0.9375,28.645490527153015
svc,"[0.5825, 0.52, 0.49, 0.46499999999999997, 0.5375, 0.5525, 0.4775, 0.565, 0.44499999999999995, 0.5825]",0.44499999999999995,0.5217499999999999,0.04746116833791601,0.5216666666666667,7.3,0.9125,96.86665902137756
