classifier,all_fitness,best,avg,std_dev,acc,n_features,selected_rate,execution_time
knn,"[0.49249999999999994, 0.5225, 0.525, 0.5349999999999999, 0.5349999999999999, 0.5375, 0.49, 0.5349999999999999, 0.5049999999999999, 0.5225]",0.49,0.5199999999999999,0.017029386365926397,0.525,7.4,0.925,4.871974468231201
svc,"[0.565, 0.475, 0.6124999999999999, 0.5349999999999999, 0.5675, 0.58, 0.5525, 0.46, 0.58, 0.5825]",0.46,0.5509999999999999,0.04608687448721163,0.49333333333333335,7.6,0.95,14.877805376052857
