classifier,all_fitness,best,avg,std_dev,acc,n_features,selected_rate,execution_time
knn,"[0.45424999999999993, 0.5367500000000001, 0.48849999999999993, 0.45549999999999996, 0.5215]",0.45424999999999993,0.49129999999999996,0.03358548793750066,0.5133333333333333,7.6,0.95,114.71042613983154
svc,"[0.571, 0.5189999999999999, 0.48849999999999993, 0.571, 0.47075]",0.47075,0.5240499999999999,0.04132505293402538,0.4800000000000001,7.4,0.925,376.68078031539915
