classifier,all_fitness,best,avg,std_dev,acc,n_features,selected_rate,execution_time
knn,"[0.47075, 0.48849999999999993, 0.48724999999999996, 0.5215, 0.5215]",0.47075,0.4979,0.020262403608654125,0.5066666666666667,7.6,0.95,6.113069820404053
svc,"[0.5215, 0.5545, 0.604, 0.571, 0.439]",0.439,0.538,0.05619697500755711,0.4666666666666667,8.0,1.0,8.255181455612183
