classifier,best,avg,std_dev,acc,n_features,selected_rate,execution_time
knn,0.38825,0.4709999999999999,0.05945208154471969,0.5333333333333334,7.2,0.9,27.277392578125
svc,0.38699999999999996,0.5067999999999999,0.10173966778007483,0.4966666666666667,6.8,0.85,100.58076186180115
