classifier,all_fitness,best,avg,std_dev,acc,n_features,selected_rate,execution_time
knn,"[0.48849999999999993, 0.48849999999999993, 0.406, 0.5189999999999999, 0.47075]",0.406,0.47454999999999997,0.03762592191561553,0.53,7.4,0.925,50.47974514961243
svc,"[0.48849999999999993, 0.45549999999999996, 0.50375, 0.5215, 0.32225000000000004]",0.32225000000000004,0.45830000000000004,0.07139947478798424,0.5466666666666666,7.6,0.95,162.2451916217804
