classifier,best,avg,std_dev,acc,n_features,selected_rate,execution_time
knn,0.4225,0.47505,0.026279459659589638,0.53,7.8,0.975,38.54908061027527
svc,0.43775,0.5077999999999999,0.04865321161033461,0.4966666666666667,7.6,0.95,127.27332582473755
