classifier,all_fitness,best,avg,std_dev,acc,n_features,selected_rate,execution_time
knn,"[0.52, 0.6249999999999999, 0.5975, 0.44499999999999995, 0.5049999999999999]",0.44499999999999995,0.5385,0.06506919393998976,0.51,7.8,0.975,2.8381130695343018
svc,"[0.49, 0.475, 0.5349999999999999, 0.58, 0.655]",0.475,0.547,0.06531462317123174,0.5033333333333333,8.0,1.0,10.018144130706787
