classifier,all_fitness,best,avg,std_dev,acc,n_features,selected_rate,execution_time
knn,"[0.585, 0.63, 0.46499999999999997, 0.5275, 0.5525]",0.46499999999999997,0.5519999999999999,0.05539404300103036,0.47000000000000003,6.0,0.75,28.115732526779176
svc,"[0.5125, 0.5049999999999999, 0.5399999999999999, 0.5275, 0.6325]",0.5049999999999999,0.5434999999999999,0.046113989200675325,0.4766666666666667,5.8,0.725,97.27498593330384
