classifier,all_fitness,best,avg,std_dev,acc,n_features,selected_rate,execution_time
knn,"[0.48724999999999996, 0.47200000000000003, 0.5367500000000001, 0.3565, 0.50375]",0.3565,0.47125000000000006,0.06127091479650033,0.5333333333333333,7.4,0.925,59.242227506637576
svc,"[0.4847499999999999, 0.5545, 0.5367500000000001, 0.48849999999999993, 0.505]",0.4847499999999999,0.5138999999999999,0.02736631140654513,0.49000000000000005,7.2,0.9,182.76066341400147
