classifier,all_fitness,best,avg,std_dev,acc,n_features,selected_rate,execution_time
knn,"[0.4525, 0.42250000000000004, 0.5549999999999999, 0.5275, 0.44499999999999995, 0.475, 0.49749999999999994, 0.525, 0.545, 0.5399999999999999]",0.42250000000000004,0.49850000000000005,0.04464022849403886,0.5266666666666666,5.8,0.725,26.847444319725035
svc,"[0.6124999999999999, 0.46499999999999997, 0.5725, 0.4375, 0.5399999999999999, 0.4875, 0.46499999999999997, 0.53, 0.525, 0.4475]",0.4375,0.50825,0.05442942678368016,0.5116666666666666,5.5,0.6875,93.35542969703674
