classifier,best,avg,std_dev,acc,n_features,selected_rate,execution_time
knn,0.37175,0.4910500000000001,0.07754763052472977,0.5133333333333333,7.4,0.925,27.01726303100586
svc,0.40475000000000005,0.4715,0.04437144351945289,0.5333333333333334,7.6,0.95,89.10193815231324
