classifier,all_fitness,best,avg,std_dev,acc,n_features,selected_rate,execution_time
knn,"[0.5425, 0.5425, 0.4525, 0.5575, 0.53]",0.4525,0.525,0.03728270376461449,0.4833333333333333,4.8,0.6,104.87898254394531
svc,"[0.4075, 0.49749999999999994, 0.5624999999999999, 0.45499999999999996, 0.5125]",0.4075,0.48699999999999993,0.05254521862167858,0.52,4.4,0.55,385.7271137714386
