classifier,all_fitness,best,avg,std_dev,acc,n_features,selected_rate,execution_time
knn,"[0.49249999999999994, 0.4775, 0.375, 0.495, 0.61, 0.49249999999999994, 0.5525, 0.5999999999999999, 0.5049999999999999, 0.49249999999999994]",0.375,0.50925,0.06352214180897868,0.5299999999999999,6.9,0.8625,27.67891743183136
svc,"[0.5525, 0.5049999999999999, 0.55, 0.5349999999999999, 0.6249999999999999, 0.6325, 0.5900000000000001, 0.5399999999999999, 0.47000000000000003, 0.5525]",0.47000000000000003,0.5552499999999999,0.047453266483984,0.47333333333333333,6.5,0.8125,92.30692069530487
