classifier,all_fitness,best,avg,std_dev,acc,n_features,selected_rate,execution_time
knn,"[0.48250000000000004, 0.3475, 0.43500000000000005, 0.4775, 0.45499999999999996]",0.3475,0.43950000000000006,0.04902550356702112,0.5866666666666667,5.4,0.675,38.00025110244751
svc,"[0.48250000000000004, 0.4724999999999999, 0.525, 0.5549999999999999, 0.44]",0.44,0.495,0.04046603514059661,0.5166666666666666,4.8,0.6,131.47470054626464
