classifier,all_fitness,best,avg,std_dev,acc,n_features,selected_rate,execution_time
knn,"[0.45424999999999993, 0.467, 0.50375, 0.38825, 0.4225]",0.38825,0.44715,0.039306042792425715,0.5566666666666668,6.6,0.825,53.277132511138916
svc,"[0.48599999999999993, 0.3692500000000001, 0.47200000000000003, 0.56975, 0.571]",0.3692500000000001,0.4936,0.07453432095350432,0.51,6.8,0.85,182.95674176216124
