classifier,best,avg,std_dev,acc,n_features,selected_rate,execution_time
knn,0.43775,0.5035000000000001,0.04245792034473663,0.5,6.8,0.85,105.30975728034973
svc,0.43775,0.5006999999999999,0.05691076348108501,0.5033333333333333,7.2,0.9,360.93862853050234
