classifier,all_fitness,best,avg,std_dev,acc,n_features,selected_rate,execution_time
knn,"[0.5675, 0.4375, 0.48, 0.49249999999999994, 0.525, 0.49749999999999994, 0.5675, 0.55, 0.52, 0.4375]",0.4375,0.5075,0.04511097427455985,0.525,6.4,0.8,39.60368254184723
svc,"[0.4775, 0.49249999999999994, 0.49, 0.4175, 0.46749999999999997, 0.5399999999999999, 0.5725, 0.5075000000000001, 0.495, 0.4475]",0.4175,0.49074999999999996,0.04166908326325407,0.5449999999999999,6.5,0.8125,134.83998854160308
