classifier,all_fitness,best,avg,std_dev,acc,n_features,selected_rate,execution_time
knn,"[0.5399999999999999, 0.5, 0.5099999999999999, 0.44999999999999996, 0.48250000000000004]",0.44999999999999996,0.4965,0.02981610303175113,0.5233333333333333,5.4,0.675,26.396726989746092
svc,"[0.585, 0.5, 0.5125, 0.47000000000000003, 0.6025]",0.47000000000000003,0.534,0.05100490172522638,0.47333333333333333,4.8,0.6,94.15947165489197
