classifier,all_fitness,best,avg,std_dev,acc,n_features,selected_rate,execution_time
knn,"[0.5215, 0.505, 0.50375, 0.406, 0.406]",0.406,0.4684500000000001,0.05137372869473266,0.5366666666666667,7.8,0.975,38.140575361251834
svc,"[0.4225, 0.571, 0.47200000000000003, 0.5874999999999999, 0.47200000000000003]",0.4225,0.505,0.0634767674035154,0.5,8.0,1.0,127.57254457473755
