classifier,all_fitness,best,avg,std_dev,acc,n_features,selected_rate,execution_time
knn,"[0.5215, 0.571, 0.38949999999999996, 0.6205, 0.47200000000000003]",0.38949999999999996,0.5149,0.07988454168360737,0.49000000000000005,8.0,1.0,28.500305366516113
svc,"[0.37300000000000005, 0.538, 0.538, 0.439, 0.3235]",0.3235,0.4423,0.08630619908210534,0.5633333333333335,8.0,1.0,96.32240381240845
