classifier,best,avg,std_dev,acc,n_features,selected_rate,execution_time
knn,0.3235,0.44535,0.08278701589017447,0.56,7.8,0.975,27.230941486358642
svc,0.37300000000000005,0.48495,0.09472043074226384,0.52,7.8,0.975,88.96132884025573
