classifier,all_fitness,best,avg,std_dev,acc,n_features,selected_rate,execution_time
knn,"[0.47200000000000003, 0.505, 0.55325, 0.45549999999999996, 0.47200000000000003]",0.45549999999999996,0.49155000000000004,0.034790228513190316,0.5133333333333333,7.8,0.975,26.940213012695313
svc,"[0.406, 0.538, 0.439, 0.42125, 0.38949999999999996]",0.38949999999999996,0.43875000000000003,0.0522589705218157,0.5666666666666667,7.8,0.975,89.5852424144745
