classifier,best,avg,std_dev,acc,n_features,selected_rate,execution_time
knn,0.38825,0.46159999999999995,0.08425950984903721,0.5433333333333333,7.6,0.95,52.53291764259338
svc,0.37300000000000005,0.45830000000000004,0.04328723830414684,0.5466666666666666,7.6,0.95,183.12575297355653
