classifier,best,avg,std_dev,acc,n_features,selected_rate,execution_time
knn,0.42125,0.5172,0.05877912044255167,0.4866666666666667,7.2,0.9,160.87908277511596
svc,0.4225,0.48495,0.041035472459812136,0.52,7.8,0.975,627.0542897701264
