classifier,all_fitness,best,avg,std_dev,acc,n_features,selected_rate,execution_time
knn,"[0.475, 0.5874999999999999, 0.4775, 0.43500000000000005, 0.48]",0.43500000000000005,0.491,0.05100490172522632,0.5433333333333333,6.4,0.8,28.255088090896606
svc,"[0.5525, 0.5049999999999999, 0.55, 0.475, 0.49249999999999994]",0.475,0.515,0.031104662029991608,0.5333333333333334,7.6,0.95,95.79077200889587
