classifier,all_fitness,best,avg,std_dev,acc,n_features,selected_rate,execution_time
knn,"[0.33875, 0.571, 0.47200000000000003, 0.571, 0.4225]",0.33875,0.47505,0.08917544505075373,0.53,7.8,0.975,30.208929681777953
svc,"[0.42125, 0.5215, 0.48849999999999993, 0.43775, 0.48849999999999993]",0.42125,0.4715,0.036720906851547094,0.5333333333333334,7.6,0.95,86.65704298019409
