classifier,all_fitness,best,avg,std_dev,acc,n_features,selected_rate,execution_time
knn,"[0.5075000000000001, 0.58, 0.58, 0.44499999999999995, 0.565, 0.5349999999999999, 0.5675, 0.595, 0.595, 0.565]",0.44499999999999995,0.5535,0.04420407221060069,0.49333333333333335,7.8,0.975,28.48760552406311
svc,"[0.475, 0.58, 0.6249999999999999, 0.5049999999999999, 0.48, 0.595, 0.615, 0.52, 0.5549999999999999, 0.6275000000000001]",0.475,0.55775,0.05626333175346089,0.48166666666666674,7.3,0.9125,98.15315232276916
