classifier,all_fitness,best,avg,std_dev,acc,n_features,selected_rate,execution_time
knn,"[0.50375, 0.3565, 0.52025, 0.5215, 0.5215]",0.3565,0.4847,0.06445219158415019,0.52,7.6,0.95,26.533365106582643
svc,"[0.50375, 0.40475000000000005, 0.4225, 0.45424999999999993, 0.47075]",0.40475000000000005,0.45120000000000005,0.035026561349924136,0.5533333333333333,7.2,0.9,88.86927094459534
