classifier,all_fitness,best,avg,std_dev,acc,n_features,selected_rate,execution_time
knn,"[0.4775, 0.715, 0.6124999999999999, 0.49249999999999994, 0.55, 0.55, 0.46, 0.52, 0.495, 0.6124999999999999]",0.46,0.5485,0.07456708389095015,0.49333333333333335,7.4,0.925,28.443207240104677
svc,"[0.5675, 0.44499999999999995, 0.43, 0.4775, 0.43249999999999994, 0.5225, 0.525, 0.55, 0.52, 0.46]",0.43,0.49300000000000005,0.04762877281643945,0.5549999999999999,7.4,0.925,94.0066081047058
