classifier,all_fitness,best,avg,std_dev,acc,n_features,selected_rate,execution_time
knn,"[0.3450000000000001, 0.4775, 0.5725, 0.48499999999999993, 0.41999999999999993, 0.495, 0.525, 0.5475, 0.5275, 0.6175]",0.3450000000000001,0.50125,0.07339320472632327,0.5166666666666667,5.3,0.6625,160.90741052627564
svc,"[0.48499999999999993, 0.48499999999999993, 0.46499999999999997, 0.4175, 0.44, 0.5125, 0.56, 0.39499999999999996, 0.44, 0.43500000000000005]",0.39499999999999996,0.46349999999999997,0.04622228899567827,0.5516666666666665,4.8,0.6,660.678673696518
