classifier,best,avg,std_dev,acc,n_features,selected_rate,execution_time
knn,0.15120129870129878,0.2642532467532468,0.07216839998095023,0.7428571428571429,42.6,0.9681818181818184,0.9137163639068604
svc,0.221461038961039,0.3202792207792208,0.08469060494747155,0.6857142857142857,40.2,0.9136363636363637,1.150144338607788
