classifier,all_fitness,best,avg,std_dev,acc,n_features,selected_rate,execution_time
knn,"[0.33279220779220775, 0.2928571428571428, 0.12857142857142861, 0.19285714285714287, 0.3305194805194805, 0.27077922077922073, 0.387987012987013, 0.14837662337662333, 0.5301948051948051, 0.39025974025974025]",0.12857142857142861,0.30051948051948046,0.11646635656345336,0.6928571428571428,10.6,0.24090909090909088,8.83095920085907
svc,"[0.32370129870129866, 0.3571428571428571, 0.12857142857142861, 0.2571428571428571, 0.38571428571428573, 0.2594155844155844, 0.45227272727272727, 0.16428571428571426, 0.2594155844155844, 0.2285714285714286]",0.12857142857142861,0.2816233766233766,0.09435203474103773,0.7214285714285714,13.6,0.30909090909090914,20.096693348884582
