classifier,all_fitness,best,avg,std_dev,acc,n_features,selected_rate,execution_time
knn,"[0.2662337662337662, 0.298051948051948, 0.335064935064935, 0.27077922077922073, 0.2571428571428571, 0.335064935064935, 0.22467532467532467, 0.13538961038961042, 0.3970779220779221, 0.27759740259740256]",0.13538961038961042,0.2797077922077922,0.06698678291908945,0.7071428571428571,7.1,0.16136363636363635,6.818669629096985
svc,"[0.13538961038961042, 0.3214285714285714, 0.20422077922077922, 0.2571428571428571, 0.26396103896103895, 0.12857142857142861, 0.19285714285714287, 0.3970779220779221, 0.27305194805194805, 0.13311688311688316]",0.12857142857142861,0.23068181818181815,0.08407288705239643,0.75,2.5,0.05681818181818181,16.51486744880676
