classifier,all_fitness,best,avg,std_dev,acc,n_features,selected_rate,execution_time
knn,"[0.509090909090909, 0.5431818181818182, 0.35032467532467526, 0.17629870129870134, 0.3207792207792207, 0.385064935064935, 0.41753246753246753, 0.15519480519480516, 0.36461038961038955, 0.4675324675324675]",0.15519480519480516,0.36896103896103893,0.12158396890359273,0.6642857142857144,29.4,0.6681818181818182,4.653411483764648
svc,"[0.3577922077922078, 0.22402597402597405, 0.35551948051948046, 0.4191558441558441, 0.29058441558441556, 0.15974025974025968, 0.2194805194805195, 0.35487012987012984, 0.29058441558441556, 0.29058441558441556]",0.15974025974025968,0.2962337662337663,0.07462140910791487,0.7642857142857142,37.0,0.840909090909091,12.054887509346008
