classifier,all_fitness,best,avg,std_dev,acc,n_features,selected_rate,execution_time
knn,"[0.29194805194805196, 0.29285714285714287, 0.2921753246753247, 0.361525974025974, 0.29262987012987013]",0.29194805194805196,0.30622727272727274,0.027651218727496797,0.7,40.6,0.9227272727272726,6.212366104125977
svc,"[0.1498376623376624, 0.2880844155844156, 0.29035714285714287, 0.22055194805194808, 0.36198051948051946]",0.1498376623376624,0.2621623376623377,0.07180365978915144,0.7428571428571428,33.4,0.759090909090909,13.447119760513306
