classifier,all_fitness,best,avg,std_dev,acc,n_features,selected_rate,execution_time
knn,"[0.5040909090909091, 0.006590909090909096, 0.14847402597402604, 0.5013636363636363, 0.28785714285714287]",0.006590909090909096,0.28967532467532464,0.1953785469454371,0.7142857142857143,30.0,0.6818181818181818,10.150120496749878
svc,"[0.22191558441558445, 0.2157792207792208, 0.29262987012987013, 0.29285714285714287, 0.21600649350649354]",0.2157792207792208,0.24783766233766236,0.03673150313629125,0.7571428571428571,32.6,0.740909090909091,25.254503154754637
