classifier,best,avg,std_dev,acc,n_features,selected_rate,execution_time
knn,0.14574675324675332,0.3016363636363636,0.10391772826909049,0.7,20.4,0.46363636363636357,33.510179328918454
svc,0.2141883116883117,0.214461038961039,0.00017007533576245148,0.7857142857142857,10.2,0.23181818181818184,77.65028433799743
