classifier,all_fitness,best,avg,std_dev,acc,n_features,selected_rate,execution_time
knn,"[0.10974025974025971, 0.2155844155844156, 0.2844155844155844, 0.17402597402597406, 0.2844155844155844, 0.31850649350649346, 0.18311688311688315, 0.3253246753246753, 0.23603896103896105, 0.39188311688311683]",0.10974025974025971,0.2523051948051948,0.0800693653254445,0.7714285714285715,20.5,0.46590909090909083,18.022330665588377
svc,"[0.3207792207792207, 0.30941558441558437, 0.2314935064935065, 0.3532467532467532, 0.2633116883116883, 0.39870129870129867, 0.437987012987013, 0.4357142857142857, 0.25876623376623376, 0.36461038961038955]",0.2314935064935065,0.33740259740259737,0.06962810517934004,0.6857142857142857,24.0,0.5454545454545454,48.36879961490631
