classifier,all_fitness,best,avg,std_dev,acc,n_features,selected_rate,execution_time
knn,"[0.21782467532467534, 0.21850649350649354, 0.28785714285714287, 0.14688311688311695, 0.5015909090909091]",0.14688311688311695,0.2745324675324675,0.12196894935949751,0.7285714285714285,25.6,0.5818181818181818,5.525120067596435
svc,"[0.21282467532467533, 0.21305194805194808, 0.2141883116883117, 0.21305194805194808, 0.14211038961038966]",0.14211038961038966,0.19904545454545458,0.028471523976023608,0.8,4.6,0.10454545454545454,13.170361948013305
