classifier,best,avg,std_dev,acc,n_features,selected_rate,execution_time
knn,0.21555194805194808,0.2456103896103896,0.03478948690901914,0.7571428571428571,22.8,0.5181818181818182,5.700095748901367
svc,0.21350649350649353,0.28449350649350647,0.07742256726176983,0.7142857142857143,7.2,0.16363636363636364,12.814814567565918
