classifier,all_fitness,best,avg,std_dev,acc,n_features,selected_rate,execution_time
knn,"[0.24512987012987014, 0.3714285714285714, 0.24058441558441557, 0.17402597402597406, 0.6581168831168831, 0.3873376623376623, 0.2474025974025974, 0.1876623376623377, 0.1626623376623377, 0.23603896103896105]",0.1626623376623377,0.2910389610389611,0.14174762468698404,0.7357142857142855,23.4,0.5318181818181817,17.801196694374084
svc,"[0.4516233766233766, 0.19902597402597405, 0.3873376623376623, 0.2935064935064935, 0.30487012987012985, 0.2724025974025974, 0.3116883116883116, 0.3207792207792207, 0.3873376623376623, 0.43344155844155846]",0.19902597402597405,0.3362012987012987,0.07385007724841522,0.6928571428571428,26.3,0.5977272727272728,42.6775137424469
