classifier,all_fitness,best,avg,std_dev,acc,n_features,selected_rate,execution_time
knn,"[0.29194805194805196, 0.29240259740259744, 0.2917207792207792, 0.15006493506493512, 0.22100649350649354]",0.15006493506493512,0.24942857142857147,0.056787764028557494,0.7571428571428571,39.6,0.9,8.266427993774414
svc,"[0.4333766233766234, 0.2207792207792208, 0.22055194805194808, 0.22123376623376625, 0.2917207792207792]",0.22055194805194808,0.2775324675324676,0.0826147244558346,0.7285714285714285,38.8,0.8818181818181818,15.69516634941101
