classifier,all_fitness,best,avg,std_dev,acc,n_features,selected_rate,execution_time
knn,"[0.5301948051948051, 0.4266233766233766, 0.12857142857142861, 0.27305194805194805, 0.46590909090909094, 0.387987012987013, 0.22467532467532467, 0.40844155844155844, 0.3396103896103896, 0.33279220779220775]",0.12857142857142861,0.35178571428571426,0.11298880894975079,0.6285714285714287,7.7,0.175,6.761676478385925
svc,"[0.19512987012987013, 0.2594155844155844, 0.38571428571428573, 0.3214285714285714, 0.12857142857142861, 0.3214285714285714, 0.2571428571428571, 0.19285714285714287, 0.2571428571428571, 0.26168831168831164]",0.12857142857142861,0.258051948051948,0.07022987698637478,0.7142857142857143,0.4,0.00909090909090909,16.219425082206726
