classifier,all_fitness,best,avg,std_dev,acc,n_features,selected_rate,execution_time
knn,"[0.5983766233766233, 0.41688311688311686, 0.48116883116883113, 0.35032467532467526, 0.410064935064935]",0.35032467532467526,0.4513636363636363,0.08438545916008851,0.6,40.2,0.9136363636363637,0.9744858264923095
svc,"[0.35032467532467526, 0.21720779220779224, 0.48116883116883113, 0.4766233766233766, 0.21720779220779224]",0.21720779220779224,0.3485064935064935,0.11704292826497147,0.7142857142857143,40.2,0.9136363636363637,0.9422813415527344
