classifier,all_fitness,best,avg,std_dev,acc,n_features,selected_rate,execution_time
knn,"[0.3556168831168831, 0.21759740259740262, 0.15120129870129878, 0.2837662337662338, 0.22191558441558445]",0.15120129870129878,0.24601948051948055,0.06901551703909822,0.7571428571428571,24.6,0.5590909090909091,7.082428598403931
svc,"[0.4338311688311689, 0.3631168831168831, 0.15120129870129878, 0.35357142857142854, 0.3633441558441558]",0.15120129870129878,0.3330129870129871,0.09536107138081172,0.6714285714285715,34.0,0.7727272727272728,16.385827350616456
