classifier,all_fitness,best,avg,std_dev,acc,n_features,selected_rate,execution_time
knn,"[0.07480519480519478, 0.35857142857142854, 0.2871753246753247, 0.28740259740259744, 0.36038961038961037]",0.07480519480519478,0.2736688311688312,0.10454351454197432,0.7285714285714286,21.8,0.4954545454545455,33.105435085296634
svc,"[0.3628896103896104, 0.1441558441558442, 0.21441558441558445, 0.28535714285714286, 0.14347402597402603]",0.14347402597402603,0.23005844155844155,0.08464382082653973,0.7714285714285715,16.6,0.3772727272727273,79.11467251777648
