classifier,all_fitness,best,avg,std_dev,acc,n_features,selected_rate,execution_time
knn,"[0.0750324675324675, 0.28694805194805195, 0.14551948051948058, 0.216461038961039, 0.216461038961039]",0.0750324675324675,0.1880844155844156,0.07207912424409897,0.8142857142857143,18.6,0.42272727272727273,34.55930752754212
svc,"[0.15120129870129878, 0.35607142857142854, 0.21441558441558445, 0.21441558441558445, 0.213961038961039]",0.15120129870129878,0.230012987012987,0.06759620680854077,0.7714285714285714,16.4,0.37272727272727274,79.7833894252777
