classifier,all_fitness,best,avg,std_dev,acc,n_features,selected_rate,execution_time
knn,"[0.3782467532467532, 0.5204545454545455, 0.2519480519480519, 0.18993506493506496, 0.3759740259740259, 0.13246753246753243, 0.46071428571428574, 0.1876623376623377, 0.2633116883116883, 0.19220779220779222]",0.13246753246753243,0.2952922077922078,0.12416827781706836,0.7428571428571428,28.1,0.6386363636363637,9.315941882133483
svc,"[0.39188311688311683, 0.32759740259740255, 0.3525974025974026, 0.4584415584415584, 0.39642857142857135, 0.13246753246753243, 0.30941558441558437, 0.25422077922077924, 0.19902597402597405, 0.2633116883116883]",0.13246753246753243,0.30853896103896095,0.09350773921428522,0.7357142857142857,31.1,0.7068181818181818,24.768612217903136
