classifier,best,avg,std_dev,acc,n_features,selected_rate,execution_time
knn,0.21532467532467534,0.3286038961038961,0.11387000841305495,0.6714285714285714,14.6,0.3318181818181818,7.239200115203857
svc,0.1414285714285715,0.2161428571428572,0.06775044242644906,0.7857142857142857,17.6,0.4,12.257147741317748
