classifier,all_fitness,best,avg,std_dev,acc,n_features,selected_rate,execution_time
knn,"[0.6353896103896103, 0.3623376623376623, 0.31850649350649346, 0.48409090909090907, 0.23603896103896105, 0.23376623376623376, 0.2314935064935065, 0.10974025974025971, 0.48863636363636365, 0.3714285714285714]",0.10974025974025971,0.34714285714285714,0.1477955315400113,0.6642857142857144,19.8,0.45,29.70395174026489
svc,"[0.2935064935064935, 0.23376623376623376, 0.2314935064935065, 0.17402597402597406, 0.23376623376623376, 0.2292207792207792, 0.1717532467532468, 0.43344155844155846, 0.22694805194805195, 0.2383116883116883]",0.1717532467532468,0.2466233766233766,0.07020937052292833,0.7714285714285714,18.0,0.40909090909090906,77.99158079624176
