classifier,all_fitness,best,avg,std_dev,acc,n_features,selected_rate,execution_time
knn,"[0.18311688311688315, 0.31396103896103894, 0.06818181818181816, 0.3805194805194805, 0.4516233766233766]",0.06818181818181816,0.27948051948051944,0.1378143916436351,0.7571428571428571,26.8,0.6090909090909091,9.475304412841798
svc,"[0.42435064935064937, 0.30487012987012985, 0.1785714285714286, 0.047727272727272715, 0.3623376623376623]",0.047727272727272715,0.26357142857142857,0.13499926600376413,0.7571428571428571,19.8,0.45,24.424416637420656
