classifier,all_fitness,best,avg,std_dev,acc,n_features,selected_rate,execution_time
knn,"[0.35652597402597397, 0.2846753246753247, 0.2858116883116883, 0.14438311688311695, 0.35652597402597397]",0.14438311688311695,0.28558441558441555,0.07746495243959167,0.7142857142857143,12.0,0.2727272727272727,20.799775743484496
svc,"[0.28285714285714286, 0.4242857142857143, 0.35357142857142854, 0.35357142857142854, 0.1414285714285715]",0.1414285714285715,0.3111428571428571,0.09592152404705734,0.6857142857142857,0.0,0.0,44.67202382087707
