classifier,all_fitness,best,avg,std_dev,acc,n_features,selected_rate,execution_time
knn,"[0.3389610389610389, 0.3896103896103896, 0.3759740259740259, 0.2155844155844156, 0.42435064935064937]",0.2155844155844156,0.34889610389610387,0.0720485490635464,0.6714285714285714,23.4,0.5318181818181817,5.029742765426636
svc,"[0.34577922077922074, 0.41688311688311686, 0.22402597402597405, 0.35487012987012984, 0.4788961038961039]",0.22402597402597405,0.3640909090909091,0.08485962136474758,0.7,41.4,0.9409090909090908,12.57479648590088
