classifier,all_fitness,best,avg,std_dev,acc,n_features,selected_rate,execution_time
knn,"[0.13993506493506497, 0.3668831168831168, 0.335064935064935, 0.20876623376623377, 0.387987012987013, 0.35551948051948046, 0.32759740259740255, 0.2798701298701298, 0.3071428571428571, 0.15129870129870132]",0.13993506493506497,0.28600649350649354,0.08476034120420027,0.7142857142857143,12.7,0.28863636363636364,6.544818162918091
svc,"[0.5142857142857142, 0.19512987012987013, 0.12857142857142861, 0.13084415584415587, 0.12857142857142861, 0.20194805194805196, 0.30032467532467527, 0.3214285714285714, 0.38571428571428573, 0.22012987012987012]",0.12857142857142861,0.25269480519480514,0.1207175036073061,0.7285714285714285,3.7,0.08409090909090908,12.785814189910889
