classifier,all_fitness,best,avg,std_dev,acc,n_features,selected_rate,execution_time
knn,"[0.009772727272727282, 0.2216883116883117, 0.2216883116883117, 0.2207792207792208, 0.22191558441558445]",0.009772727272727282,0.17916883116883117,0.0846989514682913,0.8285714285714285,41.6,0.9454545454545455,0.9440305709838868
svc,"[0.15051948051948058, 0.22123376623376625, 0.07935064935064934, 0.29194805194805196, 0.2921753246753247]",0.07935064935064934,0.2070454545454546,0.08265349724715236,0.8,39.8,0.9045454545454545,1.0465601921081542
