classifier,all_fitness,best,avg,std_dev,acc,n_features,selected_rate,execution_time
knn,"[0.42951298701298707, 0.14574675324675332, 0.35902597402597397, 0.14506493506493512, 0.1464285714285715]",0.14506493506493512,0.2451558441558442,0.12377511415245877,0.7571428571428571,20.8,0.4727272727272728,10.36323947906494
svc,"[0.36357142857142855, 0.35357142857142854, 0.29240259740259744, 0.36357142857142855, 0.2921753246753247]",0.2921753246753247,0.33305844155844155,0.03348789124208115,0.6714285714285715,34.2,0.7772727272727272,21.816826152801514
