classifier,all_fitness,best,avg,std_dev,acc,n_features,selected_rate,execution_time
knn,"[0.3207792207792207, 0.39188311688311683, 0.462987012987013, 0.2792207792207792, 0.3344155844155844, 0.21493506493506498, 0.32759740259740255, 0.2724025974025974, 0.40779220779220776, 0.46525974025974026]",0.21493506493506498,0.3477272727272727,0.07871820036248488,0.7,34.2,0.7772727272727271,5.265434002876281
svc,"[0.5340909090909091, 0.5340909090909091, 0.40779220779220776, 0.3435064935064935, 0.26785714285714285, 0.2883116883116883, 0.39642857142857135, 0.4720779220779221, 0.20811688311688314, 0.3321428571428571]",0.20811688311688314,0.37844155844155847,0.10541965307847664,0.6714285714285714,36.4,0.8272727272727274,12.166083359718323
