classifier,all_fitness,best,avg,std_dev,acc,n_features,selected_rate,execution_time
knn,"[0.2292207792207792, 0.32824675324675323, 0.2912337662337662, 0.15129870129870132, 0.22012987012987012]",0.15129870129870132,0.24402597402597404,0.061172346660497645,0.7571428571428571,11.2,0.2545454545454545,6.091502523422241
svc,"[0.3571428571428571, 0.35487012987012984, 0.19285714285714287, 0.19285714285714287, 0.12857142857142861]",0.12857142857142861,0.24525974025974023,0.09342429648412512,0.7714285714285715,17.4,0.39545454545454545,12.451599311828613
