classifier,all_fitness,best,avg,std_dev,acc,n_features,selected_rate,execution_time
knn,"[0.27077922077922073, 0.3344155844155844, 0.3321428571428571, 0.13701298701298698, 0.13993506493506497, 0.40162337662337666, 0.27305194805194805, 0.3948051948051948, 0.14220779220779226, 0.15129870129870132]",0.13701298701298698,0.25772727272727275,0.1021954769061935,0.7499999999999998,14.4,0.32727272727272727,8.683477759361267
svc,"[0.19285714285714287, 0.2571428571428571, 0.2928571428571428, 0.2594155844155844, 0.26168831168831164, 0.4214285714285714, 0.2594155844155844, 0.26168831168831164, 0.38571428571428573, 0.19512987012987013]",0.19285714285714287,0.2787337662337662,0.06940040441214107,0.7142857142857142,9.5,0.2159090909090909,20.743306612968446
