classifier,all_fitness,best,avg,std_dev,acc,n_features,selected_rate,execution_time
knn,"[0.15120129870129878, 0.3631168831168831, 0.22191558441558445, 0.29194805194805196, 0.221461038961039]",0.15120129870129878,0.24992857142857144,0.07199921231836146,0.7571428571428571,41.8,0.95,2.4573461055755614
svc,"[0.29285714285714287, 0.22123376623376625, 0.29194805194805196, 0.4331493506493507, 0.22100649350649354]",0.22100649350649354,0.29203896103896104,0.07742326110039412,0.7142857142857142,40.4,0.9181818181818182,1.1257761478424073
