classifier,all_fitness,best,avg,std_dev,acc,n_features,selected_rate,execution_time
knn,"[0.26785714285714285, 0.46071428571428574, 0.2724025974025974, 0.2701298701298701, 0.32305194805194803, 0.3435064935064935, 0.5272727272727272, 0.3344155844155844, 0.3389610389610389, 0.3321428571428571]",0.26785714285714285,0.34704545454545455,0.08012240409133771,0.7000000000000001,33.9,0.7704545454545455,5.319920063018799
svc,"[0.462987012987013, 0.2655844155844156, 0.3253246753246753, 0.22402597402597405, 0.2633116883116883, 0.28149350649350646, 0.35032467532467526, 0.3207792207792207, 0.2724025974025974, 0.14837662337662333]",0.14837662337662333,0.2914610389610389,0.07863687973706474,0.7642857142857143,34.9,0.7931818181818181,12.571895003318787
