classifier,best,avg,std_dev,acc,n_features,selected_rate,execution_time
knn,0.07321428571428569,0.34206493506493507,0.16345347386252287,0.657142857142857,11.6,0.2636363636363636,21.628285360336303
svc,0.1414285714285715,0.32528571428571434,0.10583545179732005,0.6714285714285715,0.0,0.0,41.597386074066165
