classifier,all_fitness,best,avg,std_dev,acc,n_features,selected_rate,execution_time
knn,"[0.48116883116883113, 0.22629870129870133, 0.22402597402597405, 0.2883116883116883, 0.2194805194805195, 0.48344155844155845, 0.5454545454545454, 0.4766233766233766, 0.410064935064935, 0.15746753246753242]",0.15746753246753242,0.35123376623376623,0.1348782582322589,0.7142857142857143,41.4,0.9409090909090908,8.082993865013123
svc,"[0.2285714285714286, 0.2883116883116883, 0.28603896103896104, 0.2883116883116883, 0.4766233766233766, 0.41461038961038954, 0.22175324675324676, 0.35032467532467526, 0.22175324675324676, 0.15746753246753242]",0.15746753246753242,0.2933766233766234,0.09195435722015918,0.7785714285714286,41.4,0.9409090909090908,14.993537950515748
