classifier,all_fitness,best,avg,std_dev,acc,n_features,selected_rate,execution_time
knn,"[0.2194805194805195, 0.28603896103896104, 0.3525974025974026, 0.41688311688311686, 0.22402597402597405]",0.2194805194805195,0.2998051948051948,0.07599777628547642,0.7714285714285715,41.4,0.940909090909091,0.5294417858123779
svc,"[0.48116883116883113, 0.28149350649350646, 0.348051948051948, 0.34577922077922074, 0.28149350649350646]",0.28149350649350646,0.34759740259740257,0.07291678693899759,0.7142857142857143,39.8,0.9045454545454545,1.3374897956848144
