classifier,best,avg,std_dev,acc,n_features,selected_rate,execution_time
knn,0.07957792207792205,0.22159740259740263,0.07783770973748258,0.7857142857142858,41.6,0.9454545454545455,6.39952917098999
svc,0.21964285714285717,0.2766688311688311,0.06882353731278436,0.7285714285714285,35.0,0.7954545454545455,13.394784498214722
