classifier,all_fitness,best,avg,std_dev,acc,n_features,selected_rate,execution_time
knn,"[0.22402597402597405, 0.22629870129870133, 0.3525974025974026, 0.348051948051948, 0.6120129870129869, 0.2883116883116883, 0.4214285714285714, 0.41688311688311686, 0.3525974025974026, 0.35032467532467526]",0.22402597402597405,0.35925324675324666,0.10600201856070554,0.7071428571428571,42.1,0.9568181818181818,1.086588168144226
svc,"[0.3525974025974026, 0.4788961038961039, 0.2837662337662338, 0.29058441558441556, 0.15292207792207788, 0.4857142857142857, 0.35032467532467526, 0.5431818181818182, 0.3525974025974026, 0.16201298701298697]",0.15292207792207788,0.34525974025974027,0.12419204221542288,0.7214285714285714,41.6,0.9454545454545453,2.7993715524673464
