classifier,all_fitness,best,avg,std_dev,acc,n_features,selected_rate,execution_time
knn,"[0.27759740259740256, 0.30032467532467527, 0.39935064935064934, 0.4107142857142857, 0.4038961038961039]",0.27759740259740256,0.35837662337662335,0.05724584874482841,0.6285714285714284,10.6,0.2409090909090909,18.551792764663695
svc,"[0.19285714285714287, 0.45, 0.19285714285714287, 0.12857142857142861, 0.19285714285714287]",0.12857142857142861,0.23142857142857146,0.11208597283390302,0.7428571428571428,0.0,0.0,39.331938934326175
