classifier,all_fitness,best,avg,std_dev,acc,n_features,selected_rate,execution_time
knn,"[0.35032467532467526, 0.35487012987012984, 0.3571428571428571, 0.22629870129870133, 0.5454545454545454, 0.4191558441558441, 0.29058441558441556, 0.2883116883116883, 0.34577922077922074, 0.6029220779220779]",0.22629870129870133,0.3780844155844155,0.11036193789898319,0.6857142857142857,41.9,0.9522727272727274,0.5171823501586914
svc,"[0.22175324675324676, 0.22402597402597405, 0.3525974025974026, 0.48116883116883113, 0.15974025974025968, 0.348051948051948, 0.3571428571428571, 0.4766233766233766, 0.22629870129870133, 0.48344155844155845]",0.15974025974025968,0.33308441558441554,0.1149186878419457,0.7357142857142857,41.9,0.9522727272727272,1.234276819229126
