classifier,best,avg,std_dev,acc,n_features,selected_rate,execution_time
knn,0.21964285714285717,0.28944805194805195,0.044367260299383655,0.7142857142857143,29.0,0.6590909090909091,10.311050367355346
svc,0.28694805194805195,0.30240909090909096,0.03046787153407944,0.7000000000000001,23.8,0.5409090909090909,24.49981379508972
