classifier,all_fitness,best,avg,std_dev,acc,n_features,selected_rate,execution_time
knn,"[0.3581168831168831, 0.07207792207792205, 0.21850649350649354, 0.2876298701298701, 0.42951298701298707]",0.07207792207792205,0.27316883116883117,0.1227145575080178,0.7285714285714286,19.6,0.44545454545454544,5.237260198593139
svc,"[0.15097402597402604, 0.15120129870129878, 0.15120129870129878, 0.29262987012987013, 0.3633441558441558]",0.15097402597402604,0.2218701298701299,0.08948325632442074,0.7857142857142857,42.8,0.9727272727272729,12.510811233520508
