classifier,best,avg,std_dev,acc,n_features,selected_rate,execution_time
knn,0.14597402597402603,0.273487012987013,0.09354378900886615,0.7285714285714285,21.0,0.47727272727272724,5.364756107330322
svc,0.22100649350649354,0.26402597402597405,0.03475739351728441,0.7428571428571428,41.6,0.9454545454545455,12.668364334106446
