classifier,all_fitness,best,avg,std_dev,acc,n_features,selected_rate,execution_time
knn,"[0.29194805194805196, 0.218961038961039, 0.3608441558441558, 0.28990259740259744, 0.21850649350649354]",0.21850649350649354,0.2760324675324676,0.053301209087606126,0.7285714285714285,32.2,0.7318181818181818,10.347074365615844
svc,"[0.29262987012987013, 0.2871753246753247, 0.4283766233766234, 0.14551948051948058, 0.42860389610389615]",0.14551948051948058,0.316461038961039,0.10559139407618215,0.6857142857142857,23.4,0.5318181818181819,24.9634268283844
