classifier,all_fitness,best,avg,std_dev,acc,n_features,selected_rate,execution_time
knn,"[0.43064935064935067, 0.4288311688311689, 0.5020454545454546, 0.14597402597402603, 0.07571428571428569]",0.07571428571428569,0.3166428571428571,0.17154139292188159,0.6857142857142857,24.2,0.55,5.574008417129517
svc,"[0.2896753246753247, 0.14188311688311694, 0.07275974025974023, 0.21350649350649353, 0.28353896103896103]",0.07275974025974023,0.2002727272727273,0.08339080421137414,0.8,10.0,0.22727272727272724,12.9133957862854
