classifier,best,avg,std_dev,acc,n_features,selected_rate,execution_time
knn,0.15097402597402604,0.23560389610389612,0.05279669075708859,0.7714285714285714,41.0,0.9318181818181819,7.647468328475952
svc,0.22100649350649354,0.32023376623376626,0.05645969058082387,0.6857142857142857,40.0,0.9090909090909092,14.15982265472412
