classifier,all_fitness,best,avg,std_dev,acc,n_features,selected_rate,execution_time
knn,"[0.35487012987012984, 0.41461038961038954, 0.22175324675324676, 0.29058441558441556, 0.2724025974025974, 0.28149350649350646, 0.29058441558441556, 0.28149350649350646, 0.2792207792207792, 0.348051948051948]",0.22175324675324676,0.30350649350649345,0.0514883884061691,0.7642857142857142,40.2,0.9136363636363635,5.808355832099915
svc,"[0.35032467532467526, 0.48344155844155845, 0.28603896103896104, 0.4123376623376623, 0.4055194805194805, 0.2928571428571428, 0.4123376623376623, 0.47435064935064936, 0.14837662337662333, 0.3412337662337662]",0.14837662337662333,0.36068181818181816,0.09542974432643882,0.7000000000000001,39.9,0.906818181818182,12.695957016944885
