classifier,best,avg,std_dev,acc,n_features,selected_rate,execution_time
knn,0.2141883116883117,0.3278311688311688,0.09557456982747131,0.6714285714285715,11.2,0.2545454545454545,7.165563631057739
svc,0.08025974025974024,0.236012987012987,0.11326224016886124,0.7714285714285715,42.8,0.9727272727272727,16.269118070602417
