classifier,all_fitness,best,avg,std_dev,acc,n_features,selected_rate,execution_time
knn,"[0.29058441558441556, 0.2837662337662338, 0.41688311688311686, 0.3389610389610389, 0.2928571428571428]",0.2837662337662338,0.32461038961038957,0.050108837523021664,0.7428571428571429,41.0,0.9318181818181819,5.677086925506591
svc,"[0.3412337662337662, 0.1967532467532468, 0.31850649350649346, 0.4863636363636364, 0.3253246753246753]",0.1967532467532468,0.3336363636363636,0.09210681319132934,0.7,28.0,0.6363636363636364,13.485167455673217
