classifier,all_fitness,best,avg,std_dev,acc,n_features,selected_rate,execution_time
knn,"[0.46525974025974026, 0.23603896103896105, 0.3714285714285714, 0.2724025974025974, 0.19220779220779222, 0.35032467532467526, 0.3162337662337662, 0.2701298701298701, 0.2792207792207792, 0.5022727272727273]",0.19220779220779222,0.32555194805194804,0.09348259637816533,0.7142857142857142,30.1,0.684090909090909,4.621416139602661
svc,"[0.22402597402597405, 0.36461038961038955, 0.48344155844155845, 0.5477272727272727, 0.22175324675324676, 0.3571428571428571, 0.29058441558441556, 0.3571428571428571, 0.22402597402597405, 0.22629870129870133]",0.22175324675324676,0.3296753246753247,0.10959273108204418,0.7357142857142855,40.4,0.9181818181818182,12.136567091941833
