classifier,all_fitness,best,avg,std_dev,acc,n_features,selected_rate,execution_time
knn,"[0.26850649350649347, 0.5279220779220779, 0.19967532467532467, 0.1535714285714286, 0.07110389610389609, 0.3373376623376623, 0.1535714285714286, 0.298051948051948, 0.26168831168831164, 0.33279220779220775]",0.07110389610389609,0.2604220779220779,0.12106127605595789,0.7285714285714286,7.1,0.16136363636363635,5.9036959409713745
svc,"[0.15292207792207788, 0.26168831168831164, 0.3464285714285714, 0.45, 0.3214285714285714, 0.3259740259740259, 0.26850649350649347, 0.2285714285714286, 0.22629870129870133, 0.26168831168831164]",0.15292207792207788,0.2843506493506493,0.0770932380104687,0.7214285714285713,14.8,0.33636363636363636,12.85462007522583
