classifier,all_fitness,best,avg,std_dev,acc,n_features,selected_rate,execution_time
knn,"[0.2917207792207792, 0.07957792207792205, 0.29285714285714287, 0.3622077922077922, 0.1489285714285715]",0.07957792207792205,0.23505844155844158,0.1042217004450122,0.7714285714285715,38.6,0.8772727272727273,6.205452871322632
svc,"[0.14620129870129878, 0.07639610389610388, 0.21805194805194808, 0.2908116883116883, 0.2896753246753247]",0.07639610389610388,0.20422727272727276,0.08330326960936199,0.8,27.4,0.6227272727272727,13.391805648803711
