classifier,all_fitness,best,avg,std_dev,acc,n_features,selected_rate,execution_time
knn,"[0.3623376623376623, 0.5045454545454545, 0.2292207792207792, 0.4288961038961039, 0.16493506493506496, 0.24285714285714285, 0.17629870129870134, 0.4818181818181818, 0.28668831168831166, 0.17402597402597406]",0.16493506493506496,0.30516233766233763,0.1236917924219928,0.7071428571428571,18.3,0.4159090909090909,29.9133038520813
svc,"[0.30032467532467527, 0.10292207792207789, 0.2844155844155844, 0.22467532467532467, 0.1717532467532468, 0.10292207792207789, 0.3714285714285714, 0.28668831168831166, 0.29577922077922075, 0.2314935064935065]",0.10292207792207789,0.23724025974025972,0.0840510422972243,0.7785714285714286,16.7,0.3795454545454545,79.04916083812714
