classifier,all_fitness,best,avg,std_dev,acc,n_features,selected_rate,execution_time
knn,"[0.2662337662337662, 0.5922077922077922, 0.3259740259740259, 0.335064935064935, 0.08246753246753244]",0.08246753246753244,0.32038961038961034,0.1635062356227916,0.6571428571428571,5.2,0.11818181818181817,6.72975378036499
svc,"[0.45, 0.12857142857142861, 0.3214285714285714, 0.2571428571428571, 0.35487012987012984]",0.12857142857142861,0.30240259740259734,0.10692571463399983,0.6857142857142857,8.6,0.19545454545454546,15.267103433609009
