classifier,all_fitness,best,avg,std_dev,acc,n_features,selected_rate,execution_time
knn,"[0.22402597402597405, 0.48116883116883113, 0.4214285714285714, 0.3525974025974026, 0.41688311688311686]",0.22402597402597405,0.3792207792207792,0.08762144308276881,0.6857142857142857,42.4,0.9636363636363636,8.18533215522766
svc,"[0.48344155844155845, 0.34577922077922074, 0.28603896103896104, 0.34577922077922074, 0.3389610389610389]",0.28603896103896104,0.36,0.06565843836030252,0.7,39.6,0.9,15.688731241226197
