classifier,all_fitness,best,avg,std_dev,acc,n_features,selected_rate,execution_time
knn,"[0.14438311688311695, 0.35448051948051945, 0.5029545454545454, 0.2846753246753247, 0.21759740259740262]",0.14438311688311695,0.3008181818181818,0.1227981884716589,0.7,16.8,0.3818181818181818,7.057352304458618
svc,"[0.3633441558441558, 0.43428571428571433, 0.5657142857142857, 0.3631168831168831, 0.2921753246753247]",0.2921753246753247,0.4037272727272727,0.0926255339683643,0.6000000000000001,34.0,0.7727272727272727,13.376692771911621
