classifier,all_fitness,best,avg,std_dev,acc,n_features,selected_rate,execution_time
knn,"[0.15097402597402604, 0.29285714285714287, 0.2921753246753247, 0.4340584415584416, 0.5038636363636364]",0.15097402597402604,0.33478571428571435,0.12312823013357777,0.6714285714285714,41.8,0.95,7.7187066078186035
svc,"[0.22214285714285717, 0.15006493506493512, 0.2917207792207792, 0.15074675324675332, 0.29240259740259744]",0.15006493506493512,0.22141558441558445,0.06335219683099023,0.7857142857142858,40.8,0.9272727272727274,15.605231237411498
