classifier,best,avg,std_dev,acc,n_features,selected_rate,execution_time
knn,0.15000000000000008,0.30442857142857144,0.10389496265606969,0.7,5.2,0.7428571428571429,10.50974769592285
svc,0.22071428571428575,0.29085714285714287,0.07642176204645974,0.7142857142857142,5.6,0.8,8.850682973861694
