classifier,all_fitness,best,avg,std_dev,acc,n_features,selected_rate,execution_time
knn,"[0.3621428571428571, 0.4328571428571429, 0.35928571428571426, 0.14714285714285721, 0.15000000000000008]",0.14714285714285721,0.2902857142857143,0.11867688941673793,0.7142857142857143,5.2,0.7428571428571428,18.732503175735474
svc,"[0.29000000000000004, 0.15000000000000008, 0.29000000000000004, 0.2192857142857143, 0.00714285714285715]",0.00714285714285715,0.19128571428571434,0.10572239351147854,0.8142857142857143,5.2,0.7428571428571429,15.951844072341919
