classifier,all_fitness,best,avg,std_dev,acc,n_features,selected_rate,execution_time
knn,"[0.3285714285714285, 0.16428571428571426, 0.15714285714285717, 0.3142857142857142, 0.2642857142857143, 0.2642857142857143, 0.6214285714285713, 0.16428571428571426, 0.2642857142857143, 0.3428571428571428]",0.15714285714285717,0.2885714285714286,0.12881722536609924,0.7571428571428571,4.9,0.7,14.339254117012024
svc,"[0.4071428571428571, 0.3785714285714285, 0.15714285714285717, 0.29999999999999993, 0.17142857142857146, 0.4214285714285714, 0.18571428571428575, 0.3785714285714285, 0.3785714285714285, 0.3571428571428571]",0.15714285714285717,0.3135714285714285,0.09806547167425378,0.7214285714285715,4.4,0.6285714285714284,12.273790407180787
