classifier,all_fitness,best,avg,std_dev,acc,n_features,selected_rate,execution_time
knn,"[0.3142857142857142, 0.13571428571428568, 0.3142857142857142, 0.2357142857142857, 0.2, 0.3428571428571428, 0.2642857142857143, 0.2642857142857143, 0.18571428571428575, 0.3642857142857142]",0.13571428571428568,0.2621428571428571,0.0698431186623979,0.7785714285714286,4.4,0.6285714285714286,41.41840364933014
svc,"[0.13571428571428568, 0.3285714285714285, 0.3285714285714285, 0.08571428571428569, 0.3142857142857142, 0.44285714285714284, 0.5214285714285715, 0.25, 0.2142857142857143, 0.3428571428571428]",0.08571428571428569,0.2964285714285714,0.12479575149754393,0.75,5.0,0.7142857142857142,33.65879664421082
