classifier,all_fitness,best,avg,std_dev,acc,n_features,selected_rate,execution_time
knn,"[0.2928571428571428, 0.2928571428571428, 0.2285714285714286, 0.2928571428571428, 0.16428571428571426, 0.3571428571428571, 0.4214285714285714, 0.2142857142857143, 0.2142857142857143, 0.16428571428571426]",0.16428571428571426,0.2642857142857143,0.07876599286908698,0.8142857142857143,6.8,0.9714285714285715,10.418301963806153
svc,"[0.2928571428571428, 0.4214285714285714, 0.16428571428571426, 0.2285714285714286, 0.2785714285714286, 0.16428571428571426, 0.4214285714285714, 0.2285714285714286, 0.2285714285714286, 0.2285714285714286]",0.16428571428571426,0.2657142857142857,0.08688486399734267,0.8142857142857143,6.9,0.9857142857142858,9.01776580810547
