classifier,all_fitness,best,avg,std_dev,acc,n_features,selected_rate,execution_time
knn,"[0.2928571428571428, 0.5357142857142857, 0.2928571428571428, 0.2928571428571428, 0.3285714285714285, 0.29999999999999993, 0.2785714285714286, 0.2928571428571428, 0.2928571428571428, 0.2928571428571428]",0.2785714285714286,0.31999999999999995,0.07289914755527471,0.7428571428571428,6.2,0.8857142857142858,10.826101160049438
svc,"[0.4071428571428571, 0.2285714285714286, 0.2142857142857143, 0.2142857142857143, 0.4071428571428571, 0.4214285714285714, 0.2785714285714286, 0.45714285714285713, 0.16428571428571426, 0.2142857142857143]",0.16428571428571426,0.3007142857142857,0.10412169097076862,0.7642857142857143,6.2,0.8857142857142858,8.35654239654541
