classifier,all_fitness,best,avg,std_dev,acc,n_features,selected_rate,execution_time
knn,"[0.00714285714285715, 0.2914285714285714, 0.22214285714285717, 0.14857142857142863, 0.22071428571428575]",0.00714285714285715,0.17800000000000005,0.0966409301887927,0.8285714285714286,5.8,0.8285714285714285,21.22119379043579
svc,"[0.2192857142857143, 0.07928571428571426, 0.29285714285714287, 0.1514285714285715, 0.15000000000000008]",0.07928571428571426,0.1785714285714286,0.07229051367466507,0.8285714285714286,6.2,0.8857142857142856,17.65157551765442
