classifier,all_fitness,best,avg,std_dev,acc,n_features,selected_rate,execution_time
knn,"[0.22071428571428575, 0.1514285714285715, 0.2914285714285714, 0.29285714285714287, 0.2885714285714286]",0.1514285714285715,0.24900000000000003,0.05587449492991831,0.7571428571428572,6.0,0.8571428571428571,14.79773769378662
svc,"[0.29285714285714287, 0.2914285714285714, 0.07928571428571426, 0.4328571428571429, 0.2192857142857143]",0.07928571428571426,0.2631428571428572,0.11507637215593577,0.7428571428571429,6.0,0.8571428571428571,12.738812112808228
