classifier,all_fitness,best,avg,std_dev,acc,n_features,selected_rate,execution_time
knn,"[0.2885714285714286, 0.21642857142857144, 0.29000000000000004, 0.0764285714285714, 0.22214285714285717]",0.0764285714285714,0.21871428571428572,0.0777481543845517,0.7857142857142858,4.6,0.6571428571428571,10.724665641784668
svc,"[0.07928571428571426, 0.004285714285714289, 0.22214285714285717, 0.2192857142857143, 0.3607142857142857]",0.004285714285714289,0.17714285714285713,0.12406055137779805,0.8285714285714286,5.2,0.7428571428571429,9.224307537078857
