classifier,all_fitness,best,avg,std_dev,acc,n_features,selected_rate,execution_time
knn,"[0.2928571428571428, 0.5357142857142857, 0.13571428571428568, 0.3285714285714285, 0.25]",0.13571428571428568,0.30857142857142855,0.1308059787686811,0.7428571428571429,5.4,0.7714285714285716,9.98751482963562
svc,"[0.25, 0.3571428571428571, 0.29999999999999993, 0.2785714285714286, 0.16428571428571426]",0.16428571428571426,0.2699999999999999,0.06347102826149445,0.7857142857142858,5.4,0.7714285714285715,8.687547159194946
