classifier,all_fitness,best,avg,std_dev,acc,n_features,selected_rate,execution_time
knn,"[0.2785714285714286, 0.13571428571428568, 0.3428571428571428, 0.10714285714285711, 0.08571428571428569]",0.08571428571428569,0.19,0.10188028188385961,0.8714285714285716,5.2,0.7428571428571428,14.298077011108399
svc,"[0.18571428571428575, 0.2642857142857143, 0.557142857142857, 0.2285714285714286, 0.2642857142857143]",0.18571428571428575,0.3,0.13178523035141496,0.7428571428571428,4.8,0.6857142857142857,12.758328247070313
