classifier,all_fitness,best,avg,std_dev,acc,n_features,selected_rate,execution_time
knn,"[0.29285714285714287, 0.3621428571428571, 0.15000000000000008, 0.29285714285714287, 0.2914285714285714]",0.15000000000000008,0.2778571428571429,0.06940563995197258,0.7285714285714286,6.4,0.9142857142857143,1.3018487453460694
svc,"[0.22071428571428575, 0.22214285714285717, 0.22214285714285717, 0.22214285714285717, 0.43428571428571433]",0.22071428571428575,0.26428571428571435,0.08500180070121445,0.7428571428571429,6.8,0.9714285714285715,0.9400882720947266
