classifier,all_fitness,best,avg,std_dev,acc,n_features,selected_rate,execution_time
knn,"[0.2785714285714286, 0.18571428571428575, 0.4785714285714286, 0.14999999999999997, 0.4928571428571429, 0.3285714285714285, 0.3142857142857142, 0.3428571428571428, 0.25, 0.3571428571428571]",0.14999999999999997,0.31785714285714284,0.10513596638910697,0.7214285714285714,4.7,0.6714285714285714,10.234942650794983
svc,"[0.09999999999999998, 0.17142857142857146, 0.2285714285714286, 0.2285714285714286, 0.14999999999999997, 0.3571428571428571, 0.2785714285714286, 0.2, 0.3642857142857142, 0.3285714285714285]",0.09999999999999998,0.24071428571428574,0.08529959207501091,0.8214285714285714,5.6,0.8,8.6661137342453
