classifier,all_fitness,best,avg,std_dev,acc,n_features,selected_rate,execution_time
knn,"[0.3928571428571428, 0.2642857142857143, 0.4214285714285714, 0.6142857142857142, 0.2285714285714286, 0.2285714285714286, 0.3428571428571428, 0.3571428571428571, 0.2285714285714286, 0.3428571428571428]",0.2285714285714286,0.34214285714285714,0.11309423558452912,0.7214285714285713,6.4,0.9142857142857144,18.085167717933654
svc,"[0.3285714285714285, 0.16428571428571426, 0.16428571428571426, 0.4214285714285714, 0.2928571428571428, 0.4071428571428571, 0.2285714285714286, 0.2928571428571428, 0.3571428571428571, 0.4214285714285714]",0.16428571428571426,0.30785714285714283,0.09299166080671875,0.7642857142857143,6.7,0.9571428571428571,15.29701383113861
