classifier,all_fitness,best,avg,std_dev,acc,n_features,selected_rate,execution_time
knn,"[0.22071428571428575, 0.2914285714285714, 0.29000000000000004, 0.36357142857142855, 0.29000000000000004]",0.22071428571428575,0.2911428571428572,0.04518578429153149,0.7142857142857143,5.8,0.8285714285714285,10.78670401573181
svc,"[0.2885714285714286, 0.15000000000000008, 0.43000000000000005, 0.29000000000000004, 0.29000000000000004]",0.15000000000000008,0.28971428571428576,0.08854561835919518,0.7142857142857143,4.8,0.6857142857142857,8.998618364334106
