classifier,all_fitness,best,avg,std_dev,acc,n_features,selected_rate,execution_time
knn,"[0.4314285714285715, 0.29000000000000004, 0.14714285714285721, 0.2192857142857143, 0.2178571428571429]",0.14714285714285721,0.26114285714285723,0.0963863399585867,0.7428571428571428,4.6,0.6571428571428571,40.69150400161743
svc,"[0.14714285714285721, 0.28714285714285714, 0.36357142857142855, 0.2192857142857143, 0.14857142857142863]",0.14714285714285721,0.23314285714285718,0.0832681922268923,0.7714285714285715,4.8,0.6857142857142857,33.94684643745423
