classifier,all_fitness,best,avg,std_dev,acc,n_features,selected_rate,execution_time
knn,"[0.18571428571428575, 0.17142857142857146, 0.2642857142857143, 0.14999999999999997, 0.14999999999999997]",0.14999999999999997,0.18428571428571425,0.04223355856884139,0.8714285714285716,4.8,0.6857142857142857,17.95810489654541
svc,"[0.25, 0.3285714285714285, 0.2928571428571428, 0.2785714285714286, 0.25]",0.25,0.27999999999999997,0.029416086117105694,0.7714285714285714,5.2,0.7428571428571429,15.916716909408569
