classifier,best,avg,std_dev,acc,n_features,selected_rate,execution_time
knn,0.0807142857142857,0.1791428571428572,0.0723418754164938,0.8285714285714286,6.6,0.9428571428571428,1.3027405738830566
svc,0.1514285714285715,0.2922857142857143,0.09939962632870261,0.7142857142857143,6.6,0.9428571428571428,0.9244962692260742
