classifier,all_fitness,best,avg,std_dev,acc,n_features,selected_rate,execution_time
knn,"[0.16428571428571426, 0.5357142857142857, 0.2285714285714286, 0.2928571428571428, 0.2928571428571428, 0.3571428571428571, 0.4214285714285714, 0.2285714285714286, 0.2785714285714286, 0.3428571428571428]",0.16428571428571426,0.3142857142857143,0.10126747770541303,0.7571428571428571,6.7,0.9571428571428573,1.9898053884506226
svc,"[0.2928571428571428, 0.2928571428571428, 0.09999999999999998, 0.2285714285714286, 0.2928571428571428, 0.2928571428571428, 0.55, 0.2142857142857143, 0.2928571428571428, 0.2928571428571428]",0.09999999999999998,0.285,0.10630385789839254,0.7928571428571429,6.9,0.9857142857142858,1.4679449319839477
