classifier,all_fitness,best,avg,std_dev,acc,n_features,selected_rate,execution_time
knn,"[0.14857142857142863, 0.2885714285714286, 0.3607142857142857, 0.0764285714285714, 0.07499999999999998]",0.07499999999999998,0.18985714285714286,0.1154983876555011,0.8142857142857144,4.2,0.5999999999999999,66.86603746414184
svc,"[0.07928571428571426, 0.35928571428571426, 0.4285714285714286, 0.2914285714285714, 0.5021428571428571]",0.07928571428571426,0.33214285714285713,0.14458879060060964,0.6714285714285715,4.8,0.6857142857142857,60.753075408935544
