classifier,all_fitness,best,avg,std_dev,acc,n_features,selected_rate,execution_time
knn,"[0.3571428571428571, 0.2285714285714286, 0.3571428571428571, 0.3571428571428571, 0.2285714285714286, 0.09999999999999998, 0.2785714285714286, 0.2928571428571428, 0.2642857142857143, 0.2928571428571428]",0.09999999999999998,0.2757142857142857,0.0747922292154767,0.8,6.7,0.9571428571428571,1.900217604637146
svc,"[0.2142857142857143, 0.2928571428571428, 0.16428571428571426, 0.2928571428571428, 0.6142857142857142, 0.4214285714285714, 0.2928571428571428, 0.3571428571428571, 0.2285714285714286, 0.2928571428571428]",0.16428571428571426,0.31714285714285706,0.12038204490161261,0.7571428571428571,6.9,0.9857142857142858,1.402184820175171
