classifier,all_fitness,best,avg,std_dev,acc,n_features,selected_rate,execution_time
knn,"[0.18571428571428575, 0.3285714285714285, 0.3285714285714285, 0.2785714285714286, 0.3285714285714285, 0.12142857142857139, 0.12142857142857139, 0.3928571428571428, 0.3642857142857142, 0.2285714285714286]",0.12142857142857139,0.26785714285714285,0.09341863206195287,0.7785714285714286,4.8,0.6857142857142857,19.804397773742675
svc,"[0.2785714285714286, 0.3285714285714285, 0.3285714285714285, 0.4214285714285714, 0.2, 0.4857142857142857, 0.2642857142857143, 0.5071428571428571, 0.2, 0.09999999999999998]",0.09999999999999998,0.31142857142857144,0.12417893606914703,0.7428571428571428,5.6,0.8,16.728309082984925
