classifier,all_fitness,best,avg,std_dev,acc,n_features,selected_rate,execution_time
knn,"[0.3785714285714285, 0.2928571428571428, 0.3928571428571428, 0.17142857142857146, 0.3928571428571428]",0.17142857142857146,0.3257142857142857,0.08566665343179969,0.7142857142857143,4.8,0.6857142857142857,10.357853603363036
svc,"[0.18571428571428575, 0.5071428571428571, 0.2928571428571428, 0.13571428571428568, 0.3785714285714285]",0.13571428571428568,0.3,0.13355423877165992,0.7428571428571428,4.8,0.6857142857142857,8.906035470962525
