classifier,all_fitness,best,avg,std_dev,acc,n_features,selected_rate,execution_time
knn,"[0.22214285714285717, 0.29285714285714287, 0.22071428571428575, 0.0807142857142857, 0.36357142857142855]",0.0807142857142857,0.23600000000000004,0.09385790388906509,0.7714285714285715,6.8,0.9714285714285715,1.0317902565002441
svc,"[0.29285714285714287, 0.5757142857142857, 0.1514285714285715, 0.0807142857142857, 0.43428571428571433]",0.0807142857142857,0.30700000000000005,0.18111694271595774,0.7,7.0,1.0,0.7262086868286133
