classifier,all_fitness,best,avg,std_dev,acc,n_features,selected_rate,execution_time
knn,"[0.36357142857142855, 0.29285714285714287, 0.29285714285714287, 0.43428571428571433, 0.43428571428571433]",0.29285714285714287,0.3635714285714286,0.06324877993499406,0.6428571428571429,7.0,1.0,11.267724561691285
svc,"[0.4328571428571429, 0.29285714285714287, 0.0807142857142857, 0.1514285714285715, 0.36357142857142855]",0.0807142857142857,0.26428571428571435,0.1307864749919361,0.7428571428571429,6.8,0.9714285714285715,9.367173194885254
