classifier,all_fitness,best,avg,std_dev,acc,n_features,selected_rate,execution_time
knn,"[0.2142857142857143, 0.18571428571428575, 0.3428571428571428, 0.2642857142857143, 0.5214285714285715]",0.18571428571428575,0.3057142857142857,0.12032269536711751,0.7428571428571428,5.2,0.7428571428571429,10.41219096183777
svc,"[0.4071428571428571, 0.3785714285714285, 0.2142857142857143, 0.29999999999999993, 0.3142857142857142]",0.2142857142857143,0.32285714285714284,0.06721880203439193,0.7142857142857143,4.6,0.6571428571428571,9.163949489593506
