classifier,all_fitness,best,avg,std_dev,acc,n_features,selected_rate,execution_time
knn,"[0.3428571428571428, 0.2142857142857143, 0.3428571428571428, 0.2142857142857143, 0.4071428571428571]",0.2142857142857143,0.30428571428571427,0.07714285714285711,0.7571428571428571,6.0,0.8571428571428571,10.84715723991394
svc,"[0.16428571428571426, 0.3571428571428571, 0.3571428571428571, 0.4071428571428571, 0.2642857142857143]",0.16428571428571426,0.30999999999999994,0.08626016651114586,0.7571428571428571,6.4,0.9142857142857143,9.802311849594116
