classifier,all_fitness,best,avg,std_dev,acc,n_features,selected_rate,execution_time
knn,"[0.3285714285714285, 0.3142857142857142, 0.3785714285714285, 0.3642857142857142, 0.4928571428571429, 0.09285714285714283, 0.10714285714285711, 0.3142857142857142, 0.18571428571428575, 0.3928571428571428]",0.09285714285714283,0.2971428571428571,0.12264932589646443,0.7285714285714285,3.7,0.5285714285714286,63.70704038143158
svc,"[0.4928571428571429, 0.25, 0.25, 0.44285714285714284, 0.35, 0.15714285714285717, 0.4285714285714286, 0.3642857142857142, 0.2857142857142857, 0.2]",0.15714285714285717,0.3221428571428572,0.10558148028698895,0.6928571428571428,3.2,0.45714285714285713,58.60270504951477
