classifier,best,avg,std_dev,acc,n_features,selected_rate,execution_time
knn,0.2192857142857143,0.26371428571428573,0.0351248502066673,0.7428571428571429,6.4,0.9142857142857143,11.315971946716308
svc,0.0807142857142857,0.2495714285714286,0.13088287332807239,0.7571428571428571,6.4,0.9142857142857143,9.650309181213379
