classifier,all_fitness,best,avg,std_dev,acc,n_features,selected_rate,execution_time
knn,"[0.3428571428571428, 0.3428571428571428, 0.25, 0.2642857142857143, 0.2928571428571428]",0.25,0.2985714285714286,0.03870347766898302,0.7571428571428571,5.6,0.8,19.994921255111695
svc,"[0.18571428571428575, 0.5714285714285714, 0.2785714285714286, 0.18571428571428575, 0.5071428571428571]",0.18571428571428575,0.3457142857142857,0.16291978745031904,0.6857142857142857,4.4,0.6285714285714284,17.815922451019286
