classifier,all_fitness,best,avg,std_dev,acc,n_features,selected_rate,execution_time
knn,"[0.4214285714285714, 0.2928571428571428, 0.16428571428571426, 0.16428571428571426, 0.08571428571428569, 0.2285714285714286, 0.2285714285714286, 0.4214285714285714, 0.2928571428571428, 0.16428571428571426]",0.08571428571428569,0.24642857142857139,0.10595773127208098,0.8357142857142856,6.9,0.9857142857142858,10.330670809745788
svc,"[0.2285714285714286, 0.2928571428571428, 0.2928571428571428, 0.2285714285714286, 0.4714285714285714, 0.2928571428571428, 0.2928571428571428, 0.2285714285714286, 0.2142857142857143, 0.3571428571428571]",0.2142857142857143,0.29,0.07383102605384313,0.7857142857142857,6.8,0.9714285714285715,8.853272342681885
