classifier,all_fitness,best,avg,std_dev,acc,n_features,selected_rate,execution_time
knn,"[0.4071428571428571, 0.25, 0.45714285714285713, 0.2, 0.44285714285714284, 0.29999999999999993, 0.45714285714285713, 0.2, 0.29999999999999993, 0.17142857142857146]",0.17142857142857146,0.3185714285714285,0.1081004823565292,0.7142857142857142,4.3,0.6142857142857143,39.96195590496063
svc,"[0.2642857142857143, 0.12142857142857139, 0.13571428571428568, 0.3785714285714285, 0.3142857142857142, 0.4285714285714286, 0.4714285714285714, 0.2785714285714286, 0.2142857142857143, 0.6357142857142857]",0.12142857142857139,0.3242857142857143,0.15068550842393436,0.7142857142857142,4.7,0.6714285714285714,33.713924980163576
