classifier,best,avg,std_dev,acc,n_features,selected_rate,execution_time
knn,0.15000000000000008,0.26400000000000007,0.14536133725082104,0.7428571428571429,6.6,0.9428571428571428,10.728068542480468
svc,0.008571428571428579,0.22185714285714284,0.14874070027523517,0.7857142857142858,6.8,0.9714285714285715,9.113356685638427
