classifier,best,avg,std_dev,acc,n_features,selected_rate,execution_time
knn,0.14857142857142863,0.2195714285714286,0.06293112529275353,0.7857142857142857,5.2,0.7428571428571429,10.384025764465331
svc,0.15000000000000008,0.26228571428571434,0.11434587702159063,0.7428571428571429,5.4,0.7714285714285715,8.724493980407715
