classifier,all_fitness,best,avg,std_dev,acc,n_features,selected_rate,execution_time
knn,"[0.1514285714285715, 0.29000000000000004, 0.3621428571428571, 0.36357142857142855, 0.29285714285714287]",0.1514285714285715,0.29200000000000004,0.07721081662618022,0.7142857142857143,6.4,0.9142857142857143,11.191936874389649
svc,"[0.5021428571428571, 0.2914285714285714, 0.5757142857142857, 0.1514285714285715, 0.0807142857142857]",0.0807142857142857,0.3202857142857143,0.1923828029142492,0.6857142857142857,6.4,0.9142857142857143,9.79519248008728
