classifier,all_fitness,best,avg,std_dev,acc,n_features,selected_rate,execution_time
knn,"[0.2285714285714286, 0.3428571428571428, 0.2928571428571428, 0.2785714285714286, 0.2785714285714286]",0.2285714285714286,0.28428571428571425,0.03653346243584118,0.7857142857142857,6.4,0.9142857142857143,10.661669635772705
svc,"[0.16428571428571426, 0.3571428571428571, 0.4214285714285714, 0.2928571428571428, 0.4214285714285714]",0.16428571428571426,0.3314285714285714,0.09621404708847277,0.7428571428571428,7.0,1.0,9.145318651199341
