classifier,all_fitness,best,avg,std_dev,acc,n_features,selected_rate,execution_time
knn,"[0.15000000000000008, 0.07785714285714283, 0.22071428571428575, 0.2178571428571429, 0.5007142857142857]",0.07785714285714283,0.23342857142857146,0.1435329728170997,0.7714285714285714,5.0,0.7142857142857142,10.748661041259766
svc,"[0.35928571428571426, 0.22214285714285717, 0.3607142857142857, 0.35928571428571426, 0.3607142857142857]",0.22214285714285717,0.3324285714285714,0.055146557980918956,0.6714285714285715,5.0,0.7142857142857142,8.97359676361084
