classifier,all_fitness,best,avg,std_dev,acc,n_features,selected_rate,execution_time
knn,"[0.2928571428571428, 0.2928571428571428, 0.5357142857142857, 0.4214285714285714, 0.2142857142857143]",0.2142857142857143,0.3514285714285714,0.11360511629754881,0.7142857142857142,6.6,0.9428571428571428,1.1469109058380127
svc,"[0.4214285714285714, 0.4857142857142857, 0.4714285714285714, 0.3428571428571428, 0.3571428571428571]",0.3428571428571428,0.41571428571428565,0.057923242664895146,0.6428571428571429,6.6,0.9428571428571428,0.9182862758636474
