classifier,best,avg,std_dev,acc,n_features,selected_rate,execution_time
knn,0.0764285714285714,0.17628571428571432,0.09630245721323068,0.8285714285714286,4.6,0.6571428571428571,36.768103170394895
svc,0.07785714285714283,0.2325714285714286,0.12043509556976305,0.7714285714285715,4.4,0.6285714285714286,30.406380891799927
