classifier,best,avg,std_dev,acc,n_features,selected_rate,execution_time
knn,0.07785714285714283,0.1918571428571429,0.07245913697120776,0.8142857142857143,5.6,0.8,14.718820428848266
svc,0.1514285714285715,0.3338571428571429,0.12264067308147632,0.6714285714285714,6.0,0.8571428571428571,12.856806993484497
