classifier,all_fitness,best,avg,std_dev,acc,n_features,selected_rate,execution_time
knn,"[0.3642857142857142, 0.25, 0.17142857142857146, 0.3785714285714285, 0.29999999999999993]",0.17142857142857146,0.2928571428571428,0.07626484465736647,0.7285714285714285,3.4,0.48571428571428565,39.062602043151855
svc,"[0.2357142857142857, 0.2285714285714286, 0.25, 0.3142857142857142, 0.3285714285714285]",0.2285714285714286,0.2714285714285714,0.04164965639175211,0.7714285714285715,4.6,0.6571428571428571,35.1818856716156
