classifier,all_fitness,best,avg,std_dev,acc,n_features,selected_rate,execution_time
knn,"[0.2642857142857143, 0.08571428571428569, 0.2928571428571428, 0.2142857142857143, 0.2928571428571428, 0.3928571428571428, 0.2, 0.3571428571428571, 0.4071428571428571, 0.2142857142857143]",0.08571428571428569,0.27214285714285713,0.09359323628099958,0.7928571428571429,6.0,0.8571428571428571,9.884857058525085
svc,"[0.4714285714285714, 0.5357142857142857, 0.45714285714285713, 0.3928571428571428, 0.2928571428571428, 0.16428571428571426, 0.2928571428571428, 0.2928571428571428, 0.2285714285714286, 0.3571428571428571]",0.16428571428571426,0.34857142857142853,0.11027794199111587,0.7142857142857142,6.4,0.9142857142857143,8.312872624397277
