classifier,all_fitness,best,avg,std_dev,acc,n_features,selected_rate,execution_time
knn,"[0.3621428571428571, 0.3607142857142857, 0.0807142857142857, 0.1514285714285715, 0.4328571428571429]",0.0807142857142857,0.2775714285714286,0.1362669948210168,0.7285714285714286,6.2,0.8857142857142856,11.300646448135376
svc,"[0.29285714285714287, 0.22214285714285717, 0.36357142857142855, 0.1514285714285715, 0.29285714285714287]",0.1514285714285715,0.26457142857142857,0.07211470454938364,0.7428571428571429,7.0,1.0,9.630438041687011
