classifier,all_fitness,best,avg,std_dev,acc,n_features,selected_rate,execution_time
knn,"[0.2928571428571428, 0.2285714285714286, 0.4214285714285714, 0.16428571428571426, 0.2928571428571428, 0.2285714285714286, 0.2285714285714286, 0.3285714285714285, 0.2285714285714286, 0.3571428571428571]",0.16428571428571426,0.27714285714285714,0.07247800510837611,0.8,6.8,0.9714285714285715,10.815465402603149
svc,"[0.4214285714285714, 0.2928571428571428, 0.2142857142857143, 0.55, 0.2928571428571428, 0.4214285714285714, 0.3571428571428571, 0.6142857142857142, 0.4857142857142857, 0.14999999999999997]",0.14999999999999997,0.38,0.13945228135642027,0.6857142857142857,6.8,0.9714285714285715,9.274006175994874
