classifier,best,avg,std_dev,acc,n_features,selected_rate,execution_time
knn,0.14714285714285721,0.3171428571428571,0.14583818262102716,0.6857142857142857,4.2,0.6,10.559276437759399
svc,0.07928571428571426,0.19128571428571434,0.0840121468379813,0.8142857142857143,5.2,0.7428571428571429,9.003610992431641
