classifier,all_fitness,best,avg,std_dev,acc,n_features,selected_rate,execution_time
knn,"[0.35928571428571426, 0.43000000000000005, 0.1514285714285715, 0.1514285714285715, 0.29000000000000004]",0.1514285714285715,0.27642857142857147,0.11125077390237584,0.7285714285714286,5.4,0.7714285714285715,15.070960664749146
svc,"[0.3621428571428571, 0.3621428571428571, 0.15000000000000008, 0.07928571428571426, 0.3621428571428571]",0.07928571428571426,0.2631428571428572,0.12329457011729332,0.7428571428571428,6.0,0.8571428571428571,12.918043041229248
