classifier,all_fitness,best,avg,std_dev,acc,n_features,selected_rate,execution_time
knn,"[0.3607142857142857, 0.28714285714285714, 0.3621428571428571, 0.14571428571428577, 0.5021428571428571]",0.14571428571428577,0.3315714285714286,0.11609935927682716,0.6714285714285715,4.4,0.6285714285714286,10.579422760009766
svc,"[0.2178571428571429, 0.1514285714285715, 0.22071428571428575, 0.4285714285714286, 0.29285714285714287]",0.1514285714285715,0.26228571428571434,0.09442133103860609,0.7428571428571429,5.4,0.7714285714285714,8.845854568481446
