classifier,all_fitness,best,avg,std_dev,acc,n_features,selected_rate,execution_time
knn,"[0.2192857142857143, 0.3607142857142857, 0.2885714285714286, 0.29285714285714287, 0.2192857142857143]",0.2192857142857143,0.27614285714285713,0.053012512962622736,0.7285714285714285,5.2,0.7428571428571429,21.244127559661866
svc,"[0.36357142857142855, 0.28714285714285714, 0.2885714285714286, 0.14857142857142863, 0.36357142857142855]",0.14857142857142863,0.2902857142857143,0.07853323747150054,0.7142857142857143,5.2,0.7428571428571429,17.405706548690794
