classifier,all_fitness,best,avg,std_dev,acc,n_features,selected_rate,execution_time
knn,"[0.55, 0.3571428571428571, 0.2928571428571428, 0.2142857142857143, 0.2928571428571428, 0.16428571428571426, 0.3571428571428571, 0.4214285714285714, 0.2928571428571428, 0.16428571428571426]",0.16428571428571426,0.3107142857142856,0.11267842992972778,0.7642857142857143,6.9,0.9857142857142858,1.0897484064102172
svc,"[0.4214285714285714, 0.3571428571428571, 0.2928571428571428, 0.16428571428571426, 0.3428571428571428, 0.2285714285714286, 0.3928571428571428, 0.2285714285714286, 0.3928571428571428, 0.3428571428571428]",0.16428571428571426,0.3164285714285714,0.08056243617498776,0.75,6.4,0.9142857142857143,0.8665294647216797
