classifier,all_fitness,best,avg,std_dev,acc,n_features,selected_rate,execution_time
knn,"[0.12142857142857139, 0.4285714285714286, 0.29999999999999993, 0.3928571428571428, 0.17142857142857146, 0.45714285714285713, 0.3785714285714285, 0.4285714285714286, 0.2642857142857143, 0.2]",0.12142857142857139,0.31428571428571433,0.1141070031298049,0.7142857142857142,4.0,0.5714285714285714,64.39086031913757
svc,"[0.3285714285714285, 0.22142857142857142, 0.3142857142857142, 0.3142857142857142, 0.3285714285714285, 0.2642857142857143, 0.12142857142857139, 0.2, 0.3642857142857142, 0.35]",0.12142857142857139,0.2807142857142857,0.07368230203144484,0.7500000000000001,3.9,0.5571428571428572,58.594461584091185
