classifier,best,avg,std_dev,acc,n_features,selected_rate,execution_time
knn,0.008571428571428579,0.2198571428571429,0.1337202379627569,0.7857142857142856,5.4,0.7714285714285715,20.818927335739136
svc,0.14714285714285721,0.23371428571428576,0.0834087549850929,0.7714285714285715,5.2,0.7428571428571428,17.643302726745606
