classifier,all_fitness,best,avg,std_dev,acc,n_features,selected_rate,execution_time
knn,"[0.10714285714285711, 0.2285714285714286, 0.2357142857142857, 0.4071428571428571, 0.2928571428571428, 0.2285714285714286, 0.22142857142857142, 0.3571428571428571, 0.3571428571428571, 0.2857142857142857]",0.10714285714285711,0.27214285714285713,0.08258885135020912,0.7785714285714287,5.1,0.7285714285714285,10.168938541412354
svc,"[0.3928571428571428, 0.3785714285714285, 0.2, 0.3642857142857142, 0.14999999999999997, 0.2285714285714286, 0.2785714285714286, 0.2642857142857143, 0.3571428571428571, 0.15714285714285717]",0.14999999999999997,0.27714285714285714,0.08758669174839616,0.7714285714285714,5.0,0.7142857142857143,8.64112310409546
