classifier,all_fitness,best,avg,std_dev,acc,n_features,selected_rate,execution_time
knn,"[0.3142857142857142, 0.3642857142857142, 0.18571428571428575, 0.3785714285714285, 0.2642857142857143]",0.18571428571428575,0.3014285714285714,0.07047940790596573,0.7285714285714285,4.0,0.5714285714285714,62.782958030700684
svc,"[0.25, 0.25, 0.2357142857142857, 0.3785714285714285, 0.3142857142857142]",0.2357142857142857,0.2857142857142857,0.05383269623261932,0.7428571428571429,3.8,0.5428571428571429,61.283952713012695
