classifier,all_fitness,best,avg,std_dev,acc,n_features,selected_rate,execution_time
knn,"[0.3928571428571428, 0.25, 0.25, 0.10714285714285711, 0.14999999999999997, 0.3642857142857142, 0.2285714285714286, 0.2, 0.3571428571428571, 0.08571428571428569]",0.08571428571428569,0.23857142857142857,0.10198039027185568,0.8142857142857143,5.0,0.7142857142857142,9.856773066520692
svc,"[0.2285714285714286, 0.3428571428571428, 0.2285714285714286, 0.13571428571428568, 0.13571428571428568, 0.3571428571428571, 0.3785714285714285, 0.3571428571428571, 0.4214285714285714, 0.45714285714285713]",0.13571428571428568,0.3042857142857142,0.1086184108872592,0.7571428571428571,6.0,0.8571428571428571,8.308919095993042
