classifier,best,avg,std_dev,acc,n_features,selected_rate,execution_time
knn,0.07785714285714283,0.2758571428571429,0.13712306404787472,0.7285714285714284,5.0,0.7142857142857143,65.86698274612426
svc,0.2178571428571429,0.27557142857142863,0.05288300525592278,0.7285714285714285,4.8,0.6857142857142857,61.97865500450134
