classifier,all_fitness,best,avg,std_dev,acc,n_features,selected_rate,execution_time
knn,"[0.08823529411764704, 0.21411764705882347, 0.21705882352941172, 0.3341176470588235, 0.6558823529411766]",0.08823529411764704,0.30188235294117644,0.19333797075136605,0.76,29.2,0.8588235294117647,5.234721517562866
svc,"[0.29294117647058826, 0.1276470588235294, 0.15117647058823527, 0.08235294117647056, 0.4541176470588235]",0.08235294117647056,0.2216470588235294,0.13588994121923623,0.8399999999999999,26.4,0.7764705882352942,17.82773356437683
