classifier,best,avg,std_dev,acc,n_features,selected_rate,execution_time
knn,0.07041176470588234,0.12421176470588233,0.04973788179861651,0.8800000000000001,18.4,0.5411764705882354,7.618906259536743
svc,0.004411764705882356,0.09710588235294115,0.05223197392733707,0.9066666666666666,16.0,0.47058823529411764,20.71572403907776
