classifier,best,avg,std_dev,acc,n_features,selected_rate,execution_time
knn,0.0674705882352941,0.22569411764705888,0.07911206540555978,0.7733333333333333,4.4,0.12941176470588237,6.754337453842163
svc,0.13317647058823529,0.2651764705882353,0.08348433746563559,0.7333333333333334,4.0,0.11764705882352941,17.150621461868287
