classifier,all_fitness,best,avg,std_dev,acc,n_features,selected_rate,execution_time
knn,"[0.2035882352941176, 0.2692941176470589, 0.07011764705882352, 0.13523529411764704, 0.1361176470588235]",0.07011764705882352,0.1628705882352941,0.06792117760155525,0.8400000000000001,15.2,0.4470588235294118,6.321510601043701
svc,"[0.0035294117647058855, 0.13699999999999998, 0.004411764705882356, 0.13670588235294115, 0.07129411764705881]",0.0035294117647058855,0.07058823529411765,0.059428570715616545,0.9333333333333333,15.6,0.4588235294117647,16.68711414337158
