classifier,all_fitness,best,avg,std_dev,acc,n_features,selected_rate,execution_time
knn,"[0.2547058823529412, 0.13176470588235292, 0.24882352941176475, 0.18882352941176467, 0.13176470588235292, 0.13470588235294115, 0.2547058823529412, 0.371764705882353, 0.49176470588235294, 0.42882352941176477]",0.13176470588235292,0.26376470588235296,0.12181959547146122,0.72,4.0,0.1176470588235294,7.025669384002685
svc,"[0.311764705882353, 0.011764705882352938, 0.1288235294117647, 0.371764705882353, 0.42882352941176477, 0.251764705882353, 0.371764705882353, 0.36882352941176477, 0.371764705882353, 0.251764705882353]",0.011764705882352938,0.2868823529411765,0.12338340110330918,0.6933333333333332,3.7,0.1088235294117647,16.729651856422425
