classifier,all_fitness,best,avg,std_dev,acc,n_features,selected_rate,execution_time
knn,"[0.14058823529411762, 0.13176470588235292, 0.3088235294117648, 0.02058823529411764, 0.19470588235294115, 0.25764705882352945, 0.3088235294117648, 0.311764705882353, 0.36882352941176477, 0.18882352941176467]",0.02058823529411764,0.22323529411764712,0.10155273742006495,0.7666666666666665,4.5,0.13235294117647056,7.022545003890992
svc,"[0.36882352941176477, 0.1917647058823529, 0.24882352941176475, 0.1917647058823529, 0.431764705882353, 0.4888235294117647, 0.3088235294117648, 0.1917647058823529, 0.311764705882353, 0.3088235294117648]",0.1917647058823529,0.3042941176470589,0.09778871723257794,0.6733333333333335,3.5,0.10294117647058823,16.68061680793762
