classifier,all_fitness,best,avg,std_dev,acc,n_features,selected_rate,execution_time
knn,"[0.3823529411764706, 0.08235294117647056, 0.27117647058823524, 0.20235294117647054, 0.3970588235294118, 0.2052941176470588, 0.4541176470588235, 0.0852941176470588, 0.1452941176470588, 0.15117647058823527]",0.08235294117647056,0.23764705882352938,0.12647606007314705,0.8333333333333334,29.8,0.876470588235294,0.4926816701889038
svc,"[0.2623529411764705, 0.13352941176470587, 0.3194117647058824, 0.44823529411764707, 0.08235294117647056, 0.19352941176470584, 0.14823529411764702, 0.43058823529411766, 0.15117647058823527, 0.4423529411764706]",0.08235294117647056,0.26117647058823534,0.13327132352738336,0.8,27.6,0.811764705882353,1.729912567138672
