classifier,all_fitness,best,avg,std_dev,acc,n_features,selected_rate,execution_time
knn,"[0.16705882352941173, 0.16999999999999998, 0.05294117647058823, 0.1729411764705882, 0.22999999999999995, 0.16705882352941173, 0.22117647058823525, 0.2329411764705882, 0.04705882352941175, 0.10117647058823527]",0.04705882352941175,0.15623529411764706,0.06470385023546989,0.8800000000000001,16.4,0.48235294117647054,6.379526209831238
svc,"[0.10705882352941173, 0.16117647058823525, 0.1641176470588235, 0.15823529411764703, 0.22117647058823525, 0.21529411764705877, 0.16705882352941173, 0.03823529411764705, 0.03823529411764705, 0.04705882352941175]",0.03823529411764705,0.13176470588235292,0.06641590671187031,0.9,14.2,0.41764705882352937,16.622092485427856
