classifier,all_fitness,best,avg,std_dev,acc,n_features,selected_rate,execution_time
knn,"[0.3320588235294118, 0.20152941176470585, 0.1334705882352941, 0.0026470588235294142, 0.06805882352941175]",0.0026470588235294142,0.1475529411764706,0.11355282660095144,0.8533333333333333,8.0,0.23529411764705882,20.67217049598694
svc,"[0.20035294117647054, 0.13376470588235292, 0.06864705882352941, 0.13435294117647056, 0.33235294117647063]",0.06864705882352941,0.1738941176470588,0.08950987187249103,0.8266666666666668,7.8,0.22941176470588237,52.83506965637207
