classifier,best,avg,std_dev,acc,n_features,selected_rate,execution_time
knn,0.0050000000000000044,0.0854941176470588,0.0782690029105328,0.9200000000000002,21.4,0.6294117647058823,5.724436235427857
svc,0.1361176470588235,0.24542352941176476,0.09993840594435639,0.76,26.6,0.7823529411764706,16.59195876121521
