classifier,best,avg,std_dev,acc,n_features,selected_rate,execution_time
knn,0.0052941176470588285,0.0714705882352941,0.059429444078919424,0.9333333333333333,18.6,0.5470588235294117,1.100546407699585
svc,0.0052941176470588285,0.2031764705882353,0.16133069049471563,0.7999999999999999,17.6,0.5176470588235295,2.811006546020508
