classifier,all_fitness,best,avg,std_dev,acc,n_features,selected_rate,execution_time
knn,"[0.04117647058823528, 0.2841176470588236, 0.22999999999999995, 0.1788235294117647, 0.16117647058823525, 0.21529411764705877, 0.35294117647058826, 0.0588235294117647, 0.05588235294117646, 0.22999999999999995]",0.04117647058823528,0.1808235294117647,0.09833851568851378,0.8533333333333333,16.6,0.4882352941176471,6.400854110717773
svc,"[0.1641176470588235, 0.29294117647058826, 0.10999999999999999, 0.10705882352941173, 0.29000000000000004, 0.10117647058823527, 0.09823529411764703, 0.22999999999999995, 0.05294117647058823, 0.04999999999999999]",0.04999999999999999,0.1496470588235294,0.08634693038865514,0.8866666666666667,16.2,0.4764705882352941,18.62972366809845
