classifier,all_fitness,best,avg,std_dev,acc,n_features,selected_rate,execution_time
knn,"[0.0764705882352941, 0.1541176470588235, 0.3311764705882353, 0.21117647058823524, 0.3794117647058824, 0.13941176470588232, 0.268235294117647, 0.1364705882352941, 0.2052941176470588, 0.31647058823529417]",0.0764705882352941,0.2218235294117647,0.0938505216566478,0.8466666666666667,28.5,0.8382352941176471,0.4993117332458496
svc,"[0.0764705882352941, 0.39117647058823535, 0.08235294117647056, 0.3194117647058824, 0.14235294117647054, 0.1452941176470588, 0.15117647058823527, 0.32529411764705884, 0.31647058823529417, 0.2505882352941176]",0.0764705882352941,0.22005882352941172,0.10789218314313141,0.8466666666666667,27.9,0.8205882352941176,1.6775752782821656
