classifier,best,avg,std_dev,acc,n_features,selected_rate,execution_time
knn,0.0017647058823529428,0.12074117647058824,0.09710390824544497,0.8800000000000001,6.6,0.19411764705882356,21.35449113845825
svc,0.06805882352941175,0.17360000000000003,0.10722305050945734,0.8266666666666668,6.8,0.2,49.91256742477417
