classifier,all_fitness,best,avg,std_dev,acc,n_features,selected_rate,execution_time
knn,"[0.2958823529411765, 0.24176470588235288, 0.18470588235294116, 0.12176470588235291, 0.30764705882352944]",0.12176470588235291,0.23035294117647057,0.06967606709092812,0.8133333333333332,21.2,0.623529411764706,9.096041059494018
svc,"[0.3470588235294118, 0.0588235294117647, 0.10999999999999999, 0.17588235294117643, 0.11294117647058821]",0.0588235294117647,0.1609411764705882,0.10018985437865069,0.8799999999999999,18.0,0.5294117647058824,31.199114179611207
