classifier,all_fitness,best,avg,std_dev,acc,n_features,selected_rate,execution_time
knn,"[0.05294117647058823, 0.29882352941176477, 0.06764705882352941, 0.1817647058823529, 0.1276470588235294]",0.05294117647058823,0.14576470588235294,0.08918500657579098,0.9066666666666666,21.0,0.6176470588235295,1.0851012229919434
svc,"[0.11588235294117645, 0.22999999999999995, 0.1788235294117647, 0.3047058823529412, 0.06176470588235293]",0.06176470588235293,0.17823529411764705,0.08500356190379425,0.8666666666666668,19.8,0.5823529411764705,2.5559809684753416
