classifier,all_fitness,best,avg,std_dev,acc,n_features,selected_rate,execution_time
knn,"[0.0864705882352941, 0.02941176470588235, 0.14941176470588233, 0.1552941176470588, 0.1464705882352941, 0.43764705882352944, 0.20941176470588233, 0.09235294117647058, 0.08941176470588234, 0.0864705882352941]",0.02941176470588235,0.14823529411764705,0.10765123746309486,0.8666666666666668,9.6,0.2823529411764706,4.699276876449585
svc,"[0.2694117647058824, 0.026470588235294114, 0.27235294117647063, 0.21235294117647055, 0.4464705882352942, 0.02058823529411764, 0.20352941176470585, 0.2664705882352942, 0.20941176470588233, 0.026470588235294114]",0.02058823529411764,0.1953529411764706,0.12948753129643673,0.8133333333333332,9.3,0.2735294117647059,12.320963072776795
