classifier,all_fitness,best,avg,std_dev,acc,n_features,selected_rate,execution_time
knn,"[0.16117647058823525, 0.23588235294117643, 0.1552941176470588, 0.1729411764705882, 0.10117647058823527]",0.10117647058823527,0.16529411764705879,0.04305625193220872,0.8666666666666666,15.4,0.45294117647058824,30.50592174530029
svc,"[0.21823529411764703, 0.21529411764705877, 0.16999999999999998, 0.04705882352941175, 0.15823529411764703]",0.04705882352941175,0.16176470588235292,0.06211608732444654,0.8666666666666668,14.2,0.4176470588235294,98.65534930229187
