classifier,all_fitness,best,avg,std_dev,acc,n_features,selected_rate,execution_time
knn,"[0.1464705882352941, 0.14941176470588233, 0.023529411764705875, 0.20647058823529407, 0.20647058823529407]",0.023529411764705875,0.14647058823529407,0.06681793679993935,0.8666666666666666,9.0,0.2647058823529412,5.014671087265015
svc,"[0.1376470588235294, 0.2635294117647059, 0.2605882352941177, 0.1464705882352941, 0.02058823529411764]",0.02058823529411764,0.16576470588235298,0.09032000012259374,0.8400000000000001,7.4,0.2176470588235294,12.708547019958496
