classifier,all_fitness,best,avg,std_dev,acc,n_features,selected_rate,execution_time
knn,"[0.14941176470588233, 0.14058823529411762, 0.20647058823529407, 0.15235294117647058, 0.14352941176470585, 0.09235294117647058, 0.02941176470588235, 0.1464705882352941, 0.20647058823529407, 0.026470588235294114]",0.026470588235294114,0.1293529411764706,0.05948769172802073,0.8866666666666667,9.3,0.2735294117647059,8.547630572319031
svc,"[0.1464705882352941, 0.1464705882352941, 0.2694117647058824, 0.20352941176470585, 0.1464705882352941, 0.02058823529411764, 0.02058823529411764, 0.08058823529411763, 0.20647058823529407, 0.14352941176470585]",0.02058823529411764,0.13841176470588237,0.07573814386414655,0.8733333333333333,8.3,0.24411764705882355,20.22660014629364
