classifier,all_fitness,best,avg,std_dev,acc,n_features,selected_rate,execution_time
knn,"[0.11294117647058821, 0.2841176470588236, 0.29000000000000004, 0.09823529411764703, 0.22411764705882348]",0.09823529411764703,0.20188235294117648,0.08206706684296458,0.8266666666666665,15.6,0.4588235294117647,6.068979930877686
svc,"[0.04117647058823528, 0.2811764705882353, 0.3470588235294118, 0.09529411764705881, 0.3470588235294118]",0.04117647058823528,0.2223529411764706,0.12925337901253947,0.7999999999999999,14.4,0.4235294117647059,17.0901038646698
