classifier,all_fitness,best,avg,std_dev,acc,n_features,selected_rate,execution_time
knn,"[0.13376470588235292, 0.13405882352941176, 0.1997647058823529, 0.26664705882352946, 0.13435294117647056]",0.13376470588235292,0.17371764705882353,0.05297728703110865,0.8266666666666665,7.2,0.21176470588235294,32.14635705947876
svc,"[0.06776470588235294, 0.06805882352941175, 0.3980588235294118, 0.2654705882352942, 0.20005882352941173]",0.06776470588235294,0.19988235294117646,0.12522641639575016,0.8,6.4,0.18823529411764706,48.60925168991089
