classifier,all_fitness,best,avg,std_dev,acc,n_features,selected_rate,execution_time
knn,"[0.1346470588235294, 0.1349411764705882, 0.201235294117647, 0.201235294117647, 0.26605882352941185]",0.1346470588235294,0.1876235294117647,0.04920282997459245,0.8133333333333332,9.6,0.2823529411764706,5.3351469993591305
svc,"[0.20005882352941173, 0.20035294117647054, 0.06952941176470588, 0.00235294117647059, 0.20064705882352937]",0.00235294117647059,0.13458823529411762,0.08329944316640962,0.8666666666666666,8.8,0.25882352941176473,12.83701400756836
