classifier,all_fitness,best,avg,std_dev,acc,n_features,selected_rate,execution_time
knn,"[0.22411764705882348, 0.1276470588235294, 0.10705882352941173, 0.10705882352941173, 0.0588235294117647, 0.11294117647058821, 0.35294117647058826, 0.11588235294117645, 0.12176470588235291, 0.29294117647058826]",0.0588235294117647,0.1621176470588235,0.09026496942824695,0.8799999999999999,18.4,0.5411764705882354,8.881353902816773
svc,"[0.16999999999999998, 0.16999999999999998, 0.23588235294117643, 0.11588235294117645, 0.17588235294117643, 0.10411764705882351, 0.10999999999999999, 0.35294117647058826, 0.35882352941176476, 0.05588235294117646]",0.05588235294117646,0.18494117647058822,0.09754821361377541,0.8533333333333335,18.0,0.5294117647058822,31.573986530303955
