classifier,all_fitness,best,avg,std_dev,acc,n_features,selected_rate,execution_time
knn,"[0.2811764705882353, 0.2476470588235294, 0.05588235294117646, 0.05294117647058823, 0.23588235294117643, 0.05588235294117646, 0.23588235294117643, 0.12176470588235291, 0.06176470588235293, 0.24176470588235288]",0.05294117647058823,0.15905882352941172,0.0920941296702628,0.8866666666666667,19.4,0.5705882352941176,1.104549479484558
svc,"[0.17588235294117643, 0.22999999999999995, 0.10705882352941173, 0.11588235294117645, 0.06176470588235293, 0.0588235294117647, 0.04705882352941175, 0.1729411764705882, 0.16705882352941173, 0.17588235294117643]",0.04705882352941175,0.13123529411764703,0.058940149104583936,0.9133333333333334,18.1,0.5323529411764706,2.5812901735305784
