classifier,all_fitness,best,avg,std_dev,acc,n_features,selected_rate,execution_time
knn,"[0.2690000000000001, 0.007352941176470595, 0.07041176470588234, 0.13641176470588234, 0.07129411764705881]",0.007352941176470595,0.11089411764705884,0.08896783291795778,0.8933333333333333,18.0,0.5294117647058824,5.86822190284729
svc,"[0.4001176470588236, 0.00470588235294118, 0.2035882352941176, 0.07041176470588234, 0.07011764705882352]",0.00470588235294118,0.1497882352941176,0.14089440744203763,0.8533333333333335,15.6,0.4588235294117647,15.220544385910035
