classifier,all_fitness,best,avg,std_dev,acc,n_features,selected_rate,execution_time
knn,"[0.2664705882352942, 0.21235294117647055, 0.1552941176470588, 0.21235294117647055, 0.15823529411764703, 0.15823529411764703, 0.08352941176470587, 0.02941176470588235, 0.1552941176470588, 0.22117647058823525]",0.02941176470588235,0.16523529411764706,0.06575536606308237,0.8533333333333335,11.3,0.3323529411764706,4.71859974861145
svc,"[0.16117647058823525, 0.08352941176470587, 0.10117647058823527, 0.0864705882352941, 0.07470588235294116, 0.14352941176470585, 0.21235294117647055, 0.08941176470588234, 0.20647058823529407, 0.08352941176470587]",0.07470588235294116,0.12423529411764704,0.05020153156653984,0.8933333333333333,9.6,0.2823529411764706,12.262798237800599
