classifier,all_fitness,best,avg,std_dev,acc,n_features,selected_rate,execution_time
knn,"[0.17588235294117643, 0.2329411764705882, 0.16999999999999998, 0.16705882352941173, 0.11588235294117645]",0.11588235294117645,0.17235294117647054,0.03716418263043377,0.8666666666666666,17.8,0.523529411764706,6.688761472702026
svc,"[0.2870588235294118, 0.5270588235294117, 0.11882352941176469, 0.5358823529411765, 0.2811764705882353]",0.11882352941176469,0.35,0.1600268143620902,0.6666666666666667,17.0,0.4999999999999999,17.6287962436676
