classifier,all_fitness,best,avg,std_dev,acc,n_features,selected_rate,execution_time
knn,"[0.06923529411764705, 0.06835294117647057, 0.1349411764705882, 0.06894117647058823, 0.06894117647058823]",0.06835294117647057,0.08208235294117645,0.02643096642499417,0.9200000000000002,9.8,0.2882352941176471,9.296255588531494
svc,"[0.13552941176470587, 0.265764705882353, 0.1349411764705882, 0.20064705882352937, 0.20064705882352937]",0.1349411764705882,0.1875058823529412,0.04885575973736949,0.8133333333333332,9.2,0.27058823529411763,25.527895832061766
