classifier,all_fitness,best,avg,std_dev,acc,n_features,selected_rate,execution_time
knn,"[0.11294117647058821, 0.1788235294117647, 0.1788235294117647, 0.24176470588235288, 0.17588235294117643, 0.22411764705882348, 0.23588235294117643, 0.22999999999999995, 0.3558823529411765, 0.11882352941176469]",0.11294117647058821,0.2052941176470588,0.06646798537329664,0.8333333333333334,18.8,0.5529411764705883,8.829739928245544
svc,"[0.1788235294117647, 0.2958823529411765, 0.1817647058823529, 0.16999999999999998, 0.06176470588235293, 0.22999999999999995, 0.1817647058823529, 0.0588235294117647, 0.16999999999999998, 0.12176470588235291]",0.0588235294117647,0.16505882352941176,0.06779278421554541,0.8800000000000001,19.4,0.5705882352941176,31.64359748363495
