classifier,best,avg,std_dev,acc,n_features,selected_rate,execution_time
knn,0.00470588235294118,0.15008235294117653,0.10532294446015926,0.8533333333333333,16.6,0.4882352941176471,33.235147619247435
svc,0.004117647058823533,0.057270588235294115,0.04948600305409496,0.9466666666666667,15.2,0.4470588235294118,101.14317746162415
