classifier,best,avg,std_dev,acc,n_features,selected_rate,execution_time
knn,0.07041176470588234,0.1767176470588235,0.12218696547861385,0.8266666666666668,17.4,0.5117647058823529,5.744859647750855
svc,0.07041176470588234,0.1100705882352941,0.05268268134306385,0.8933333333333333,15.2,0.4470588235294118,15.495483875274658
