classifier,all_fitness,best,avg,std_dev,acc,n_features,selected_rate,execution_time
knn,"[0.1641176470588235, 0.03823529411764705, 0.21235294117647055, 0.08058823529411763, 0.0776470588235294, 0.20352941176470585, 0.14941176470588233, 0.13470588235294115, 0.21529411764705877, 0.20941176470588233]",0.03823529411764705,0.14852941176470585,0.06123936246868457,0.8666666666666666,9.7,0.2852941176470588,19.301476669311523
svc,"[0.023529411764705875, 0.2605882352941177, 0.19764705882352937, 0.0776470588235294, 0.25764705882352945, 0.07470588235294116, 0.0776470588235294, 0.19470588235294115, 0.20647058823529407, 0.0776470588235294]",0.023529411764705875,0.1448235294117647,0.08268998257342348,0.86,6.4,0.18823529411764708,47.54289650917053
