classifier,best,avg,std_dev,acc,n_features,selected_rate,execution_time
knn,0.004117647058823533,0.1629294117647059,0.09922151932012419,0.8400000000000001,15.4,0.45294117647058824,6.317255210876465
svc,0.00470588235294118,0.08378823529411762,0.06433122119749665,0.9200000000000002,15.6,0.4588235294117647,16.709333753585817
