classifier,all_fitness,best,avg,std_dev,acc,n_features,selected_rate,execution_time
knn,"[0.1361176470588235, 0.004117647058823533, 0.13582352941176468, 0.20241176470588232, 0.3355882352941177]",0.004117647058823533,0.16281176470588235,0.10774472843341486,0.8400000000000001,15.0,0.44117647058823534,7.74142804145813
svc,"[0.20299999999999996, 0.20299999999999996, 0.0061764705882353, 0.07041176470588234, 0.13729411764705882]",0.0061764705882353,0.12397647058823527,0.07669786677715415,0.8800000000000001,17.6,0.5176470588235293,20.63555054664612
