classifier,all_fitness,best,avg,std_dev,acc,n_features,selected_rate,execution_time
knn,"[0.23882352941176466, 0.10411764705882351, 0.04705882352941175, 0.2870588235294118, 0.04117647058823528]",0.04117647058823528,0.1436470588235294,0.10101245255380278,0.8933333333333333,16.2,0.4764705882352941,7.36419529914856
svc,"[0.2782352941176471, 0.04999999999999999, 0.10705882352941173, 0.11588235294117645, 0.2958823529411765]",0.04999999999999999,0.16941176470588235,0.0988431353100653,0.8666666666666668,16.8,0.49411764705882355,20.813191843032836
