classifier,best,avg,std_dev,acc,n_features,selected_rate,execution_time
knn,0.002941176470588238,0.10854117647058821,0.06725269601367119,0.8933333333333333,10.0,0.29411764705882354,9.915909719467162
svc,0.00235294117647059,0.056211764705882336,0.07715209084080135,0.9466666666666667,11.6,0.3411764705882353,27.3327917098999
