classifier,all_fitness,best,avg,std_dev,acc,n_features,selected_rate,execution_time
knn,"[0.07158823529411765, 0.13729411764705882, 0.004411764705882356, 0.26752941176470596, 0.06923529411764705]",0.004411764705882356,0.11001176470588236,0.0892710301083672,0.8933333333333333,15.0,0.44117647058823534,6.043330717086792
svc,"[0.13788235294117646, 0.07011764705882352, 0.07041176470588234, 0.07041176470588234, 0.071]",0.07011764705882352,0.08396470588235293,0.026960347661348156,0.9200000000000002,16.2,0.4764705882352941,15.47472333908081
