classifier,all_fitness,best,avg,std_dev,acc,n_features,selected_rate,execution_time
knn,"[0.07188235294117647, 0.007058823529411771, 0.13729411764705882, 0.13876470588235293, 0.2035882352941176]",0.007058823529411771,0.11171764705882352,0.06688232086501376,0.8933333333333333,20.8,0.6117647058823529,1.238475465774536
svc,"[0.0055882352941176525, 0.13699999999999998, 0.13729411764705882, 0.20299999999999996, 0.0061764705882353]",0.0055882352941176525,0.09781176470588235,0.07881794888059408,0.9066666666666666,18.4,0.5411764705882354,2.6913137912750242
