classifier,all_fitness,best,avg,std_dev,acc,n_features,selected_rate,execution_time
knn,"[0.07041176470588234, 0.201235294117647, 0.20182352941176465, 0.33529411764705885, 0.13582352941176468]",0.07041176470588234,0.1889176470588235,0.08787148212157467,0.8133333333333332,14.0,0.4117647058823529,10.175393295288085
svc,"[0.20241176470588232, 0.07041176470588234, 0.0055882352941176525, 0.07041176470588234, 0.20211764705882349]",0.0055882352941176525,0.11018823529411763,0.07881838789201534,0.8933333333333333,15.6,0.4588235294117647,20.69553847312927
