classifier,all_fitness,best,avg,std_dev,acc,n_features,selected_rate,execution_time
knn,"[0.07394117647058823, 0.0055882352941176525, 0.07247058823529412, 0.46729411764705886, 0.13788235294117646]",0.0055882352941176525,0.15143529411764706,0.16337846016435198,0.8533333333333333,21.2,0.6235294117647059,10.17544379234314
svc,"[0.07305882352941176, 0.0050000000000000044, 0.2035882352941176, 0.2692941176470589, 0.07070588235294117]",0.0050000000000000044,0.12432941176470588,0.0969952490542725,0.8800000000000001,18.8,0.5529411764705883,33.321104764938354
