classifier,all_fitness,best,avg,std_dev,acc,n_features,selected_rate,execution_time
knn,"[0.3147058823529412, 0.5517647058823529, 0.3747058823529412, 0.49176470588235294, 0.3747058823529412]",0.3147058823529412,0.4215294117647058,0.08682209467968087,0.5466666666666666,4.6,0.13529411764705884,6.284168672561646
svc,"[0.431764705882353, 0.37764705882352945, 0.2547058823529412, 0.07470588235294116, 0.311764705882353]",0.07470588235294116,0.2901176470588236,0.12316663818277121,0.6933333333333332,4.8,0.1411764705882353,17.328356790542603
