classifier,all_fitness,best,avg,std_dev,acc,n_features,selected_rate,execution_time
knn,"[0.19917647058823526, 0.1334705882352941, 0.2654705882352942, 0.19917647058823526, 0.39688235294117646]",0.1334705882352941,0.23883529411764703,0.08937077543431132,0.76,4.2,0.12352941176470589,6.978933811187744
svc,"[0.5288823529411765, 0.06717647058823528, 0.2654705882352942, 0.5288823529411765, 0.2648823529411765]",0.06717647058823528,0.3310588235294118,0.17696515794931972,0.6666666666666667,3.6,0.10588235294117647,18.283090829849243
