classifier,all_fitness,best,avg,std_dev,acc,n_features,selected_rate,execution_time
knn,"[0.29000000000000004, 0.2811764705882353, 0.16705882352941173, 0.29000000000000004, 0.04999999999999999, 0.35294117647058826, 0.16705882352941173, 0.16705882352941173, 0.1641176470588235, 0.15823529411764703]",0.04999999999999999,0.20876470588235296,0.08613920093497655,0.8200000000000001,15.9,0.46764705882352936,6.10840904712677
svc,"[0.22117647058823525, 0.16999999999999998, 0.27529411764705886, 0.16999999999999998, 0.16999999999999998, 0.22117647058823525, 0.16705882352941173, 0.04705882352941175, 0.04117647058823528, 0.1641176470588235]",0.04117647058823528,0.16470588235294117,0.06913604260834759,0.8666666666666666,15.2,0.4470588235294118,16.709531593322755
