classifier,all_fitness,best,avg,std_dev,acc,n_features,selected_rate,execution_time
knn,"[0.10411764705882351, 0.10117647058823527, 0.22411764705882348, 0.09529411764705881, 0.16705882352941173, 0.09823529411764703, 0.2270588235294117, 0.05294117647058823, 0.2270588235294117, 0.22117647058823525]",0.05294117647058823,0.1518235294117647,0.06501926783893691,0.8800000000000001,14.9,0.4382352941176471,6.817219519615174
svc,"[0.1641176470588235, 0.10411764705882351, 0.1641176470588235, 0.2841176470588236, 0.21529411764705877, 0.4641176470588236, 0.03823529411764705, 0.1552941176470588, 0.04411764705882352, 0.4011764705882353]",0.03823529411764705,0.20347058823529413,0.13477892959061405,0.8200000000000001,14.1,0.4147058823529412,20.430682277679445
