classifier,all_fitness,best,avg,std_dev,acc,n_features,selected_rate,execution_time
knn,"[0.04117647058823528, 0.1552941176470588, 0.2782352941176471, 0.09529411764705881, 0.16117647058823525, 0.035294117647058816, 0.08941176470588234, 0.21529411764705877, 0.22117647058823525, 0.035294117647058816]",0.035294117647058816,0.13276470588235292,0.0823269076498285,0.8933333333333333,12.5,0.3676470588235294,29.985035252571105
svc,"[0.15235294117647058, 0.09529411764705881, 0.21529411764705877, 0.15235294117647058, 0.21235294117647055, 0.22117647058823525, 0.21529411764705877, 0.15823529411764703, 0.14941176470588233, 0.27529411764705886]",0.09529411764705881,0.18470588235294116,0.04919982558272176,0.8333333333333333,11.8,0.34705882352941175,100.1980946302414
