classifier,all_fitness,best,avg,std_dev,acc,n_features,selected_rate,execution_time
knn,"[0.13699999999999998, 0.07041176470588234, 0.13552941176470587, 0.07070588235294117, 0.13582352941176468]",0.07041176470588234,0.10989411764705881,0.03212103839022698,0.8933333333333333,14.6,0.4294117647058823,33.19072313308716
svc,"[0.26752941176470596, 0.1361176470588235, 0.2678235294117648, 0.07011764705882352, 0.07041176470588234]",0.07011764705882352,0.16240000000000002,0.0892579900565061,0.8400000000000001,13.6,0.39999999999999997,101.24928479194641
