classifier,best,avg,std_dev,acc,n_features,selected_rate,execution_time
knn,0.0050000000000000044,0.11118823529411763,0.07949509701753302,0.8933333333333333,19.0,0.5588235294117647,10.123012399673462
svc,0.005882352941176476,0.12450588235294116,0.07658642448387906,0.8800000000000001,19.4,0.5705882352941176,32.09109272956848
