classifier,all_fitness,best,avg,std_dev,acc,n_features,selected_rate,execution_time
knn,"[0.12470588235294117, 0.06764705882352941, 0.1788235294117647, 0.2329411764705882, 0.16999999999999998, 0.11882352941176469, 0.05588235294117646, 0.16705882352941173, 0.23882352941176466, 0.10999999999999999]",0.05588235294117646,0.14647058823529407,0.05917600280484038,0.9000000000000001,19.2,0.5647058823529412,1.0209369659423828
svc,"[0.0588235294117647, 0.23588235294117643, 0.2329411764705882, 0.1788235294117647, 0.11588235294117645, 0.2329411764705882, 0.11588235294117645, 0.1788235294117647, 0.23588235294117643, 0.05294117647058823]",0.05294117647058823,0.16388235294117645,0.0695025328756051,0.8800000000000001,19.0,0.5588235294117647,3.524022626876831
