classifier,all_fitness,best,avg,std_dev,acc,n_features,selected_rate,execution_time
knn,"[0.1641176470588235, 0.29000000000000004, 0.2870588235294118, 0.11588235294117645, 0.3558823529411765, 0.10999999999999999, 0.10411764705882351, 0.1729411764705882, 0.10999999999999999, 0.35294117647058826]",0.10411764705882351,0.20629411764705882,0.0987230055960111,0.8266666666666668,17.1,0.5029411764705882,5.630281543731689
svc,"[0.04705882352941175, 0.22411764705882348, 0.2270588235294117, 0.04705882352941175, 0.04411764705882352, 0.1641176470588235, 0.10411764705882351, 0.16705882352941173, 0.16705882352941173, 0.16705882352941173]",0.04411764705882352,0.13588235294117643,0.06709751205944578,0.9000000000000001,15.6,0.4588235294117647,15.252476835250855
