classifier,all_fitness,best,avg,std_dev,acc,n_features,selected_rate,execution_time
knn,"[0.08941176470588234, 0.0864705882352941, 0.023529411764705875, 0.21235294117647055, 0.2005882352941176]",0.023529411764705875,0.12247058823529408,0.07260777694817822,0.8933333333333333,9.0,0.2647058823529412,8.522649478912353
svc,"[0.023529411764705875, 0.1917647058823529, 0.017647058823529408, 0.2694117647058824, 0.1376470588235294]",0.017647058823529408,0.12799999999999997,0.09720922393473308,0.8800000000000001,6.8,0.2,20.60244174003601
