classifier,all_fitness,best,avg,std_dev,acc,n_features,selected_rate,execution_time
knn,"[0.13405882352941176, 0.20182352941176465, 0.1346470588235294, 0.06894117647058823, 0.13376470588235292]",0.06894117647058823,0.1346470588235294,0.042026338750704016,0.8666666666666668,9.0,0.2647058823529412,10.770672750473022
svc,"[0.13405882352941176, 0.1334705882352941, 0.0017647058823529428, 0.06864705882352941, 0.1346470588235294]",0.0017647058823529428,0.09451764705882351,0.05284619453486323,0.9066666666666666,7.2,0.21176470588235294,21.6119845867157
