classifier,all_fitness,best,avg,std_dev,acc,n_features,selected_rate,execution_time
knn,"[0.26870588235294124, 0.3341176470588236, 0.07217647058823529, 0.2692941176470589, 0.13699999999999998]",0.07217647058823529,0.21625882352941178,0.09643217743207225,0.7866666666666666,17.2,0.5058823529411764,7.6401468276977536
svc,"[0.13699999999999998, 0.33588235294117647, 0.270764705882353, 0.1361176470588235, 0.0052941176470588285]",0.0052941176470588285,0.17701176470588237,0.11557655321897795,0.8266666666666665,18.4,0.5411764705882354,18.74373745918274
