classifier,best,avg,std_dev,acc,n_features,selected_rate,execution_time
knn,0.06805882352941175,0.12138823529411762,0.04953305282131626,0.8800000000000001,8.8,0.25882352941176473,5.211604166030884
svc,0.001470588235294119,0.028458823529411766,0.05338920746788102,0.9733333333333334,7.0,0.2058823529411765,12.790101909637452
