classifier,all_fitness,best,avg,std_dev,acc,n_features,selected_rate,execution_time
knn,"[0.10705882352941173, 0.2652941176470588, 0.14823529411764702, 0.31647058823529417, 0.24176470588235288, 0.2329411764705882, 0.3941176470588236, 0.5270588235294117, 0.14823529411764702, 0.04117647058823528]",0.04117647058823528,0.24223529411764702,0.13663499225039843,0.8066666666666666,23.2,0.6823529411764706,5.867806458473206
svc,"[0.17588235294117643, 0.1729411764705882, 0.04999999999999999, 0.35882352941176476, 0.43647058823529417, 0.22999999999999995, 0.21705882352941172, 0.22117647058823525, 0.2594117647058823, 0.35882352941176476]",0.04999999999999999,0.24805882352941175,0.10595032132200119,0.7933333333333333,21.1,0.6205882352941177,18.234902262687683
