classifier,all_fitness,best,avg,std_dev,acc,n_features,selected_rate,execution_time
knn,"[0.4011764705882353, 0.17588235294117643, 0.1641176470588235, 0.2329411764705882, 0.3558823529411765, 0.10999999999999999, 0.04705882352941175, 0.10411764705882351, 0.11588235294117645, 0.16999999999999998]",0.04705882352941175,0.18770588235294114,0.10717945692230005,0.8466666666666667,16.9,0.4970588235294118,6.522723293304443
svc,"[0.04411764705882352, 0.2329411764705882, 0.16999999999999998, 0.16705882352941173, 0.10411764705882351, 0.04411764705882352, 0.4670588235294118, 0.2270588235294117, 0.16999999999999998, 0.1817647058823529]",0.04411764705882352,0.18082352941176466,0.1142234803366086,0.8533333333333333,16.6,0.4882352941176471,17.88017578125
