classifier,all_fitness,best,avg,std_dev,acc,n_features,selected_rate,execution_time
knn,"[0.05294117647058823, 0.10411764705882351, 0.11294117647058821, 0.16117647058823525, 0.22117647058823525]",0.05294117647058823,0.1304705882352941,0.05689108151291678,0.9066666666666666,15.8,0.46470588235294114,5.193349552154541
svc,"[0.06176470588235293, 0.03823529411764705, 0.16999999999999998, 0.035294117647058816, 0.22117647058823525]",0.035294117647058816,0.1052941176470588,0.07603586842535061,0.9333333333333333,15.4,0.45294117647058824,14.75469241142273
