classifier,all_fitness,best,avg,std_dev,acc,n_features,selected_rate,execution_time
knn,"[0.014705882352941175, 0.2605882352941177, 0.07470588235294116, 0.0776470588235294, 0.0776470588235294]",0.014705882352941175,0.10105882352941178,0.08330325639464257,0.9066666666666668,5.8,0.17058823529411765,18.72149658203125
svc,"[0.2605882352941177, 0.2605882352941177, 0.14058823529411762, 0.2547058823529412, 0.38058823529411767]",0.14058823529411762,0.2594117647058824,0.07593112887465807,0.7333333333333333,6.6,0.19411764705882356,51.27598786354065
