classifier,all_fitness,best,avg,std_dev,acc,n_features,selected_rate,execution_time
knn,"[0.1381764705882353, 0.1399411764705882, 0.27370588235294124, 0.20799999999999996, 0.07070588235294117]",0.07070588235294117,0.16610588235294116,0.06913563620718065,0.8400000000000001,26.2,0.7705882352941177,5.599062538146972
svc,"[0.0748235294117647, 0.4711176470588236, 0.2734117647058824, 0.07511764705882353, 0.4051176470588236]",0.0748235294117647,0.25991764705882353,0.16387888430094708,0.7466666666666668,31.0,0.9117647058823529,17.167311477661134
