classifier,best,avg,std_dev,acc,n_features,selected_rate,execution_time
knn,0.003235294117647062,0.10995294117647056,0.08887012723953382,0.8933333333333333,14.8,0.4352941176470589,6.4927572250366214
svc,0.0050000000000000044,0.1496705882352941,0.11381940773811236,0.8533333333333333,15.2,0.4470588235294118,16.870160245895384
