classifier,all_fitness,best,avg,std_dev,acc,n_features,selected_rate,execution_time
knn,"[0.07247058823529412, 0.13670588235294115, 0.2740000000000001, 0.2734117647058824, 0.33882352941176475]",0.07247058823529412,0.2190823529411765,0.09857634071163775,0.7866666666666666,26.8,0.788235294117647,5.729163646697998
svc,"[0.20682352941176466, 0.27252941176470596, 0.406, 0.07511764705882353, 0.07188235294117647]",0.07188235294117647,0.20647058823529413,0.12612966909338003,0.8,28.8,0.8470588235294118,17.105657815933228
