classifier,all_fitness,best,avg,std_dev,acc,n_features,selected_rate,execution_time
knn,"[0.09529411764705881, 0.16117647058823525, 0.03823529411764705, 0.15823529411764703, 0.21529411764705877, 0.15235294117647058, 0.15823529411764703, 0.032352941176470584, 0.15823529411764703, 0.16117647058823525]",0.032352941176470584,0.13305882352941173,0.0558363897663999,0.8933333333333333,12.6,0.3705882352941176,30.488118171691895
svc,"[0.20941176470588233, 0.14941176470588233, 0.2782352941176471, 0.09823529411764703, 0.09235294117647058, 0.09235294117647058, 0.15823529411764703, 0.1464705882352941, 0.035294117647058816, 0.09529411764705881]",0.035294117647058816,0.13552941176470587,0.06590661318031488,0.8866666666666667,11.4,0.33529411764705885,102.0655336856842
