classifier,all_fitness,best,avg,std_dev,acc,n_features,selected_rate,execution_time
knn,"[0.4525, 0.5575, 0.38, 0.44, 0.3925, 0.5125, 0.5125, 0.4375, 0.3775, 0.53]",0.3775,0.45925000000000005,0.062159572874980404,0.555,4.7,0.5875,25.186229252815245
svc,"[0.49749999999999994, 0.4375, 0.495, 0.56, 0.405, 0.48250000000000004, 0.5099999999999999, 0.5900000000000001, 0.36250000000000004, 0.3325000000000001]",0.3325000000000001,0.4672500000000001,0.07829790865661737,0.5516666666666667,5.1,0.6375,92.38763689994812
