classifier,all_fitness,best,avg,std_dev,acc,n_features,selected_rate,execution_time
knn,"[0.6025, 0.5874999999999999, 0.5700000000000001, 0.5549999999999999, 0.5425, 0.5700000000000001, 0.43500000000000005, 0.47000000000000003, 0.4475, 0.5725]",0.43500000000000005,0.5352499999999999,0.057884043569882006,0.48166666666666663,5.5,0.6875,39.25108668804169
svc,"[0.48, 0.5225, 0.525, 0.5099999999999999, 0.5700000000000001, 0.46749999999999997, 0.525, 0.5099999999999999, 0.5125, 0.495]",0.46749999999999997,0.5117499999999999,0.026670442441024508,0.5133333333333333,5.9,0.7375,142.41298224925995
