classifier,all_fitness,best,avg,std_dev,acc,n_features,selected_rate,execution_time
knn,"[0.46825000000000006, 0.55075, 0.40225, 0.5812499999999999, 0.5672499999999999]",0.40225,0.51395,0.06824924908011805,0.4866666666666667,4.6,0.575,29.674236583709718
svc,"[0.45049999999999996, 0.54825, 0.5495, 0.5, 0.46575]",0.45049999999999996,0.5027999999999999,0.04089602670186923,0.4966666666666667,3.6,0.45,94.8023500919342
