classifier,all_fitness,best,avg,std_dev,acc,n_features,selected_rate,execution_time
knn,"[0.5425, 0.48499999999999993, 0.48250000000000004, 0.6449999999999999, 0.5575]",0.48250000000000004,0.5425,0.05939276050159646,0.4666666666666667,5.0,0.625,104.55496773719787
svc,"[0.41000000000000003, 0.43500000000000005, 0.56, 0.425, 0.46749999999999997]",0.41000000000000003,0.4595000000000001,0.05367494760127858,0.5533333333333333,4.6,0.575,385.552303314209
