classifier,all_fitness,best,avg,std_dev,acc,n_features,selected_rate,execution_time
knn,"[0.61, 0.5075000000000001, 0.475, 0.5375, 0.5825, 0.5825, 0.46499999999999997, 0.5225, 0.4775, 0.5225]",0.46499999999999997,0.52825,0.047500657890180854,0.5116666666666666,7.1,0.8875,27.8025053024292
svc,"[0.495, 0.5825, 0.4475, 0.5049999999999999, 0.6249999999999999, 0.4775, 0.525, 0.5349999999999999, 0.5375, 0.46]",0.4475,0.5189999999999999,0.05195190083144213,0.5233333333333332,7.2,0.9,109.30985140800476
