classifier,all_fitness,best,avg,std_dev,acc,n_features,selected_rate,execution_time
knn,"[0.5545, 0.47075, 0.52025, 0.5367500000000001, 0.552]",0.47075,0.52685,0.030613150768909768,0.47666666666666674,7.0,0.875,25.80523180961609
svc,"[0.439, 0.406, 0.45549999999999996, 0.5215, 0.571]",0.406,0.47859999999999997,0.059583051281383685,0.5266666666666666,8.0,1.0,103.46727709770202
