classifier,all_fitness,best,avg,std_dev,acc,n_features,selected_rate,execution_time
knn,"[0.44999999999999996, 0.4525, 0.5549999999999999, 0.46499999999999997, 0.5425, 0.5099999999999999, 0.5874999999999999, 0.5549999999999999, 0.5825, 0.585]",0.44999999999999996,0.5285,0.052442826010809136,0.49333333333333335,5.8,0.725,5.389029884338379
svc,"[0.5549999999999999, 0.39, 0.5399999999999999, 0.525, 0.42250000000000004, 0.5575, 0.5825, 0.49, 0.705, 0.49249999999999994]",0.39,0.526,0.08299999999999998,0.5016666666666666,6.2,0.775,21.39193820953369
