classifier,all_fitness,best,avg,std_dev,acc,n_features,selected_rate,execution_time
knn,"[0.48250000000000004, 0.46749999999999997, 0.53, 0.47000000000000003, 0.46249999999999997]",0.46249999999999997,0.48250000000000004,0.02464751508773249,0.5333333333333334,5.0,0.625,27.050891160964966
svc,"[0.45499999999999996, 0.46749999999999997, 0.46749999999999997, 0.5125, 0.49749999999999994]",0.45499999999999996,0.48,0.021447610589527207,0.5333333333333334,4.8,0.6,106.26329278945923
