classifier,all_fitness,best,avg,std_dev,acc,n_features,selected_rate,execution_time
knn,"[0.35275, 0.4225, 0.439, 0.505, 0.406]",0.35275,0.42505000000000004,0.04936253640160723,0.58,7.4,0.925,27.2972053527832
svc,"[0.47200000000000003, 0.5189999999999999, 0.34, 0.38949999999999996, 0.5215]",0.34,0.4484,0.07225607240917538,0.5566666666666666,7.6,0.95,104.27056460380554
