classifier,best,avg,std_dev,acc,n_features,selected_rate,execution_time
knn,0.4847499999999999,0.52765,0.054823717495259335,0.47333333333333333,5.0,0.625,27.21346583366394
svc,0.42125,0.4766,0.038867917361237625,0.5266666666666666,6.4,0.8,105.28501057624817
