classifier,all_fitness,best,avg,std_dev,acc,n_features,selected_rate,execution_time
knn,"[0.45499999999999996, 0.5099999999999999, 0.5, 0.46499999999999997, 0.5425, 0.5624999999999999, 0.48250000000000004, 0.48250000000000004, 0.48, 0.4525]",0.4525,0.49325,0.034461028713606304,0.52,4.9,0.6125,200.46610140800476
svc,"[0.525, 0.4775, 0.5675, 0.48250000000000004, 0.48250000000000004, 0.5874999999999999, 0.48250000000000004, 0.5375, 0.49749999999999994, 0.45499999999999996]",0.45499999999999996,0.5095,0.04098475326264633,0.5116666666666666,5.6,0.7,666.1202857971191
