classifier,best,avg,std_dev,acc,n_features,selected_rate,execution_time
knn,0.34,0.4818999999999999,0.07274984536066038,0.5233333333333333,8.0,1.0,51.924348545074466
svc,0.3565,0.49765,0.07872175684015188,0.5066666666666666,7.4,0.925,193.71319785118104
