classifier,all_fitness,best,avg,std_dev,acc,n_features,selected_rate,execution_time
knn,"[0.56, 0.5874999999999999, 0.3925, 0.45499999999999996, 0.5149999999999999]",0.3925,0.502,0.07077075667251267,0.5033333333333333,4.4,0.55,47.21234912872315
svc,"[0.4525, 0.45499999999999996, 0.5575, 0.4875, 0.5575]",0.4525,0.502,0.046968074263269516,0.5033333333333333,4.4,0.55,172.72394123077393
