classifier,all_fitness,best,avg,std_dev,acc,n_features,selected_rate,execution_time
knn,"[0.5545, 0.5672499999999999, 0.5177499999999999, 0.48599999999999993, 0.48599999999999993]",0.48599999999999993,0.5222999999999999,0.033803624066067246,0.48,6.0,0.75,27.75853238105774
svc,"[0.6180000000000001, 0.42125, 0.321, 0.3235, 0.37300000000000005]",0.321,0.41135,0.10968473002200448,0.5933333333333334,7.0,0.875,108.60543684959411
