classifier,all_fitness,best,avg,std_dev,acc,n_features,selected_rate,execution_time
knn,"[0.538, 0.538, 0.4225, 0.6192500000000001, 0.43775]",0.4225,0.5111,0.07262757740693272,0.49333333333333335,7.6,0.95,26.04729790687561
svc,"[0.50375, 0.571, 0.5545, 0.5189999999999999, 0.4225]",0.4225,0.51415,0.05175219802095365,0.49000000000000005,7.4,0.925,94.21566529273987
