classifier,best,avg,std_dev,acc,n_features,selected_rate,execution_time
knn,0.40475000000000005,0.5237999999999999,0.09047049242708917,0.48,7.2,0.9,36.91435608863831
svc,0.406,0.45855000000000007,0.03811705654952909,0.5466666666666666,7.8,0.975,135.54401688575746
