classifier,best,avg,std_dev,acc,n_features,selected_rate,execution_time
knn,0.42,0.5332,0.060508139948274725,0.47000000000000003,6.8,0.85,104.75289096832276
svc,0.34,0.43775,0.06283848343173154,0.5666666666666667,7.0,0.875,367.9284522533417
