classifier,all_fitness,best,avg,std_dev,acc,n_features,selected_rate,execution_time
knn,"[0.50375, 0.505, 0.61675, 0.43775, 0.42125]",0.42125,0.4969,0.06884504339456836,0.5066666666666666,6.8,0.85,167.76241550445556
svc,"[0.37300000000000005, 0.439, 0.538, 0.48849999999999993, 0.505]",0.37300000000000005,0.4687,0.05753746605473688,0.5366666666666666,8.0,1.0,640.603434085846
