classifier,best,avg,std_dev,acc,n_features,selected_rate,execution_time
knn,0.37300000000000005,0.4760999999999999,0.06362912069170841,0.5266666666666666,6.0,0.75,3.8760075092315676
svc,0.406,0.47430000000000005,0.054308931125552455,0.53,7.2,0.9,11.26566128730774
