classifier,all_fitness,best,avg,std_dev,acc,n_features,selected_rate,execution_time
knn,"[0.52025, 0.5215, 0.50375, 0.43775, 0.4035]",0.4035,0.47735000000000005,0.047976192012288754,0.5266666666666666,7.0,0.875,26.76341133117676
svc,"[0.5189999999999999, 0.585, 0.42125, 0.52025, 0.5215]",0.42125,0.5134,0.05246346347697604,0.49000000000000005,6.8,0.85,94.15171704292297
