classifier,best,avg,std_dev,acc,n_features,selected_rate,execution_time
knn,0.45049999999999996,0.5433999999999999,0.053962625955377666,0.45666666666666667,4.4,0.55,26.67776756286621
svc,0.35275,0.48045,0.08173576328633628,0.5200000000000001,4.2,0.525,94.71775064468383
