classifier,all_fitness,best,avg,std_dev,acc,n_features,selected_rate,execution_time
knn,"[0.5399999999999999, 0.655, 0.43500000000000005, 0.4525, 0.49249999999999994, 0.5825, 0.5049999999999999, 0.585, 0.43249999999999994, 0.46249999999999997]",0.43249999999999994,0.5142500000000001,0.07081710598435946,0.5216666666666666,6.7,0.8375,27.37990801334381
svc,"[0.405, 0.5825, 0.6725000000000001, 0.3875, 0.565, 0.565, 0.5225, 0.525, 0.46249999999999997, 0.44499999999999995]",0.3875,0.51325,0.08396465029999234,0.5283333333333333,7.1,0.8875,109.14142484664917
