classifier,all_fitness,best,avg,std_dev,acc,n_features,selected_rate,execution_time
knn,"[0.365, 0.44, 0.44999999999999996, 0.6124999999999999, 0.44, 0.5099999999999999, 0.39499999999999996, 0.40249999999999997, 0.425, 0.5275]",0.365,0.45675,0.06992004362126784,0.5633333333333332,5.1,0.6375,27.294552040100097
svc,"[0.48499999999999993, 0.495, 0.49749999999999994, 0.48499999999999993, 0.5099999999999999, 0.575, 0.5425, 0.5275, 0.5225, 0.5575]",0.48499999999999993,0.5197499999999999,0.02946290040033399,0.49333333333333335,5.1,0.6375,106.13599677085877
