classifier,all_fitness,best,avg,std_dev,acc,n_features,selected_rate,execution_time
knn,"[0.42125, 0.37175, 0.4847499999999999, 0.52025, 0.3565]",0.3565,0.4309,0.06326207394640171,0.5733333333333334,6.8,0.85,26.58716025352478
svc,"[0.5355000000000001, 0.5545, 0.45424999999999993, 0.5862499999999999, 0.47075]",0.45424999999999993,0.5202499999999999,0.05013556621800536,0.4833333333333334,7.0,0.875,95.18032555580139
