classifier,all_fitness,best,avg,std_dev,acc,n_features,selected_rate,execution_time
knn,"[0.48849999999999993, 0.45424999999999993, 0.5545, 0.571, 0.505]",0.45424999999999993,0.5146499999999999,0.042868286646424315,0.49000000000000005,7.8,0.975,25.719979095458985
svc,"[0.5215, 0.45549999999999996, 0.38949999999999996, 0.47200000000000003, 0.571]",0.38949999999999996,0.4818999999999999,0.0613835482845363,0.5233333333333334,8.0,1.0,102.17488150596618
