classifier,all_fitness,best,avg,std_dev,acc,n_features,selected_rate,execution_time
knn,"[0.5725, 0.44999999999999996, 0.49, 0.5525, 0.735]",0.44999999999999996,0.5599999999999999,0.09781359823664602,0.4666666666666666,6.4,0.8,2.7828205585479737
svc,"[0.4175, 0.5225, 0.5975, 0.49, 0.585]",0.4175,0.5225,0.06574572229430597,0.5166666666666666,7.0,0.875,10.375561952590942
