classifier,all_fitness,best,avg,std_dev,acc,n_features,selected_rate,execution_time
knn,"[0.43775, 0.3235, 0.505, 0.5215, 0.47200000000000003]",0.3235,0.45194999999999996,0.0703627031885501,0.5533333333333333,7.8,0.975,36.90129880905151
svc,"[0.47200000000000003, 0.3565, 0.52025, 0.45549999999999996, 0.505]",0.3565,0.46185,0.057470775181826125,0.5433333333333333,7.8,0.975,133.9694845676422
