classifier,all_fitness,best,avg,std_dev,acc,n_features,selected_rate,execution_time
knn,"[0.5125, 0.495, 0.53, 0.4075, 0.5149999999999999]",0.4075,0.492,0.04368638231760556,0.52,4.8,0.6,26.931080865859986
svc,"[0.42250000000000004, 0.5225, 0.5125, 0.6500000000000001, 0.49249999999999994]",0.42250000000000004,0.5199999999999999,0.0737902432574931,0.5,5.6,0.7,97.74435830116272
