classifier,all_fitness,best,avg,std_dev,acc,n_features,selected_rate,execution_time
knn,"[0.4375, 0.4525, 0.46499999999999997, 0.48, 0.48]",0.4375,0.46299999999999997,0.01638596960817393,0.5633333333333332,5.6,0.7,4.604106473922729
svc,"[0.4525, 0.4525, 0.5375, 0.48250000000000004, 0.5575]",0.4525,0.4965,0.04352011029397787,0.5233333333333333,5.4,0.675,14.464943504333496
