classifier,all_fitness,best,avg,std_dev,acc,n_features,selected_rate,execution_time
knn,"[0.5425, 0.49749999999999994, 0.4375, 0.5575, 0.48]",0.4375,0.503,0.043312815655415435,0.5133333333333334,5.2,0.65,52.80724625587463
svc,"[0.45499999999999996, 0.6025, 0.46749999999999997, 0.5125, 0.4525]",0.4525,0.49800000000000005,0.056533176100410296,0.5133333333333333,4.8,0.6,197.47367458343507
