classifier,all_fitness,best,avg,std_dev,acc,n_features,selected_rate,execution_time
knn,"[0.48849999999999993, 0.505, 0.46950000000000003, 0.45424999999999993, 0.48849999999999993]",0.45424999999999993,0.4811500000000001,0.0175282628916844,0.5233333333333332,7.4,0.925,163.40030131340026
svc,"[0.5355000000000001, 0.538, 0.538, 0.5874999999999999, 0.505]",0.505,0.5408,0.026481314166785567,0.46333333333333326,7.6,0.95,618.2010249137878
