classifier,all_fitness,best,avg,std_dev,acc,n_features,selected_rate,execution_time
knn,"[0.48499999999999993, 0.5399999999999999, 0.46749999999999997, 0.5399999999999999, 0.46749999999999997, 0.46499999999999997, 0.5125, 0.5149999999999999, 0.45499999999999996, 0.53]",0.45499999999999996,0.49775,0.03165142176901378,0.5149999999999999,4.9,0.6125,25.971004486083984
svc,"[0.4375, 0.3325000000000001, 0.40249999999999997, 0.575, 0.36250000000000004, 0.5125, 0.5425, 0.46499999999999997, 0.5575, 0.46749999999999997]",0.3325000000000001,0.4655,0.07851592195217474,0.5549999999999999,5.2,0.65,92.20910882949829
