classifier,all_fitness,best,avg,std_dev,acc,n_features,selected_rate,execution_time
knn,"[0.5125, 0.495, 0.4375, 0.495, 0.5874999999999999, 0.525, 0.5425, 0.42250000000000004, 0.5575, 0.56]",0.42250000000000004,0.5135,0.05028916384272061,0.5016666666666667,5.2,0.65,165.60777394771577
svc,"[0.3925, 0.425, 0.525, 0.615, 0.46749999999999997, 0.48250000000000004, 0.5225, 0.5075000000000001, 0.44999999999999996, 0.525]",0.3925,0.4912500000000001,0.05942695095661564,0.5333333333333333,5.7,0.7125,646.7855191230774
