classifier,all_fitness,best,avg,std_dev,acc,n_features,selected_rate,execution_time
knn,"[0.45549999999999996, 0.4225, 0.538, 0.55325, 0.505]",0.4225,0.49485,0.049312168883552485,0.51,7.8,0.975,37.817519664764404
svc,"[0.571, 0.50125, 0.6205, 0.538, 0.47200000000000003]",0.47200000000000003,0.54055,0.05209472142165654,0.46333333333333326,7.4,0.925,134.31216549873352
