classifier,all_fitness,best,avg,std_dev,acc,n_features,selected_rate,execution_time
knn,"[0.5165, 0.5317500000000001, 0.434, 0.5317500000000001, 0.434]",0.434,0.4896,0.04573745729705579,0.51,3.6,0.45,26.28324956893921
svc,"[0.5177499999999999, 0.50125, 0.467, 0.467, 0.5824999999999999]",0.467,0.5071,0.042541332842307565,0.4933333333333333,4.4,0.55,94.82995920181274
