classifier,all_fitness,best,avg,std_dev,acc,n_features,selected_rate,execution_time
knn,"[0.46749999999999997, 0.49749999999999994, 0.585, 0.41000000000000003, 0.44249999999999995, 0.46749999999999997, 0.42250000000000004, 0.39499999999999996, 0.44, 0.405]",0.39499999999999996,0.45325000000000004,0.05343278487969721,0.5616666666666668,4.7,0.5875,50.5636569738388
svc,"[0.6225, 0.48, 0.5874999999999999, 0.5825, 0.46749999999999997, 0.495, 0.5575, 0.5999999999999999, 0.5874999999999999, 0.5125]",0.46749999999999997,0.54925,0.05273815032782245,0.4633333333333334,5.3,0.6625,177.92258319854736
