classifier,all_fitness,best,avg,std_dev,acc,n_features,selected_rate,execution_time
knn,"[0.405, 0.4375, 0.44, 0.5075000000000001, 0.5549999999999999, 0.3775, 0.49249999999999994, 0.42250000000000004, 0.5975, 0.525]",0.3775,0.4760000000000001,0.06712115910798919,0.5516666666666667,5.8,0.725,26.846212649345397
svc,"[0.5125, 0.5375, 0.4375, 0.615, 0.5099999999999999, 0.48250000000000004, 0.5549999999999999, 0.35750000000000004, 0.565, 0.5900000000000001]",0.35750000000000004,0.51625,0.07219115250499883,0.5083333333333334,5.9,0.7375,99.26723191738128
