classifier,all_fitness,best,avg,std_dev,acc,n_features,selected_rate,execution_time
knn,"[0.45499999999999996, 0.3175, 0.42250000000000004, 0.5575, 0.49749999999999994, 0.49749999999999994, 0.6325, 0.49749999999999994, 0.585, 0.5]",0.3175,0.49625,0.08324849848495765,0.5166666666666667,4.9,0.6125,112.79229443073272
svc,"[0.48, 0.5425, 0.5575, 0.6025, 0.44999999999999996, 0.46249999999999997, 0.39, 0.42250000000000004, 0.5375, 0.4525]",0.39,0.4897499999999999,0.06375196075416034,0.5349999999999999,5.7,0.7125,389.5005108833313
