classifier,best,avg,std_dev,acc,n_features,selected_rate,execution_time
knn,0.43775,0.47074999999999995,0.031051972562141684,0.5333333333333333,7.0,0.875,165.3542896270752
svc,0.3565,0.47809999999999997,0.07063950735955059,0.5266666666666666,7.6,0.95,625.3617946624756
