classifier,best,avg,std_dev,acc,n_features,selected_rate,execution_time
knn,0.37050000000000005,0.4591,0.07064676213387276,0.5433333333333333,5.6,0.7,48.62126345634461
svc,0.4225,0.5103500000000001,0.06112438138746274,0.49333333333333335,7.0,0.875,164.28090753555298
