classifier,all_fitness,best,avg,std_dev,acc,n_features,selected_rate,execution_time
knn,"[0.6192500000000001, 0.43775, 0.585, 0.4225, 0.5215]",0.4225,0.5172,0.07785875031106011,0.4866666666666667,7.2,0.9,52.33723568916321
svc,"[0.48599999999999993, 0.42, 0.55325, 0.46950000000000003, 0.538]",0.42,0.49335000000000007,0.04813460293801125,0.51,6.6,0.825,212.37868123054506
