classifier,all_fitness,best,avg,std_dev,acc,n_features,selected_rate,execution_time
knn,"[0.4365, 0.467, 0.5837499999999999, 0.48849999999999993, 0.55075]",0.4365,0.5053,0.05422670006555807,0.49666666666666676,5.6,0.7,3.902233600616455
svc,"[0.48724999999999996, 0.42, 0.439, 0.48724999999999996, 0.37300000000000005]",0.37300000000000005,0.4413,0.043235806919727976,0.5633333333333334,7.2,0.9,10.43229112625122
