classifier,all_fitness,best,avg,std_dev,acc,n_features,selected_rate,execution_time
knn,"[0.5125, 0.5549999999999999, 0.47000000000000003, 0.5425, 0.5149999999999999]",0.47000000000000003,0.5189999999999999,0.02935132024287832,0.49000000000000005,4.8,0.6,26.683307313919066
svc,"[0.42250000000000004, 0.38249999999999995, 0.405, 0.49749999999999994, 0.39499999999999996]",0.38249999999999995,0.4205,0.04066325122269491,0.5966666666666667,4.6,0.575,96.93186249732972
