classifier,all_fitness,best,avg,std_dev,acc,n_features,selected_rate,execution_time
knn,"[0.49749999999999994, 0.5425, 0.46499999999999997, 0.48, 0.545, 0.45499999999999996, 0.605, 0.49749999999999994, 0.4075, 0.4525]",0.4075,0.49474999999999997,0.05390326984515875,0.5183333333333333,4.9,0.6125,26.86946177482605
svc,"[0.49249999999999994, 0.43249999999999994, 0.5399999999999999, 0.5125, 0.41999999999999993, 0.46249999999999997, 0.46499999999999997, 0.5999999999999999, 0.5349999999999999, 0.5825]",0.41999999999999993,0.5042499999999999,0.05766335491453823,0.53,6.5,0.8125,100.68298213481903
