classifier,all_fitness,best,avg,std_dev,acc,n_features,selected_rate,execution_time
knn,"[0.5175, 0.47000000000000003, 0.4575, 0.5775, 0.5325000000000001, 0.5900000000000001, 0.5624999999999999, 0.5, 0.4875, 0.5325000000000001]",0.4575,0.5227499999999999,0.04256539087098814,0.465,3.3,0.4125,27.088555669784547
svc,"[0.6074999999999999, 0.5650000000000001, 0.4575, 0.44249999999999995, 0.5325000000000001, 0.6199999999999999, 0.5775, 0.5175, 0.5925, 0.605]",0.44249999999999995,0.55175,0.059550923586456646,0.43,3.1,0.3875,95.25037934780121
