classifier,all_fitness,best,avg,std_dev,acc,n_features,selected_rate,execution_time
knn,"[0.5215, 0.40475000000000005, 0.4225, 0.571, 0.43775]",0.40475000000000005,0.4715,0.06386841942619213,0.5333333333333332,7.6,0.95,27.074056243896486
svc,"[0.42125, 0.45549999999999996, 0.42, 0.47075, 0.5189999999999999]",0.42,0.45729999999999993,0.03655659995130835,0.5466666666666666,6.8,0.85,99.12440085411072
