classifier,best,avg,std_dev,acc,n_features,selected_rate,execution_time
knn,0.48849999999999993,0.5405500000000001,0.045848773156977746,0.4633333333333334,7.4,0.925,26.748010778427123
svc,0.40475000000000005,0.4978999999999999,0.0803605313571283,0.5066666666666666,7.6,0.95,94.83160109519959
