classifier,all_fitness,best,avg,std_dev,acc,n_features,selected_rate,execution_time
knn,"[0.5367500000000001, 0.45549999999999996, 0.52025, 0.406, 0.604]",0.406,0.5045000000000001,0.06825192304983062,0.5,7.6,0.95,2.744562005996704
svc,"[0.571, 0.38825, 0.38949999999999996, 0.45424999999999993, 0.52025]",0.38825,0.46464999999999995,0.07210315527076468,0.54,7.4,0.925,11.317532920837403
