classifier,best,avg,std_dev,acc,n_features,selected_rate,execution_time
knn,0.4365,0.46315,0.02985322428147417,0.54,6.2,0.775,27.018300151824953
svc,0.33875,0.45729999999999993,0.07009696855071554,0.5466666666666666,6.8,0.85,93.51106972694397
