classifier,all_fitness,best,avg,std_dev,acc,n_features,selected_rate,execution_time
knn,"[0.5189999999999999, 0.538, 0.538, 0.45549999999999996, 0.48724999999999996]",0.45549999999999996,0.50755,0.03195872337875844,0.4966666666666667,7.4,0.925,51.2743335723877
svc,"[0.439, 0.5025, 0.5545, 0.5177499999999999, 0.38949999999999996]",0.38949999999999996,0.48064999999999997,0.05890789420782243,0.5233333333333333,7.0,0.875,195.06954460144044
