classifier,all_fitness,best,avg,std_dev,acc,n_features,selected_rate,execution_time
knn,"[0.63575, 0.47200000000000003, 0.45549999999999996, 0.46825000000000006, 0.585]",0.45549999999999996,0.5233000000000001,0.07309025242807689,0.48,6.8,0.85,116.29262266159057
svc,"[0.48724999999999996, 0.5545, 0.5189999999999999, 0.47075, 0.585]",0.47075,0.5233,0.04209495219144452,0.48,6.8,0.85,391.437345457077
