classifier,all_fitness,best,avg,std_dev,acc,n_features,selected_rate,execution_time
knn,"[0.5, 0.48250000000000004, 0.47000000000000003, 0.48250000000000004, 0.45499999999999996, 0.48499999999999993, 0.495, 0.48250000000000004, 0.5, 0.46499999999999997]",0.45499999999999996,0.48175,0.014100088652203581,0.53,4.7,0.5875,103.0219922542572
svc,"[0.48250000000000004, 0.5275, 0.6025, 0.5275, 0.46499999999999997, 0.5125, 0.48250000000000004, 0.575, 0.585, 0.4525]",0.4525,0.52125,0.04960153727456438,0.4916666666666666,5.1,0.6375,369.45803673267363
