classifier,all_fitness,best,avg,std_dev,acc,n_features,selected_rate,execution_time
knn,"[0.5575, 0.44999999999999996, 0.5999999999999999, 0.5225, 0.6025, 0.5099999999999999, 0.5075000000000001, 0.615, 0.5975, 0.495]",0.44999999999999996,0.5457500000000001,0.0536662137662049,0.47833333333333333,6.1,0.7625,27.78128409385681
svc,"[0.39, 0.615, 0.5149999999999999, 0.495, 0.5099999999999999, 0.5425, 0.36, 0.4375, 0.43249999999999994, 0.63]",0.36,0.4927499999999999,0.08480455471258605,0.5316666666666667,5.7,0.7125,100.22646148204804
