classifier,all_fitness,best,avg,std_dev,acc,n_features,selected_rate,execution_time
knn,"[0.56, 0.5874999999999999, 0.5425, 0.4375, 0.405, 0.49749999999999994, 0.5125, 0.53, 0.5375, 0.5575]",0.405,0.5167499999999999,0.0538173996027307,0.4966666666666667,5.1,0.6375,49.18436670303345
svc,"[0.5, 0.46249999999999997, 0.48250000000000004, 0.4375, 0.38, 0.6025, 0.6124999999999999, 0.4075, 0.38, 0.49749999999999994]",0.38,0.47624999999999995,0.07778375473066339,0.5416666666666667,5.1,0.6375,178.62758641242982
