classifier,all_fitness,best,avg,std_dev,acc,n_features,selected_rate,execution_time
knn,"[0.425, 0.5, 0.5475, 0.44, 0.45999999999999996, 0.53, 0.44249999999999995, 0.4125, 0.44249999999999995, 0.6025]",0.4125,0.48025,0.05903865259302588,0.515,3.5,0.4375,28.319232368469237
svc,"[0.4575, 0.5175, 0.4875, 0.5325000000000001, 0.56, 0.5175, 0.5325000000000001, 0.4275, 0.41000000000000003, 0.48499999999999993]",0.41000000000000003,0.49275000000000013,0.046198620109263025,0.49833333333333324,3.3,0.4125,99.5808661222458
