classifier,all_fitness,best,avg,std_dev,acc,n_features,selected_rate,execution_time
knn,"[0.4775, 0.5575, 0.37000000000000005, 0.5549999999999999, 0.5225, 0.36, 0.48499999999999993, 0.5225, 0.4525, 0.5525]",0.36,0.48549999999999993,0.06890936075744715,0.5466666666666666,6.2,0.775,55.231635093688965
svc,"[0.425, 0.5900000000000001, 0.5575, 0.48, 0.5099999999999999, 0.61, 0.46749999999999997, 0.3875, 0.615, 0.5399999999999999]",0.3875,0.51825,0.07405276834798279,0.5033333333333334,5.7,0.7125,208.29861416816712
