classifier,best,avg,std_dev,acc,n_features,selected_rate,execution_time
knn,0.439,0.51265,0.06152349144838905,0.48999999999999994,6.2,0.775,26.26563415527344
svc,0.42,0.5006999999999999,0.08828638060312591,0.5033333333333333,7.2,0.9,100.0014428138733
