classifier,all_fitness,best,avg,std_dev,acc,n_features,selected_rate,execution_time
knn,"[0.5549999999999999, 0.5399999999999999, 0.4775, 0.5525, 0.495, 0.58, 0.5975, 0.5525, 0.5349999999999999, 0.5075000000000001]",0.4775,0.53925,0.03528544317420429,0.4966666666666667,6.9,0.8625,2.7286294221878054
svc,"[0.6425000000000001, 0.5049999999999999, 0.49249999999999994, 0.46249999999999997, 0.5700000000000001, 0.4775, 0.5399999999999999, 0.46499999999999997, 0.615, 0.4175]",0.4175,0.51875,0.06822068967695946,0.5166666666666666,6.7,0.8375,10.376005077362061
