classifier,best,avg,std_dev,acc,n_features,selected_rate,execution_time
knn,0.4365,0.50705,0.07396644509505648,0.4966666666666667,7.0,0.875,26.341551113128663
svc,0.38949999999999996,0.47735000000000005,0.06910636728985252,0.5266666666666666,7.0,0.875,102.00588235855102
