classifier,all_fitness,best,avg,std_dev,acc,n_features,selected_rate,execution_time
knn,"[0.4375, 0.5874999999999999, 0.38, 0.5275, 0.5549999999999999, 0.5900000000000001, 0.48250000000000004, 0.49, 0.5624999999999999, 0.5349999999999999]",0.38,0.51475,0.0641916077069269,0.5016666666666667,5.3,0.6625,27.88365626335144
svc,"[0.5549999999999999, 0.46, 0.42250000000000004, 0.46249999999999997, 0.5999999999999999, 0.5099999999999999, 0.49749999999999994, 0.3775, 0.4525, 0.5125]",0.3775,0.485,0.061083958614353034,0.5416666666666666,5.8,0.725,107.22145316600799
