classifier,all_fitness,best,avg,std_dev,acc,n_features,selected_rate,execution_time
knn,"[0.42125, 0.5215, 0.47075, 0.5367500000000001, 0.37050000000000005]",0.37050000000000005,0.46415000000000006,0.06199044281177542,0.54,7.0,0.875,48.03403911590576
svc,"[0.505, 0.45549999999999996, 0.52025, 0.50375, 0.37175]",0.37175,0.47125000000000006,0.05430400537713585,0.5333333333333333,7.4,0.925,162.4139886856079
