classifier,all_fitness,best,avg,std_dev,acc,n_features,selected_rate,execution_time
knn,"[0.545, 0.585, 0.5099999999999999, 0.46749999999999997, 0.5, 0.46749999999999997, 0.615, 0.48, 0.525, 0.49749999999999994]",0.46749999999999997,0.51925,0.046918146809097235,0.4966666666666667,5.3,0.6625,36.3536954164505
svc,"[0.46499999999999997, 0.6175, 0.41999999999999993, 0.5099999999999999, 0.5549999999999999, 0.5549999999999999, 0.6025, 0.5549999999999999, 0.41000000000000003, 0.43500000000000005]",0.41000000000000003,0.5125,0.07202430145443967,0.5083333333333332,5.6,0.7,134.35835552215576
