classifier,all_fitness,best,avg,std_dev,acc,n_features,selected_rate,execution_time
knn,"[0.15235294117647058, 0.33235294117647063, 0.2605882352941177, 0.16117647058823525, 0.09823529411764703, 0.21235294117647055, 0.27529411764705886, 0.21235294117647055, 0.05588235294117646, 0.21529411764705877]",0.05588235294117646,0.19758823529411765,0.0788934939713248,0.8200000000000001,12.1,0.3558823529411765,6.951087808609008
svc,"[0.1464705882352941, 0.1464705882352941, 0.15235294117647058, 0.09235294117647058, 0.04117647058823528, 0.09529411764705881, 0.2782352941176471, 0.035294117647058816, 0.035294117647058816, 0.20352941176470585]",0.035294117647058816,0.12264705882352941,0.07505442085557251,0.9,11.1,0.3264705882352942,18.240930247306824
