classifier,all_fitness,best,avg,std_dev,acc,n_features,selected_rate,execution_time
knn,"[0.3311764705882353, 0.4511764705882353, 0.21411764705882347, 0.21705882352941172, 0.21705882352941172]",0.21411764705882347,0.2861176470588235,0.0938050691778446,0.7866666666666667,32.0,0.9411764705882353,0.5004407405853272
svc,"[0.09117647058823528, 0.21705882352941172, 0.21411764705882347, 0.52, 0.21705882352941172]",0.09117647058823528,0.25188235294117645,0.142523670103574,0.8266666666666665,32.6,0.9588235294117646,1.6485792636871337
