classifier,all_fitness,best,avg,std_dev,acc,n_features,selected_rate,execution_time
knn,"[0.0764705882352941, 0.2770588235294117, 0.14823529411764702, 0.32529411764705884, 0.34, 0.3941176470588236, 0.09999999999999998, 0.3370588235294118, 0.21705882352941172, 0.3311764705882353]",0.0764705882352941,0.25464705882352934,0.10643205347507122,0.82,31.5,0.9264705882352942,5.477967119216919
svc,"[0.1452941176470588, 0.2799999999999999, 0.27411764705882347, 0.1541176470588235, 0.14823529411764702, 0.5741176470588235, 0.44823529411764707, 0.2052941176470588, 0.32529411764705884, 0.2594117647058823]",0.1452941176470588,0.28141176470588236,0.13199748346138426,0.7866666666666667,30.4,0.8941176470588236,16.92491433620453
