classifier,all_fitness,best,avg,std_dev,acc,n_features,selected_rate,execution_time
knn,"[0.21411764705882347, 0.21117647058823524, 0.20823529411764702, 0.2770588235294117, 0.14823529411764702, 0.38823529411764707, 0.4541176470588235, 0.268235294117647, 0.21999999999999997, 0.27117647058823524]",0.14823529411764702,0.2660588235294117,0.08689214967268612,0.8066666666666669,31.3,0.9205882352941176,0.49401824474334716
svc,"[0.14823529411764702, 0.27117647058823524, 0.08823529411764704, 0.7511764705882353, 0.09117647058823528, 0.4541176470588235, 0.15705882352941172, 0.20823529411764702, 0.2052941176470588, 0.09117647058823528]",0.08823529411764704,0.24658823529411764,0.19812334070343124,0.8266666666666668,30.8,0.9058823529411765,1.7046295404434204
