classifier,all_fitness,best,avg,std_dev,acc,n_features,selected_rate,execution_time
knn,"[0.05294117647058823, 0.09235294117647058, 0.04411764705882352, 0.12176470588235291, 0.10411764705882351, 0.13058823529411762, 0.09823529411764703, 0.20647058823529407, 0.0864705882352941, 0.12470588235294117]",0.04411764705882352,0.10617647058823527,0.04309661633005943,0.9333333333333333,15.7,0.46176470588235297,4.772938585281372
svc,"[0.41000000000000003, 0.10705882352941173, 0.10705882352941173, 0.16117647058823525, 0.09235294117647058, 0.22117647058823525, 0.08941176470588234, 0.1876470588235294, 0.10117647058823527, 0.09823529411764703]",0.08941176470588234,0.15752941176470586,0.09454454653906179,0.8733333333333333,14.8,0.4352941176470589,11.372208309173583
