classifier,all_fitness,best,avg,std_dev,acc,n_features,selected_rate,execution_time
knn,"[0.03823529411764705, 0.17588235294117643, 0.22999999999999995, 0.16117647058823525, 0.24470588235294113, 0.04705882352941175, 0.1552941176470588, 0.11588235294117645, 0.22999999999999995, 0.11882352941176469]",0.03823529411764705,0.15170588235294116,0.06912825951067895,0.8866666666666665,16.9,0.4970588235294118,8.72899854183197
svc,"[0.09529411764705881, 0.11294117647058821, 0.05588235294117646, 0.04705882352941175, 0.11294117647058821, 0.11294117647058821, 0.11294117647058821, 0.04705882352941175, 0.11882352941176469, 0.12176470588235291]",0.04705882352941175,0.09376470588235292,0.029467241796617916,0.9533333333333334,17.6,0.5176470588235293,25.672481989860536
