classifier,all_fitness,best,avg,std_dev,acc,n_features,selected_rate,execution_time
knn,"[0.13435294117647056, 0.00235294117647059, 0.13405882352941176, 0.265764705882353, 0.20005882352941173]",0.00235294117647059,0.14731764705882353,0.0873727456258569,0.8533333333333333,7.2,0.21176470588235294,20.951454401016235
svc,"[0.33176470588235296, 0.19947058823529407, 0.19947058823529407, 0.265764705882353, 0.0020588235294117666]",0.0020588235294117666,0.19970588235294118,0.1103338312815227,0.8,5.8,0.17058823529411765,44.688718461990355
