classifier,best,avg,std_dev,acc,n_features,selected_rate,execution_time
knn,0.1381764705882353,0.19180000000000003,0.0489140281036915,0.8133333333333332,23.8,0.7,10.130398321151734
svc,0.0698235294117647,0.20347058823529413,0.09384357152706317,0.8,18.6,0.5470588235294118,32.56092667579651
