classifier,all_fitness,best,avg,std_dev,acc,n_features,selected_rate,execution_time
knn,"[0.14823529411764702, 0.31647058823529417, 0.3194117647058824, 0.21117647058823524, 0.27117647058823524, 0.08235294117647056, 0.2770588235294117, 0.3970588235294118, 0.21999999999999997, 0.06764705882352941]",0.06764705882352941,0.23105882352941182,0.10128031606460029,0.8400000000000001,29.6,0.8705882352941176,5.247076249122619
svc,"[0.2623529411764705, 0.27117647058823524, 0.5170588235294118, 0.27411764705882347, 0.14235294117647054, 0.21117647058823524, 0.20235294117647054, 0.2052941176470588, 0.3311764705882353, 0.21117647058823524]",0.14235294117647054,0.2628235294117647,0.09814254162955356,0.8066666666666666,30.2,0.8882352941176471,17.029915046691894
