classifier,all_fitness,best,avg,std_dev,acc,n_features,selected_rate,execution_time
knn,"[0.20823529411764702, 0.25647058823529406, 0.34, 0.23882352941176466, 0.15999999999999998]",0.15999999999999998,0.24070588235294116,0.05946287842036075,0.8266666666666668,28.8,0.8470588235294118,5.4311426162719725
svc,"[0.2652941176470588, 0.13352941176470587, 0.08823529411764704, 0.46, 0.3311764705882353]",0.08823529411764704,0.25564705882352945,0.1345342343331706,0.8133333333333332,29.8,0.8764705882352942,17.038538122177123
