classifier,all_fitness,best,avg,std_dev,acc,n_features,selected_rate,execution_time
knn,"[0.09705882352941174, 0.39117647058823535, 0.2652941176470588, 0.2652941176470588, 0.15705882352941172, 0.44823529411764707, 0.15999999999999998, 0.1541176470588235, 0.0852941176470588, 0.21999999999999997]",0.0852941176470588,0.22435294117647056,0.11422287446874693,0.8533333333333333,31.4,0.9235294117647058,8.095836305618286
svc,"[0.21705882352941172, 0.3823529411764706, 0.27117647058823524, 0.4541176470588235, 0.20823529411764702, 0.21705882352941172, 0.1541176470588235, 0.0941176470588235, 0.4541176470588235, 0.27411764705882347]",0.0941176470588235,0.27264705882352935,0.11582478414759673,0.7999999999999999,31.5,0.9264705882352942,19.241326212882996
