classifier,all_fitness,best,avg,std_dev,acc,n_features,selected_rate,execution_time
knn,"[0.09705882352941174, 0.4541176470588235, 0.0941176470588235, 0.34, 0.21411764705882347]",0.0941176470588235,0.2398823529411765,0.14016421412191926,0.8400000000000001,32.6,0.9588235294117646,0.7336207866668701
svc,"[0.15705882352941172, 0.27117647058823524, 0.3370588235294118, 0.21411764705882347, 0.21411764705882347]",0.15705882352941172,0.23870588235294116,0.06099679496940635,0.8400000000000001,32.2,0.9470588235294117,1.6369585514068603
