classifier,best,avg,std_dev,acc,n_features,selected_rate,execution_time
knn,0.06776470588235294,0.10812941176470588,0.05296432696443755,0.8933333333333333,8.6,0.2529411764705882,7.626123857498169
svc,0.06805882352941175,0.2533294117647059,0.12817915986704492,0.7466666666666666,8.6,0.2529411764705882,13.841302251815796
