classifier,all_fitness,best,avg,std_dev,acc,n_features,selected_rate,execution_time
knn,"[0.13470588235294115, 0.035294117647058816, 0.02058823529411764, 0.19764705882352937, 0.4347058823529412, 0.08941176470588234, 0.20647058823529407, 0.09235294117647058, 0.2005882352941176, 0.20352941176470585]",0.02058823529411764,0.16152941176470587,0.11302423416529095,0.8466666666666667,8.0,0.23529411764705882,19.669151997566225
svc,"[0.19470588235294115, 0.13176470588235292, 0.017647058823529408, 0.08352941176470587, 0.0776470588235294, 0.07470588235294116, 0.2005882352941176, 0.20352941176470585, 0.017647058823529408, 0.017647058823529408]",0.017647058823529408,0.1019411764705882,0.07248006527033274,0.9066666666666666,6.1,0.17941176470588235,41.67275578975678
