classifier,all_fitness,best,avg,std_dev,acc,n_features,selected_rate,execution_time
knn,"[0.07011764705882352, 0.20417647058823526, 0.0698235294117647, 0.13641176470588234, 0.27105882352941185]",0.0698235294117647,0.15031764705882353,0.07820987291546568,0.8533333333333333,17.4,0.5117647058823529,5.31299786567688
svc,"[0.13788235294117646, 0.40482352941176475, 0.2690000000000001, 0.33441176470588235, 0.13699999999999998]",0.13699999999999998,0.25662352941176475,0.1063735703574353,0.7466666666666667,19.8,0.5823529411764706,12.775247621536256
