classifier,all_fitness,best,avg,std_dev,acc,n_features,selected_rate,execution_time
knn,"[0.4523529411764706, 0.0776470588235294, 0.05294117647058823, 0.1552941176470588, 0.21823529411764703, 0.08352941176470587, 0.05294117647058823, 0.18470588235294116, 0.16117647058823525, 0.20941176470588233]",0.05294117647058823,0.1648235294117647,0.11280837780859289,0.8600000000000001,13.2,0.38823529411764707,5.956242609024048
svc,"[0.20352941176470585, 0.13470588235294115, 0.1552941176470588, 0.22117647058823525, 0.268235294117647, 0.3294117647058824, 0.10411764705882351, 0.14941176470588233, 0.4041176470588236, 0.16999999999999998]",0.10411764705882351,0.21399999999999997,0.08971226592523149,0.8066666666666666,13.6,0.4,12.639268898963929
