classifier,all_fitness,best,avg,std_dev,acc,n_features,selected_rate,execution_time
knn,"[0.13729411764705882, 0.07335294117647058, 0.33588235294117647, 0.0050000000000000044, 0.2704705882352942]",0.0050000000000000044,0.16440000000000002,0.1225478052331989,0.8400000000000001,20.4,0.6,10.258337497711182
svc,"[0.004117647058823533, 0.13876470588235293, 0.1381764705882353, 0.071, 0.071]",0.004117647058823533,0.08461176470588236,0.05030225046043251,0.9200000000000002,18.4,0.5411764705882354,32.72296462059021
