classifier,all_fitness,best,avg,std_dev,acc,n_features,selected_rate,execution_time
knn,"[0.076, 0.008823529411764713, 0.34, 0.142, 0.14111764705882351]",0.008823529411764713,0.14158823529411765,0.11072118416471788,0.8666666666666668,32.6,0.9588235294117646,5.7210081100463865
svc,"[0.20623529411764702, 0.07452941176470587, 0.00941176470588236, 0.07394117647058823, 0.00941176470588236]",0.00941176470588236,0.07470588235294116,0.07187105909159885,0.9333333333333333,29.6,0.8705882352941176,16.963369274139403
