classifier,all_fitness,best,avg,std_dev,acc,n_features,selected_rate,execution_time
knn,"[0.10999999999999999, 0.05588235294117646, 0.18470588235294116, 0.04999999999999999, 0.10999999999999999, 0.2005882352941176, 0.1641176470588235, 0.11882352941176469, 0.12470588235294117, 0.05588235294117646]",0.04999999999999999,0.1174705882352941,0.050901254564725364,0.9266666666666665,17.5,0.5147058823529412,8.21982684135437
svc,"[0.17588235294117643, 0.2870588235294118, 0.2870588235294118, 0.2329411764705882, 0.23882352941176466, 0.16705882352941173, 0.0588235294117647, 0.2270588235294117, 0.11294117647058821, 0.05588235294117646]",0.05588235294117646,0.18435294117647058,0.08122896853167424,0.8533333333333333,17.8,0.5235294117647058,25.01044774055481
