classifier,all_fitness,best,avg,std_dev,acc,n_features,selected_rate,execution_time
knn,"[0.2734117647058824, 0.13670588235294115, 0.20270588235294112, 0.13641176470588234, 0.2681176470588236]",0.13641176470588234,0.20347058823529415,0.06004332922217963,0.8,18.6,0.5470588235294117,33.25093674659729
svc,"[0.3341176470588236, 0.13699999999999998, 0.13758823529411762, 0.1361176470588235, 0.26870588235294124]",0.1361176470588235,0.2027058823529412,0.0832065092609407,0.8,16.0,0.47058823529411764,96.94007019996643
