classifier,best,avg,std_dev,acc,n_features,selected_rate,execution_time
knn,0.007647058823529418,0.13752941176470587,0.09293600134512331,0.8666666666666668,18.8,0.5529411764705883,8.617945861816406
svc,0.004117647058823533,0.2157882352941177,0.11390945593869342,0.7866666666666667,15.6,0.4588235294117647,18.92593240737915
