classifier,all_fitness,best,avg,std_dev,acc,n_features,selected_rate,execution_time
knn,"[0.40129411764705886, 0.20035294117647054, 0.2719411764705883, 0.2035882352941176, 0.13905882352941176]",0.13905882352941176,0.24324705882352943,0.08952110497136483,0.76,19.2,0.5647058823529412,11.508857917785644
svc,"[0.20623529411764702, 0.0674705882352941, 0.13435294117647056, 0.13670588235294115, 0.335]",0.0674705882352941,0.17595294117647056,0.09083204318523366,0.8266666666666668,14.8,0.4352941176470588,19.129085731506347
