classifier,all_fitness,best,avg,std_dev,acc,n_features,selected_rate,execution_time
knn,"[0.0035294117647058855, 0.20152941176470585, 0.2669411764705883, 0.3335294117647059, 0.20152941176470585]",0.0035294117647058855,0.20141176470588235,0.11036904435373668,0.8,11.6,0.3411764705882353,9.18938102722168
svc,"[0.26664705882352946, 0.2681176470588236, 0.06835294117647057, 0.2672352941176471, 0.20182352941176465]",0.06835294117647057,0.2144352941176471,0.07732375293637846,0.7866666666666667,11.0,0.3235294117647059,26.52606930732727
