classifier,all_fitness,best,avg,std_dev,acc,n_features,selected_rate,execution_time
knn,"[0.03823529411764705, 0.22411764705882348, 0.1552941176470588, 0.22117647058823525, 0.10705882352941173, 0.3047058823529412, 0.17588235294117643, 0.10705882352941173, 0.22999999999999995, 0.0588235294117647]",0.03823529411764705,0.16223529411764703,0.08036585892203739,0.8733333333333334,16.4,0.48235294117647054,5.177013945579529
svc,"[0.06470588235294117, 0.10411764705882351, 0.2270588235294117, 0.1641176470588235, 0.11294117647058821, 0.35294117647058826, 0.10117647058823527, 0.05294117647058823, 0.10999999999999999, 0.04117647058823528]",0.04117647058823528,0.13311764705882353,0.08970657666076536,0.9066666666666666,16.7,0.4911764705882353,11.870390033721923
