classifier,best,avg,std_dev,acc,n_features,selected_rate,execution_time
knn,0.0017647058823529428,0.1348235294117647,0.09367203332366401,0.8666666666666666,9.6,0.2823529411764706,5.541936826705933
svc,0.06864705882352941,0.14872941176470586,0.07712243086521947,0.8533333333333333,12.0,0.3529411764705882,12.823058223724365
