classifier,all_fitness,best,avg,std_dev,acc,n_features,selected_rate,execution_time
knn,"[0.15823529411764703, 0.09823529411764703, 0.33529411764705885, 0.04411764705882352, 0.04999999999999999, 0.2270588235294117, 0.09529411764705881, 0.22117647058823525, 0.2270588235294117, 0.15235294117647058]",0.04411764705882352,0.16088235294117645,0.08777734099239679,0.8666666666666666,13.9,0.4088235294117647,29.970811438560485
svc,"[0.21529411764705877, 0.16117647058823525, 0.21235294117647055, 0.22411764705882348, 0.33235294117647063, 0.4494117647058824, 0.1464705882352941, 0.22117647058823525, 0.09823529411764703, 0.21529411764705877]",0.09823529411764703,0.22758823529411765,0.09407000632489297,0.7866666666666666,12.1,0.3558823529411764,96.31759715080261
