classifier,best,avg,std_dev,acc,n_features,selected_rate,execution_time
knn,0.009117647058823538,0.12785882352941175,0.07690810226349122,0.8800000000000001,30.8,0.9058823529411765,7.62026195526123
svc,0.07511764705882353,0.2468941176470588,0.17505605785291595,0.7600000000000001,31.6,0.9294117647058823,15.667392301559449
