classifier,all_fitness,best,avg,std_dev,acc,n_features,selected_rate,execution_time
knn,"[0.06776470588235294, 0.06776470588235294, 0.33235294117647063, 0.2654705882352942, 0.0026470588235294142]",0.0026470588235294142,0.14720000000000005,0.1278945099476146,0.8533333333333333,6.8,0.2,34.90604906082153
svc,"[0.13405882352941176, 0.13405882352941176, 0.2654705882352942, 0.4640588235294118, 0.13435294117647056]",0.13405882352941176,0.22640000000000002,0.1292553086325223,0.7733333333333333,6.8,0.2,45.760761976242065
