classifier,best,avg,std_dev,acc,n_features,selected_rate,execution_time
knn,0.06805882352941175,0.12109411764705882,0.10577671593133336,0.8800000000000001,7.8,0.22941176470588234,21.76994071006775
svc,0.13376470588235292,0.23960000000000004,0.0673999004034462,0.76,6.8,0.2,47.63840832710266
