classifier,all_fitness,best,avg,std_dev,acc,n_features,selected_rate,execution_time
knn,"[0.13670588235294115, 0.07452941176470587, 0.1361176470588235, 0.3332352941176471, 0.26958823529411774]",0.07452941176470587,0.19003529411764708,0.09584117917835519,0.8133333333333332,17.8,0.523529411764706,33.70634660720825
svc,"[0.20270588235294112, 0.3341176470588236, 0.071, 0.13699999999999998, 0.004117647058823533]",0.004117647058823533,0.14978823529411764,0.11346246486947152,0.8533333333333335,15.6,0.4588235294117647,97.90988688468933
