classifier,all_fitness,best,avg,std_dev,acc,n_features,selected_rate,execution_time
knn,"[0.14141176470588235, 0.20682352941176466, 0.4057058823529412, 0.14111764705882351, 0.27370588235294124]",0.14111764705882351,0.23375294117647058,0.0989923585880422,0.7733333333333333,31.8,0.9352941176470587,1.813237190246582
svc,"[0.076, 0.4051176470588236, 0.142, 0.2734117647058824, 0.14111764705882351]",0.076,0.2075294117647059,0.11780170424272884,0.8,32.4,0.9529411764705882,1.7072743892669677
