classifier,all_fitness,best,avg,std_dev,acc,n_features,selected_rate,execution_time
knn,"[0.07511764705882353, 0.2728235294117648, 0.07570588235294118, 0.2734117647058824, 0.07570588235294118]",0.07511764705882353,0.15455294117647062,0.0968080939737145,0.8533333333333333,31.8,0.9352941176470588,7.917405223846435
svc,"[0.2734117647058824, 0.2740000000000001, 0.20770588235294113, 0.07541176470588234, 0.20770588235294113]",0.07541176470588234,0.20764705882352943,0.07240702904187746,0.8,32.8,0.9647058823529411,18.25462999343872
