classifier,all_fitness,best,avg,std_dev,acc,n_features,selected_rate,execution_time
knn,"[0.2663529411764707, 0.0035294117647058855, 0.002941176470588238, 0.13435294117647056, 0.20182352941176465]",0.002941176470588238,0.12179999999999999,0.10542508844367361,0.8800000000000001,10.2,0.3,5.705125999450684
svc,"[0.20152941176470585, 0.0020588235294117666, 0.06923529411764705, 0.3986470588235294, 0.2669411764705883]",0.0020588235294117666,0.18768235294117647,0.1410429790443901,0.8133333333333332,9.8,0.28823529411764703,12.400125980377197
