classifier,all_fitness,best,avg,std_dev,acc,n_features,selected_rate,execution_time
knn,"[0.1729411764705882, 0.361764705882353, 0.22999999999999995, 0.0588235294117647, 0.29294117647058826, 0.10705882352941173, 0.11882352941176469, 0.12176470588235291, 0.23588235294117643, 0.1788235294117647]",0.0588235294117647,0.18788235294117644,0.08830906719856672,0.8533333333333333,19.0,0.5588235294117647,9.486401176452636
svc,"[0.11294117647058821, 0.11294117647058821, 0.1729411764705882, 0.05588235294117646, 0.0588235294117647, 0.1788235294117647, 0.10999999999999999, 0.1788235294117647, 0.11294117647058821, 0.17588235294117643]",0.05588235294117646,0.12699999999999995,0.04523177527811271,0.9200000000000002,18.7,0.55,32.10601382255554
