classifier,all_fitness,best,avg,std_dev,acc,n_features,selected_rate,execution_time
knn,"[0.05588235294117646, 0.04705882352941175, 0.24470588235294113, 0.17588235294117643, 0.10999999999999999]",0.04705882352941175,0.12670588235294117,0.07480780448894851,0.9199999999999999,18.6,0.5470588235294118,9.075108242034911
svc,"[0.10999999999999999, 0.22411764705882348, 0.04705882352941175, 0.11588235294117645, 0.4158823529411765]",0.04705882352941175,0.18258823529411763,0.12979813979185376,0.8533333333333333,17.2,0.5058823529411764,31.891196775436402
