classifier,all_fitness,best,avg,std_dev,acc,n_features,selected_rate,execution_time
knn,"[0.20035294117647054, 0.20152941176470585, 0.1381764705882353, 0.13523529411764704, 0.1334705882352941]",0.1334705882352941,0.16175294117647057,0.032034527220735666,0.8400000000000001,11.4,0.33529411764705885,6.322515773773193
svc,"[0.06776470588235294, 0.0674705882352941, 0.201235294117647, 0.3986470588235294, 0.13317647058823529]",0.0674705882352941,0.17365882352941173,0.12288896949494454,0.8266666666666668,7.0,0.2058823529411765,12.417723369598388
