classifier,all_fitness,best,avg,std_dev,acc,n_features,selected_rate,execution_time
knn,"[0.08352941176470587, 0.16117647058823525, 0.2605882352941177, 0.09529411764705881, 0.2005882352941176]",0.08352941176470587,0.16023529411764706,0.06603197296224912,0.8533333333333333,9.6,0.2823529411764706,4.884741306304932
svc,"[0.026470588235294114, 0.04117647058823528, 0.19470588235294115, 0.035294117647058816, 0.15235294117647058]",0.026470588235294114,0.09,0.06966156446717113,0.9333333333333332,10.2,0.3,11.596170663833618
