classifier,all_fitness,best,avg,std_dev,acc,n_features,selected_rate,execution_time
knn,"[0.1376470588235294, 0.37764705882352945, 0.0776470588235294, 0.1464705882352941, 0.1376470588235294]",0.0776470588235294,0.17541176470588238,0.10406439316055918,0.8266666666666668,6.6,0.19411764705882356,18.999109554290772
svc,"[0.14058823529411762, 0.14352941176470585, 0.20352941176470585, 0.31764705882352945, 0.13470588235294115]",0.13470588235294115,0.18799999999999997,0.06944824564760017,0.8133333333333332,6.8,0.2,44.640169858932495
