classifier,best,avg,std_dev,acc,n_features,selected_rate,execution_time
knn,0.00941176470588236,0.2072352941176471,0.16154626963144,0.8,31.4,0.9235294117647059,1.0147655963897706
svc,0.07541176470588234,0.22043529411764706,0.13448723380069696,0.7866666666666666,31.4,0.9235294117647059,1.569185161590576
