classifier,all_fitness,best,avg,std_dev,acc,n_features,selected_rate,execution_time
knn,"[0.2690000000000001, 0.2672352941176471, 0.06952941176470588, 0.07129411764705881, 0.20594117647058818]",0.06952941176470588,0.1766,0.08962908110613876,0.8266666666666665,17.0,0.5,5.299502849578857
svc,"[0.06952941176470588, 0.006764705882352948, 0.0052941176470588285, 0.4007058823529412, 0.1361176470588235]",0.0052941176470588285,0.1236823529411765,0.14663882424203523,0.8800000000000001,16.6,0.4882352941176471,12.576001310348511
