classifier,all_fitness,best,avg,std_dev,acc,n_features,selected_rate,execution_time
knn,"[0.08352941176470587, 0.37764705882352945, 0.3264705882352942, 0.14058823529411762, 0.3205882352941177]",0.08352941176470587,0.24976470588235294,0.11559181254754892,0.7466666666666666,7.4,0.2176470588235294,5.715565299987793
svc,"[0.33235294117647063, 0.2635294117647059, 0.14058823529411762, 0.19764705882352937, 0.21823529411764703]",0.14058823529411762,0.23047058823529412,0.06446522090152454,0.7733333333333332,9.0,0.2647058823529412,13.264571189880371
