classifier,best,avg,std_dev,acc,n_features,selected_rate,execution_time
knn,0.07158823529411765,0.2691176470588236,0.15029763780843616,0.7333333333333334,17.4,0.5117647058823529,36.19400930404663
svc,0.004117647058823533,0.1231529411764706,0.08755030269353789,0.8800000000000001,14.8,0.4352941176470589,94.65517501831054
