classifier,all_fitness,best,avg,std_dev,acc,n_features,selected_rate,execution_time
knn,"[0.23882352941176466, 0.17588235294117643, 0.35000000000000003, 0.22999999999999995, 0.2958823529411765, 0.09529411764705881, 0.16999999999999998, 0.29882352941176477, 0.11294117647058821, 0.16999999999999998]",0.09529411764705881,0.21376470588235294,0.07930720785649362,0.8200000000000001,17.6,0.5176470588235293,5.209810352325439
svc,"[0.1729411764705882, 0.03823529411764705, 0.10411764705882351, 0.3382352941176471, 0.11588235294117645, 0.10705882352941173, 0.2958823529411765, 0.1729411764705882, 0.10411764705882351, 0.3411764705882353]",0.03823529411764705,0.17905882352941177,0.10275249935922473,0.8533333333333333,16.0,0.47058823529411764,11.969997334480286
