classifier,all_fitness,best,avg,std_dev,acc,n_features,selected_rate,execution_time
knn,"[0.32823529411764707, 0.21117647058823524, 0.15117647058823527, 0.4511764705882353, 0.268235294117647, 0.0941176470588235, 0.15705882352941172, 0.21705882352941172, 0.268235294117647, 0.21999999999999997]",0.0941176470588235,0.23664705882352938,0.09574477679611053,0.8400000000000001,31.5,0.926470588235294,6.557224774360657
svc,"[0.09117647058823528, 0.3370588235294118, 0.21117647058823524, 0.2770588235294117, 0.3311764705882353, 0.39117647058823535, 0.268235294117647, 0.21411764705882347, 0.44823529411764707, 0.5711764705882353]",0.09117647058823528,0.3140588235294118,0.1282966528864589,0.7533333333333333,31.3,0.9205882352941177,18.96486392021179
