classifier,all_fitness,best,avg,std_dev,acc,n_features,selected_rate,execution_time
knn,"[0.16999999999999998, 0.09529411764705881, 0.16705882352941173, 0.15823529411764703, 0.10411764705882351, 0.09529411764705881, 0.22117647058823525, 0.10999999999999999, 0.16117647058823525, 0.04999999999999999]",0.04999999999999999,0.13323529411764706,0.04778067684310022,0.9,14.7,0.43235294117647066,30.589132833480836
svc,"[0.21529411764705877, 0.15823529411764703, 0.15823529411764703, 0.10117647058823527, 0.3382352941176471, 0.09235294117647058, 0.3382352941176471, 0.1552941176470588, 0.10117647058823527, 0.20352941176470585]",0.09235294117647058,0.18617647058823525,0.08553404389107219,0.8333333333333334,12.3,0.36176470588235293,95.41446659564971
