classifier,all_fitness,best,avg,std_dev,acc,n_features,selected_rate,execution_time
knn,"[0.07158823529411765, 0.0061764705882353, 0.006470588235294124, 0.27017647058823535, 0.2692941176470589]",0.0061764705882353,0.12474117647058827,0.12076235692967854,0.8800000000000001,20.2,0.5941176470588235,10.209723854064942
svc,"[0.00852941176470589, 0.006470588235294124, 0.14082352941176468, 0.004411764705882356, 0.0061764705882353]",0.004411764705882356,0.03328235294117647,0.05378647261791946,0.9733333333333334,23.4,0.6882352941176471,33.31550397872925
