classifier,all_fitness,best,avg,std_dev,acc,n_features,selected_rate,execution_time
knn,"[0.15705882352941172, 0.2770588235294117, 0.21411764705882347, 0.15117647058823527, 0.32529411764705884]",0.15117647058823527,0.2249411764705882,0.06775449269440971,0.8533333333333333,31.6,0.9294117647058823,6.720305156707764
svc,"[0.21705882352941172, 0.3370588235294118, 0.46, 0.27117647058823524, 0.5141176470588236]",0.21705882352941172,0.35988235294117643,0.111893053239787,0.7066666666666667,32.6,0.9588235294117646,18.388954210281373
