classifier,best,avg,std_dev,acc,n_features,selected_rate,execution_time
knn,0.13788235294117646,0.16504705882352938,0.03268976327288666,0.8399999999999999,22.6,0.6647058823529411,5.300693321228027
svc,0.07217647058823529,0.16381176470588238,0.06716277185968009,0.8400000000000001,18.4,0.5411764705882354,12.138934993743897
