classifier,all_fitness,best,avg,std_dev,acc,n_features,selected_rate,execution_time
knn,"[0.09823529411764703, 0.1464705882352941, 0.21235294117647055, 0.08941176470588234, 0.24470588235294113, 0.11588235294117645, 0.1464705882352941, 0.2958823529411765, 0.0864705882352941, 0.3205882352941177]",0.0864705882352941,0.1756470588235294,0.08260557887273508,0.8466666666666667,12.8,0.3764705882352941,6.033384537696838
svc,"[0.4011764705882353, 0.16999999999999998, 0.04705882352941175, 0.38058823529411767, 0.08941176470588234, 0.29000000000000004, 0.026470588235294114, 0.2005882352941176, 0.10117647058823527, 0.3205882352941177]",0.026470588235294114,0.20270588235294115,0.13116860962993065,0.8133333333333332,11.8,0.34705882352941175,12.8660560131073
