classifier,best,avg,std_dev,acc,n_features,selected_rate,execution_time
knn,0.007352941176470595,0.14023529411764707,0.17251431112592544,0.8666666666666668,28.0,0.8235294117647058,5.784820127487182
svc,0.007941176470588241,0.1921529411764706,0.11242859540945954,0.8133333333333332,25.0,0.7352941176470589,16.855351877212524
