classifier,all_fitness,best,avg,std_dev,acc,n_features,selected_rate,execution_time
knn,"[0.2728235294117648, 0.14170588235294115, 0.2740000000000001, 0.2071176470588235, 0.20741176470588232]",0.14170588235294115,0.22061176470588237,0.049312962844451705,0.7866666666666667,32.0,0.9411764705882353,0.8362848281860351
svc,"[0.009117647058823538, 0.4711176470588236, 0.07570588235294118, 0.07541176470588234, 0.2734117647058824]",0.009117647058823538,0.18095294117647062,0.16999261290687484,0.8266666666666668,31.8,0.9352941176470588,1.5540822505950929
