classifier,all_fitness,best,avg,std_dev,acc,n_features,selected_rate,execution_time
knn,"[0.005882352941176476, 0.3347058823529412, 0.2678235294117648, 0.06894117647058823, 0.06923529411764705]",0.005882352941176476,0.14931764705882355,0.1279528708651344,0.8533333333333333,14.0,0.411764705882353,7.610815477371216
svc,"[0.3361764705882353, 0.07247058823529412, 0.07011764705882352, 0.46582352941176475, 0.0748235294117647]",0.07011764705882352,0.2038823529411765,0.1660922285168768,0.8,20.0,0.588235294117647,18.92638692855835
