classifier,all_fitness,best,avg,std_dev,acc,n_features,selected_rate,execution_time
knn,"[0.21411764705882347, 0.2770588235294117, 0.1541176470588235, 0.27411764705882347, 0.4570588235294118, 0.21117647058823524, 0.21999999999999997, 0.46, 0.3970588235294118, 0.21117647058823524]",0.1541176470588235,0.2875882352941176,0.10496677675080479,0.7866666666666667,32.5,0.9558823529411764,1.0991997003555298
svc,"[0.27117647058823524, 0.3941176470588236, 0.27117647058823524, 0.5141176470588236, 0.6370588235294118, 0.46, 0.08235294117647056, 0.0941176470588235, 0.15117647058823527, 0.09117647058823528]",0.08235294117647056,0.29664705882352943,0.187343484847696,0.7733333333333334,31.5,0.9264705882352942,2.1982752084732056
