classifier,all_fitness,best,avg,std_dev,acc,n_features,selected_rate,execution_time
knn,"[0.23588235294117643, 0.1641176470588235, 0.16117647058823525, 0.12470588235294117, 0.3558823529411765, 0.06764705882352941, 0.09529411764705881, 0.19647058823529406, 0.11588235294117645, 0.10705882352941173]",0.06764705882352941,0.1624117647058823,0.08008060385753127,0.8800000000000001,18.5,0.5441176470588236,4.826185917854309
svc,"[0.1876470588235294, 0.3558823529411765, 0.04411764705882352, 0.04705882352941175, 0.19647058823529406, 0.15235294117647058, 0.09823529411764703, 0.3382352941176471, 0.3470588235294118, 0.16117647058823525]",0.04411764705882352,0.1928235294117647,0.11247600282314743,0.8400000000000001,16.6,0.4882352941176471,11.18579285144806
