classifier,all_fitness,best,avg,std_dev,acc,n_features,selected_rate,execution_time
knn,"[0.19711538461538458, 0.7673076923076924, 0.5423076923076923, 0.3173076923076923, 0.32499999999999996, 0.2048076923076923, 0.3173076923076923, 0.4375, 0.5423076923076923, 0.3096153846153846]",0.19711538461538458,0.3960576923076923,0.16834528501032367,0.6625,12.0,0.9230769230769231,1.5905656576156617
svc,"[0.3173076923076923, 0.775, 0.55, 0.2048076923076923, 0.5423076923076923, 0.4221153846153846, 0.775, 0.6471153846153845, 0.3173076923076923, 0.42980769230769234]",0.2048076923076923,0.4980769230769231,0.18494061896830208,0.55,12.1,0.9307692307692308,1.151538610458374
