classifier,all_fitness,best,avg,std_dev,acc,n_features,selected_rate,execution_time
knn,"[0.2505769230769231, 0.2528846153846154, 0.00384615384615385, 0.14450549450549457, 0.4273626373626374]",0.00384615384615385,0.21583516483516485,0.1395355050408634,0.7857142857142858,4.8,0.36923076923076925,17.0979248046875
svc,"[0.1268269230769231, 0.12836538461538463, 0.6249038461538462, 0.28593406593406595, 0.8554945054945056]",0.1268269230769231,0.4043049450549451,0.2896150042162698,0.5964285714285714,6.2,0.4769230769230769,11.762611627578735
