classifier,all_fitness,best,avg,std_dev,acc,n_features,selected_rate,execution_time
knn,"[0.03846153846153846, 0.3605769230769231, 0.5038461538461538, 0.15865384615384615, 0.023076923076923075, 0.15096153846153845, 0.14326923076923076, 0.015384615384615382, 0.13557692307692307, 0.14326923076923076]",0.015384615384615382,0.1673076923076923,0.14615068316415464,0.85,4.2,0.3230769230769231,8.305770587921142
svc,"[0.030769230769230764, 0.16634615384615384, 0.3019230769230769, 0.19711538461538458, 0.49615384615384617, 0.16634615384615384, 0.5932692307692308, 0.0692307692307692, 0.25576923076923075, 0.4807692307692308]",0.030769230769230764,0.27576923076923077,0.1803610366744876,0.75,6.6,0.5076923076923077,5.630345034599304
