classifier,all_fitness,best,avg,std_dev,acc,n_features,selected_rate,execution_time
knn,"[0.00230769230769231, 0.24903846153846154, 0.12759615384615386, 0.2867032967032967, 0.14604395604395612]",0.00230769230769231,0.1623379120879121,0.10006586648578655,0.8392857142857142,4.2,0.3230769230769231,54.51841902732849
svc,"[0.00384615384615385, 0.6233653846153846, 0.37971153846153843, 0.5687912087912088, 0.00230769230769231]",0.00230769230769231,0.31560439560439557,0.26768568885721,0.6857142857142857,5.8,0.4461538461538462,39.87857170104981
