classifier,all_fitness,best,avg,std_dev,acc,n_features,selected_rate,execution_time
knn,"[0.08461538461538459, 0.6471153846153845, 0.42980769230769234, 0.3096153846153846, 0.3173076923076923, 0.3096153846153846, 0.3173076923076923, 0.5423076923076923, 0.2048076923076923, 0.5423076923076923]",0.08461538461538459,0.3704807692307692,0.16165577814142268,0.6875,11.6,0.8923076923076924,8.81998782157898
svc,"[0.18942307692307692, 0.32499999999999996, 0.19711538461538458, 0.19711538461538458, 0.42980769230769234, 0.21249999999999997, 0.6548076923076923, 0.55, 0.3096153846153846, 0.3019230769230769]",0.18942307692307692,0.33673076923076917,0.15281432830370079,0.725,11.6,0.8923076923076925,6.308292531967163
