classifier,all_fitness,best,avg,std_dev,acc,n_features,selected_rate,execution_time
knn,"[0.14326923076923076, 0.13557692307692307, 0.25576923076923075, 0.13557692307692307, 0.3682692307692308, 0.12788461538461537, 0.2403846153846154, 0.023076923076923075, 0.26346153846153847, 0.030769230769230764]",0.023076923076923075,0.17240384615384613,0.10301846972048409,0.8375,3.4,0.2615384615384616,8.050218391418458
svc,"[0.13557692307692307, 0.37596153846153846, 0.15865384615384615, 0.4221153846153846, 0.04615384615384615, 0.3096153846153846, 0.3019230769230769, 0.39903846153846156, 0.37596153846153846, 0.4375]",0.04615384615384615,0.29625,0.1290637155730254,0.7375,7.8,0.6000000000000001,5.5853407144546505
