classifier,all_fitness,best,avg,std_dev,acc,n_features,selected_rate,execution_time
knn,"[0.008461538461538468, 0.6279807692307693, 0.38048076923076923, 0.2913186813186813, 0.4335164835164836]",0.008461538461538468,0.3483516483516484,0.20261086887452176,0.6571428571428571,11.6,0.8923076923076924,0.9480408668518067
svc,"[0.0076923076923077, 0.62875, 0.38048076923076923, 0.4327472527472528, 0.2920879120879121]",0.0076923076923077,0.3483516483516484,0.20297415030180033,0.6571428571428571,11.6,0.8923076923076924,0.6448304176330566
