classifier,all_fitness,best,avg,std_dev,acc,n_features,selected_rate,execution_time
knn,"[0.2551923076923077, 0.37740384615384615, 0.25211538461538463, 0.4327472527472528, 0.14681318681318686]",0.14681318681318686,0.2928543956043956,0.10111850039954494,0.7107142857142856,8.4,0.6461538461538462,9.314350700378418
svc,"[0.2544230769230769, 0.5042307692307693, 0.12836538461538463, 0.14989010989010995, 0.2905494505494506]",0.12836538461538463,0.26549175824175825,0.134100039122642,0.7392857142857143,9.6,0.7384615384615385,6.738222980499268
