classifier,all_fitness,best,avg,std_dev,acc,n_features,selected_rate,execution_time
knn,"[0.13557692307692307, 0.12788461538461537, 0.2403846153846154, 0.023076923076923075, 0.3032967032967033]",0.023076923076923075,0.16604395604395603,0.09714813240860273,0.8428571428571429,3.2,0.24615384615384617,11.736388015747071
svc,"[0.12788461538461537, 0.3528846153846154, 0.5855769230769231, 0.4318681318681319, 0.5604395604395603]",0.12788461538461537,0.41173076923076923,0.16539275198122116,0.575,3.8,0.2923076923076923,8.614090490341187
