classifier,all_fitness,best,avg,std_dev,acc,n_features,selected_rate,execution_time
knn,"[0.2403846153846154, 0.2403846153846154, 0.023076923076923075, 0.2403846153846154, 0.12788461538461537, 0.12788461538461537, 0.015384615384615382, 0.015384615384615382, 0.4653846153846154, 0.4653846153846154]",0.015384615384615382,0.19615384615384618,0.1598347658266621,0.8,2.1,0.16153846153846155,11.549363493919373
svc,"[0.015384615384615382, 0.25576923076923075, 0.47307692307692306, 0.023076923076923075, 0.3605769230769231, 0.5855769230769231, 0.12788461538461537, 0.015384615384615382, 0.4653846153846154, 0.007692307692307691]",0.007692307692307691,0.2329807692307692,0.21291729389239744,0.7625,2.5,0.19230769230769232,7.9536195516586305
