classifier,best,avg,std_dev,acc,n_features,selected_rate,execution_time
knn,0.00307692307692308,0.10161538461538462,0.09186756853171306,0.9,3.4,0.26153846153846155,8.797102546691894
svc,0.24903846153846154,0.5612582417582418,0.2587491329739226,0.43571428571428567,3.4,0.26153846153846155,6.6311506748199465
