classifier,all_fitness,best,avg,std_dev,acc,n_features,selected_rate,execution_time
knn,"[0.26346153846153847, 0.25576923076923075, 0.15096153846153845, 0.28021978021978017, 0.4164835164835165]",0.15096153846153845,0.27337912087912086,0.08475870907130648,0.7321428571428571,4.2,0.3230769230769231,14.764487838745117
svc,"[0.14326923076923076, 0.015384615384615382, 0.5701923076923077, 0.6813186813186813, 0.7945054945054946]",0.015384615384615382,0.44093406593406587,0.3063337723577765,0.5357142857142857,3.0,0.23076923076923078,10.845904684066772
