classifier,all_fitness,best,avg,std_dev,acc,n_features,selected_rate,execution_time
knn,"[0.13221153846153846, 0.38125, 0.010000000000000009, 0.2905494505494506, 0.4335164835164836]",0.010000000000000009,0.2495054945054945,0.1574941390371688,0.7571428571428571,11.8,0.9076923076923077,0.8554363250732422
svc,"[0.13298076923076924, 0.37971153846153843, 0.6272115384615385, 0.4335164835164836, 0.4335164835164836]",0.13298076923076924,0.4013873626373627,0.1584759034941478,0.6035714285714284,11.6,0.8923076923076924,0.6296742916107178
