classifier,best,avg,std_dev,acc,n_features,selected_rate,execution_time
knn,0.00307692307692308,0.17678846153846153,0.24295519103750593,0.825,4.6,0.35384615384615387,8.44384241104126
svc,0.00384615384615385,0.29454395604395606,0.2179794789408927,0.7071428571428571,6.0,0.4615384615384615,5.902605438232422
