classifier,all_fitness,best,avg,std_dev,acc,n_features,selected_rate,execution_time
knn,"[0.2536538461538462, 0.2551923076923077, 0.37971153846153843, 0.28901098901098904, 0.00615384615384616]",0.00615384615384616,0.2367445054945055,0.12407228312334581,0.7678571428571429,9.0,0.6923076923076923,9.373287439346313
svc,"[0.008461538461538468, 0.6264423076923077, 0.37971153846153843, 0.28593406593406595, 0.2920879120879121]",0.008461538461538468,0.31852747252747254,0.19822073535157325,0.6857142857142857,9.6,0.7384615384615385,6.767665195465088
