classifier,all_fitness,best,avg,std_dev,acc,n_features,selected_rate,execution_time
knn,"[0.12528846153846154, 0.24980769230769231, 0.4973076923076923, 0.00230769230769231, 0.14450549450549457]",0.00230769230769231,0.20384340659340663,0.166458711930143,0.7964285714285715,3.0,0.23076923076923078,32.122492122650144
svc,"[0.1268269230769231, 0.00153846153846154, 0.12605769230769232, 0.4265934065934066, 0.14296703296703303]",0.00153846153846154,0.16479670329670332,0.1404348368803566,0.8357142857142856,2.8,0.21538461538461542,23.467394208908082
