classifier,all_fitness,best,avg,std_dev,acc,n_features,selected_rate,execution_time
knn,"[0.24903846153846154, 0.12528846153846154, 0.37355769230769226, 0.5680219780219781, 0.2843956043956044]",0.12528846153846154,0.3200604395604395,0.14737646071187865,0.6785714285714286,2.4,0.18461538461538465,33.01205620765686
svc,"[0.00230769230769231, 0.8677884615384615, 0.7448076923076923, 0.4265934065934066, 0.42582417582417587]",0.00230769230769231,0.49346428571428563,0.3011889091024243,0.5035714285714286,2.6,0.2,24.270713233947752
