classifier,best,avg,std_dev,acc,n_features,selected_rate,execution_time
knn,0.008461538461538468,0.24919780219780222,0.13701063183241124,0.7571428571428571,11.4,0.876923076923077,8.99055905342102
svc,0.0076923076923077,0.3555769230769231,0.2991679582009153,0.65,11.8,0.9076923076923077,6.5288170337677
