classifier,best,avg,std_dev,acc,n_features,selected_rate,execution_time
knn,0.00153846153846154,0.07978571428571431,0.06391673518689811,0.9214285714285714,2.6,0.2,32.674691104888915
svc,0.00230769230769231,0.40537912087912087,0.2506993445008828,0.5928571428571427,3.0,0.23076923076923075,23.02492027282715
