classifier,all_fitness,best,avg,std_dev,acc,n_features,selected_rate,execution_time
knn,"[0.15096153846153845, 0.030769230769230764, 0.27884615384615385, 0.15934065934065939, 0.2879120879120879]",0.030769230769230764,0.18156593406593408,0.09480842071296824,0.8392857142857142,4.8,0.36923076923076925,16.45639576911926
svc,"[0.04615384615384615, 0.48846153846153845, 0.7211538461538461, 0.31098901098901094, 0.6813186813186813]",0.04615384615384615,0.44961538461538464,0.24937003105787994,0.55,5.8,0.4461538461538462,11.772191286087036
