classifier,all_fitness,best,avg,std_dev,acc,n_features,selected_rate,execution_time
knn,"[0.13557692307692307, 0.47307692307692306, 0.015384615384615382, 0.3605769230769231, 0.3528846153846154, 0.13557692307692307, 0.13557692307692307, 0.3682692307692308, 0.24807692307692308, 0.023076923076923075]",0.015384615384615382,0.22480769230769232,0.15034526339347065,0.775,2.9,0.2230769230769231,51.666435194015506
svc,"[0.25576923076923075, 0.5855769230769231, 0.030769230769230764, 0.24807692307692308, 0.6903846153846154, 0.023076923076923075, 0.47307692307692306, 0.14326923076923076, 0.7134615384615385, 0.5855769230769231]",0.023076923076923075,0.3749038461538462,0.2527245947351062,0.6125,3.4,0.26153846153846155,36.93472993373871
