classifier,best,avg,std_dev,acc,n_features,selected_rate,execution_time
knn,0.12528846153846154,0.15803296703296707,0.047353873229820986,0.8428571428571429,3.2,0.24615384615384617,11.927578735351563
svc,0.00230769230769231,0.3465027472527472,0.2613373715577869,0.6535714285714285,4.6,0.35384615384615387,8.52620701789856
