classifier,all_fitness,best,avg,std_dev,acc,n_features,selected_rate,execution_time
knn,"[0.023076923076923075, 0.13557692307692307, 0.030769230769230764, 0.17472527472527477, 0.2725274725274725]",0.023076923076923075,0.12733516483516483,0.0933694981285391,0.8892857142857142,3.6,0.27692307692307694,53.26281566619873
svc,"[0.24807692307692308, 0.14326923076923076, 0.5932692307692308, 0.6736263736263737, 0.5604395604395603]",0.14326923076923076,0.44373626373626374,0.20851486556293627,0.5428571428571428,4.2,0.3230769230769231,39.69782824516297
