classifier,all_fitness,best,avg,std_dev,acc,n_features,selected_rate,execution_time
knn,"[0.1268269230769231, 0.12605769230769232, 0.2505769230769231, 0.28516483516483515, 0.00230769230769231]",0.00230769230769231,0.15818681318681319,0.10096868218727502,0.8428571428571429,3.4,0.2615384615384616,15.153449153900146
svc,"[0.00153846153846154, 0.12605769230769232, 0.3720192307692307, 0.5672527472527472, 0.7102197802197803]",0.00153846153846154,0.3554175824175824,0.26414796714697747,0.6428571428571428,2.4,0.18461538461538463,10.891010618209839
