classifier,all_fitness,best,avg,std_dev,acc,n_features,selected_rate,execution_time
knn,"[0.26346153846153847, 0.3836538461538462, 0.04615384615384615, 0.3032967032967033, 0.15934065934065939]",0.04615384615384615,0.2311813186813187,0.11737696438871645,0.7892857142857144,5.4,0.4153846153846155,8.239676189422607
svc,"[0.16634615384615384, 0.030769230769230764, 0.023076923076923075, 0.2879120879120879, 0.2725274725274725]",0.023076923076923075,0.1561263736263736,0.11352330490232984,0.8607142857142858,4.0,0.30769230769230765,5.690750503540039
