classifier,all_fitness,best,avg,std_dev,acc,n_features,selected_rate,execution_time
knn,"[0.24980769230769231, 0.3727884615384615, 0.24980769230769231, 0.28516483516483515, 0.42582417582417587]",0.24980769230769231,0.3166785714285715,0.07070732246256325,0.6821428571428572,2.6,0.2,8.895521593093871
svc,"[0.24903846153846154, 0.745576923076923, 0.7463461538461538, 0.8501098901098901, 0.710989010989011]",0.24903846153846154,0.6604120879120879,0.2109072092741295,0.3357142857142857,3.6,0.27692307692307694,6.724970769882202
