classifier,all_fitness,best,avg,std_dev,acc,n_features,selected_rate,execution_time
knn,"[0.2403846153846154, 0.2403846153846154, 0.14326923076923076, 0.2403846153846154, 0.24807692307692308, 0.13557692307692307, 0.015384615384615382, 0.13557692307692307, 0.023076923076923075, 0.015384615384615382]",0.015384615384615382,0.14375,0.09303226240994264,0.8625,2.6,0.2,11.361199212074279
svc,"[0.2403846153846154, 0.5855769230769231, 0.4653846153846154, 0.3451923076923077, 0.015384615384615382, 0.2403846153846154, 0.2403846153846154, 0.14326923076923076, 0.12788461538461537, 0.14326923076923076]",0.015384615384615382,0.25471153846153843,0.16151124427304503,0.7375,2.4,0.1846153846153846,7.928877925872802
