classifier,all_fitness,best,avg,std_dev,acc,n_features,selected_rate,execution_time
knn,"[0.015384615384615382, 0.015384615384615382, 0.13557692307692307, 0.143956043956044, 0.28021978021978017]",0.015384615384615382,0.11810439560439559,0.09834398951086892,0.8892857142857142,2.4,0.18461538461538463,8.81467933654785
svc,"[0.47307692307692306, 0.6980769230769232, 0.2403846153846154, 0.689010989010989, 0.023076923076923075]",0.023076923076923075,0.4247252747252747,0.26161376928532715,0.5571428571428572,3.4,0.2615384615384616,6.662131690979004
