classifier,best,avg,std_dev,acc,n_features,selected_rate,execution_time
knn,0.00461538461538462,0.2418159340659341,0.21874077315921142,0.7607142857142857,6.4,0.49230769230769234,16.77174491882324
svc,0.12605769230769232,0.559260989010989,0.2842027543427709,0.4392857142857142,5.4,0.4153846153846154,12.37684507369995
