classifier,best,avg,std_dev,acc,n_features,selected_rate,execution_time
knn,0.12605769230769232,0.30791758241758244,0.23742810684537477,0.6928571428571428,5.0,0.3846153846153846,8.58101258277893
svc,0.12528846153846154,0.24304395604395604,0.11240733567804823,0.7571428571428571,3.4,0.2615384615384616,5.925566339492798
