classifier,best,avg,std_dev,acc,n_features,selected_rate,execution_time
knn,0.00230769230769231,0.16203021978021978,0.10052450840587444,0.8392857142857142,3.8,0.29230769230769227,54.39011950492859
svc,0.14681318681318686,0.43904670329670337,0.2234444597861069,0.5607142857142857,5.4,0.4153846153846154,39.66088871955871
