classifier,all_fitness,best,avg,std_dev,acc,n_features,selected_rate,execution_time
knn,"[0.15096153846153845, 0.16634615384615384, 0.27884615384615385, 0.27884615384615385, 0.15865384615384615, 0.27884615384615385, 0.04615384615384615, 0.030769230769230764, 0.25576923076923075, 0.030769230769230764]",0.030769230769230764,0.16759615384615384,0.0987187239813048,0.8625,5.7,0.4384615384615384,15.722929549217223
svc,"[0.15096153846153845, 0.7211538461538461, 0.27115384615384613, 0.39903846153846156, 0.14326923076923076, 0.6163461538461539, 0.27884615384615385, 0.15096153846153845, 0.37596153846153846, 0.27115384615384613]",0.14326923076923076,0.33788461538461545,0.1870221722133723,0.675,5.9,0.4538461538461539,10.898435854911805
