classifier,all_fitness,best,avg,std_dev,acc,n_features,selected_rate,execution_time
knn,"[0.12605769230769232, 0.12759615384615386, 0.4973076923076923, 0.00230769230769231, 0.1437362637362638]",0.00230769230769231,0.17940109890109893,0.16686996651088112,0.8214285714285714,3.4,0.2615384615384616,8.836842489242553
svc,"[0.24980769230769231, 0.24980769230769231, 0.7448076923076923, 0.2843956043956044, 0.00230769230769231]",0.00230769230769231,0.3062252747252747,0.24147996009332848,0.6928571428571428,2.8,0.21538461538461537,6.296285390853882
