classifier,best,avg,std_dev,acc,n_features,selected_rate,execution_time
knn,0.006923076923076929,0.27686813186813186,0.1796797213326573,0.7285714285714285,10.6,0.8153846153846155,9.277217054367066
svc,0.0076923076923077,0.25411538461538463,0.24652331729410434,0.75,8.6,0.6615384615384615,6.742776584625244
