classifier,all_fitness,best,avg,std_dev,acc,n_features,selected_rate,execution_time
knn,"[0.25576923076923075, 0.5932692307692308, 0.26346153846153847, 0.37596153846153846, 0.03846153846153846, 0.3682692307692308, 0.03846153846153846, 0.03846153846153846, 0.03846153846153846, 0.04615384615384615]",0.03846153846153846,0.20567307692307693,0.18676208344738895,0.8125,4.8,0.36923076923076925,16.152728295326234
svc,"[0.03846153846153846, 0.3836538461538462, 0.6086538461538461, 0.05384615384615383, 0.06153846153846153, 0.03846153846153846, 0.7211538461538461, 0.48846153846153845, 0.7211538461538461, 0.04615384615384615]",0.03846153846153846,0.3161538461538461,0.2843611780567081,0.7,6.0,0.46153846153846156,10.93770785331726
