classifier,all_fitness,best,avg,std_dev,acc,n_features,selected_rate,execution_time
knn,"[0.00923076923076924, 0.38125, 0.37971153846153843, 0.29285714285714287, 0.574945054945055]",0.00923076923076924,0.3275989010989011,0.18403235822191893,0.6785714285714286,12.2,0.9384615384615385,9.202616548538208
svc,"[0.008461538461538468, 0.25596153846153846, 0.2551923076923077, 0.2920879120879121, 0.00923076923076924]",0.008461538461538468,0.1641868131868132,0.12753433112406973,0.8428571428571429,11.2,0.8615384615384617,6.698039388656616
