classifier,all_fitness,best,avg,std_dev,acc,n_features,selected_rate,execution_time
knn,"[0.0923076923076923, 0.3019230769230769, 0.42980769230769234, 0.6065934065934065, 0.3417582417582417]",0.0923076923076923,0.354478021978022,0.16786531697152765,0.7035714285714285,11.4,0.876923076923077,9.205366134643555
svc,"[0.0923076923076923, 0.32499999999999996, 0.5346153846153846, 0.47802197802197804, 0.6065934065934065]",0.0923076923076923,0.40730769230769226,0.18271404481110737,0.6499999999999999,12.0,0.9230769230769231,6.715943098068237
