classifier,all_fitness,best,avg,std_dev,acc,n_features,selected_rate,execution_time
knn,"[0.24980769230769231, 0.12759615384615386, 0.12528846153846154, 0.1437362637362638, 0.2867032967032967]",0.12528846153846154,0.18662637362637363,0.06796136754928626,0.8142857142857143,3.6,0.27692307692307694,9.380825567245484
svc,"[0.00230769230769231, 0.00153846153846154, 0.3750961538461538, 0.2867032967032967, 0.14527472527472535]",0.00153846153846154,0.16218406593406592,0.14999332442980792,0.8392857142857142,4.0,0.3076923076923077,6.20706696510315
