classifier,all_fitness,best,avg,std_dev,acc,n_features,selected_rate,execution_time
knn,"[0.25576923076923075, 0.023076923076923075, 0.12788461538461537, 0.26346153846153847, 0.015384615384615382, 0.3682692307692308, 0.16634615384615384, 0.1817307692307692, 0.3605769230769231, 0.24807692307692308]",0.015384615384615382,0.20105769230769227,0.11644262529334823,0.8125,4.2,0.32307692307692315,8.175888824462891
svc,"[0.24807692307692308, 0.6240384615384615, 0.8413461538461539, 0.5115384615384615, 0.7134615384615385, 0.5423076923076923, 0.3605769230769231, 0.5038461538461538, 0.6009615384615384, 0.3528846153846154]",0.24807692307692308,0.5299038461538461,0.16887990835722752,0.4625,6.0,0.46153846153846156,5.549338746070862
