classifier,all_fitness,best,avg,std_dev,acc,n_features,selected_rate,execution_time
knn,"[0.12788461538461537, 0.12788461538461537, 0.015384615384615382, 0.12788461538461537, 0.3528846153846154, 0.2403846153846154, 0.015384615384615382, 0.3528846153846154, 0.12788461538461537, 0.2403846153846154]",0.015384615384615382,0.1728846153846154,0.11472793905583767,0.825,2.0,0.15384615384615383,28.677553391456605
svc,"[0.1201923076923077, 0.1201923076923077, 0.015384615384615382, 0.3528846153846154, 0.015384615384615382, 0.4576923076923077, 0.023076923076923075, 0.030769230769230764, 0.2326923076923077, 0.12788461538461537]",0.015384615384615382,0.14961538461538465,0.1454329386520482,0.85,1.9,0.14615384615384616,19.676459121704102
