classifier,all_fitness,best,avg,std_dev,acc,n_features,selected_rate,execution_time
knn,"[0.12759615384615386, 0.12759615384615386, 0.25134615384615383, 0.14604395604395612, 0.2874725274725275]",0.12759615384615386,0.18801098901098906,0.06777178942580464,0.8142857142857143,5.4,0.4153846153846154,8.488202333450317
svc,"[0.00230769230769231, 0.6225961538461539, 0.37355769230769226, 0.5687912087912088, 0.2836263736263736]",0.00230769230769231,0.3701758241758242,0.2218077098314743,0.6285714285714286,3.2,0.24615384615384617,5.901364183425903
