classifier,all_fitness,best,avg,std_dev,acc,n_features,selected_rate,execution_time
knn,"[0.2403846153846154, 0.12788461538461537, 0.2403846153846154, 0.2403846153846154, 0.3528846153846154, 0.12788461538461537, 0.015384615384615382, 0.2326923076923077, 0.12788461538461537, 0.12788461538461537]",0.015384615384615382,0.18336538461538462,0.09025158991535008,0.8125,1.9,0.14615384615384616,31.53784794807434
svc,"[0.2403846153846154, 0.023076923076923075, 0.12788461538461537, 0.015384615384615382, 0.4653846153846154, 0.12788461538461537, 0.3528846153846154, 0.4653846153846154, 0.12788461538461537, 0.3605769230769231]",0.015384615384615382,0.23067307692307693,0.16224231389239913,0.7625,2.2,0.16923076923076924,21.468522047996522
