classifier,all_fitness,best,avg,std_dev,acc,n_features,selected_rate,execution_time
knn,"[0.12605769230769232, 0.25211538461538463, 0.00230769230769231, 0.14450549450549457, 0.14450549450549457]",0.00230769230769231,0.13389835164835168,0.07947058249102992,0.8678571428571429,4.0,0.3076923076923077,55.506706666946414
svc,"[0.12605769230769232, 0.37663461538461535, 0.12605769230769232, 0.1437362637362638, 0.28593406593406595]",0.12605769230769232,0.2116840659340659,0.1019827454115219,0.7892857142857144,4.0,0.3076923076923077,39.7789333820343
