classifier,all_fitness,best,avg,std_dev,acc,n_features,selected_rate,execution_time
knn,"[0.17403846153846153, 0.12788461538461537, 0.3682692307692308, 0.3605769230769231, 0.16634615384615384, 0.15096153846153845, 0.15096153846153845, 0.015384615384615382, 0.15096153846153845, 0.26346153846153847]",0.015384615384615382,0.19288461538461538,0.10291983581190896,0.825,4.6,0.35384615384615387,8.755936765670777
svc,"[0.14326923076923076, 0.32499999999999996, 0.25576923076923075, 0.2865384615384615, 0.15096153846153845, 0.48846153846153845, 0.49615384615384617, 0.5346153846153846, 0.6009615384615384, 0.32499999999999996]",0.14326923076923076,0.3606730769230769,0.1526331083167668,0.6625,7.4,0.5692307692307693,5.62117748260498
