classifier,all_fitness,best,avg,std_dev,acc,n_features,selected_rate,execution_time
knn,"[0.07692307692307691, 0.2048076923076923, 0.3096153846153846, 0.20549450549450554, 0.4318681318681319]",0.07692307692307691,0.24574175824175826,0.11875862358178141,0.8107142857142857,9.8,0.7538461538461539,9.033196020126343
svc,"[0.09999999999999998, 0.27884615384615385, 0.49615384615384617, 0.45494505494505494, 0.31868131868131866]",0.09999999999999998,0.3297252747252747,0.14061494835200214,0.7071428571428571,8.6,0.6615384615384616,6.904063081741333
