classifier,all_fitness,best,avg,std_dev,acc,n_features,selected_rate,execution_time
knn,"[0.2048076923076923, 0.2048076923076923, 0.1817307692307692, 0.34945054945054943, 0.34945054945054943]",0.1817307692307692,0.2580494505494505,0.07510290609587225,0.8107142857142857,11.4,0.876923076923077,0.9016464233398438
svc,"[0.19711538461538458, 0.1817307692307692, 0.18942307692307692, 0.46263736263736266, 0.3417582417582417]",0.1817307692307692,0.27453296703296703,0.11113228566568999,0.7821428571428571,10.2,0.7846153846153846,0.6024610996246338
