classifier,all_fitness,best,avg,std_dev,acc,n_features,selected_rate,execution_time
knn,"[0.24980769230769231, 0.24980769230769231, 0.37355769230769226, 0.00230769230769231, 0.14296703296703303]",0.00230769230769231,0.20368956043956046,0.12437912087912087,0.7964285714285715,2.8,0.21538461538461542,11.98368535041809
svc,"[0.12759615384615386, 0.8708653846153845, 0.7448076923076923, 0.7086813186813187, 0.5672527472527472]",0.12759615384615386,0.6038406593406592,0.2570264486262898,0.39285714285714285,3.6,0.27692307692307694,8.586014556884766
