classifier,all_fitness,best,avg,std_dev,acc,n_features,selected_rate,execution_time
knn,"[0.47307692307692306, 0.25576923076923075, 0.24807692307692308, 0.37596153846153846, 0.023076923076923075, 0.2403846153846154, 0.030769230769230764, 0.015384615384615382, 0.015384615384615382, 0.3528846153846154]",0.015384615384615382,0.20307692307692307,0.16247200487118976,0.8,3.0,0.23076923076923075,8.456312370300292
svc,"[0.023076923076923075, 0.04615384615384615, 0.12788461538461537, 0.2403846153846154, 0.47307692307692306, 0.4653846153846154, 0.17403846153846153, 0.2403846153846154, 0.27115384615384613, 0.48846153846153845]",0.023076923076923075,0.255,0.16344106206590425,0.75,3.9,0.30000000000000004,5.92191059589386
