classifier,all_fitness,best,avg,std_dev,acc,n_features,selected_rate,execution_time
knn,"[0.030769230769230764, 0.24807692307692308, 0.15865384615384615, 0.03846153846153846, 0.29560439560439555]",0.030769230769230764,0.1543131868131868,0.10719925255720117,0.8678571428571429,4.6,0.3538461538461538,8.422054290771484
svc,"[0.26346153846153847, 0.7134615384615385, 0.14326923076923076, 0.5527472527472527, 0.15934065934065939]",0.14326923076923076,0.366456043956044,0.2273474134345119,0.6321428571428571,4.6,0.35384615384615387,6.200586795806885
