classifier,all_fitness,best,avg,std_dev,acc,n_features,selected_rate,execution_time
knn,"[0.14326923076923076, 0.24807692307692308, 0.6009615384615384, 0.03846153846153846, 0.023076923076923075, 0.14326923076923076, 0.15096153846153845, 0.26346153846153847, 0.15865384615384615, 0.03846153846153846]",0.023076923076923075,0.1808653846153846,0.1604648676271649,0.8375,4.5,0.3461538461538462,13.946296834945679
svc,"[0.25576923076923075, 0.27115384615384613, 0.3682692307692308, 0.13557692307692307, 0.03846153846153846, 0.3682692307692308, 0.26346153846153847, 0.49615384615384617, 0.39903846153846156, 0.0923076923076923]",0.03846153846153846,0.26884615384615385,0.13805710164134793,0.75,5.7,0.4384615384615385,9.882861185073853
