classifier,all_fitness,best,avg,std_dev,acc,n_features,selected_rate,execution_time
knn,"[0.2048076923076923, 0.3173076923076923, 0.19711538461538458, 0.32499999999999996, 0.42980769230769234, 0.3096153846153846, 0.2048076923076923, 0.4375, 0.3173076923076923, 0.32499999999999996]",0.19711538461538458,0.3068269230769231,0.08120355978220276,0.7625,12.1,0.9307692307692308,0.8413420200347901
svc,"[0.3019230769230769, 0.5423076923076923, 0.2048076923076923, 0.3096153846153846, 0.5423076923076923, 0.0923076923076923, 0.3173076923076923, 0.3173076923076923, 0.3019230769230769, 0.3096153846153846]",0.0923076923076923,0.32394230769230764,0.12832879052002072,0.7375,11.4,0.876923076923077,0.5585526704788208
