classifier,all_fitness,best,avg,std_dev,acc,n_features,selected_rate,execution_time
knn,"[0.08461538461538459, 0.42980769230769234, 0.41442307692307695, 0.2048076923076923, 0.42980769230769234, 0.3096153846153846, 0.55, 0.3173076923076923, 0.55, 0.32499999999999996]",0.08461538461538459,0.3615384615384616,0.13798261188799102,0.7,11.9,0.9153846153846154,8.728033137321471
svc,"[0.09999999999999998, 0.2048076923076923, 0.19711538461538458, 0.3096153846153846, 0.4221153846153846, 0.32499999999999996, 0.3096153846153846, 0.4221153846153846, 0.21249999999999997, 0.4375]",0.09999999999999998,0.2940384615384616,0.10792968344272737,0.775,11.9,0.9153846153846154,6.2795634984970095
