classifier,best,avg,std_dev,acc,n_features,selected_rate,execution_time
knn,0.00923076923076924,0.22537087912087914,0.19173564210791502,0.7821428571428571,12.6,0.9692307692307693,0.9499384880065918
svc,0.13298076923076924,0.32713736263736265,0.11629022897903184,0.6785714285714285,11.6,0.8923076923076924,0.6835766315460206
