classifier,all_fitness,best,avg,std_dev,acc,n_features,selected_rate,execution_time
knn,"[0.0923076923076923, 0.42980769230769234, 0.18942307692307692, 0.5346153846153846, 0.42980769230769234, 0.55, 0.09999999999999998, 0.4221153846153846, 0.42980769230769234, 0.775]",0.0923076923076923,0.39528846153846153,0.20327225545380784,0.6625,11.9,0.9153846153846154,1.434537672996521
svc,"[0.3096153846153846, 0.32499999999999996, 0.55, 0.3173076923076923, 0.5423076923076923, 0.2048076923076923, 0.32499999999999996, 0.55, 0.4221153846153846, 0.4221153846153846]",0.2048076923076923,0.3968269230769231,0.11423064782433333,0.6625,12.1,0.9307692307692308,1.1139976501464843
