classifier,all_fitness,best,avg,std_dev,acc,n_features,selected_rate,execution_time
knn,"[0.06153846153846153, 0.2865384615384615, 0.17403846153846153, 0.3019230769230769, 0.4221153846153846, 0.06153846153846153, 0.21249999999999997, 0.21249999999999997, 0.5423076923076923, 0.3019230769230769]",0.06153846153846153,0.25769230769230766,0.14171132838173514,0.8,10.1,0.7769230769230769,8.794682908058167
svc,"[0.18942307692307692, 0.3096153846153846, 0.3173076923076923, 0.5346153846153846, 0.6548076923076923, 0.3173076923076923, 0.07692307692307691, 0.6625, 0.4221153846153846, 0.41442307692307695]",0.07692307692307691,0.38990384615384616,0.17949904093132718,0.6625,11.2,0.8615384615384615,6.311393189430237
