classifier,all_fitness,best,avg,std_dev,acc,n_features,selected_rate,execution_time
knn,"[0.17249999999999996, 0.0050000000000000044, 0.16749999999999995, 0.16999999999999996, 0.16749999999999995]",0.0050000000000000044,0.13649999999999998,0.06577613549000881,0.8666666666666668,1.8,0.45,30.753889894485475
svc,"[0.0025000000000000022, 0.0025000000000000022, 0.0025000000000000022, 0.0050000000000000044, 0.16749999999999995]",0.0025000000000000022,0.03599999999999999,0.06575712889109436,0.9666666666666666,1.2,0.3,20.15471682548523
