classifier,all_fitness,best,avg,std_dev,acc,n_features,selected_rate,execution_time
knn,"[0.0025000000000000022, 0.0050000000000000044, 0.16749999999999995, 0.0025000000000000022, 0.0050000000000000044]",0.0025000000000000022,0.03649999999999999,0.0655095412897999,0.9666666666666668,1.4,0.35,8.135101890563964
svc,"[0.16749999999999995, 0.16999999999999996, 0.0025000000000000022, 0.0025000000000000022, 0.0050000000000000044]",0.0025000000000000022,0.06949999999999998,0.08104628307331556,0.9333333333333333,1.4,0.35,5.369098091125489
