classifier,best,avg,std_dev,acc,n_features,selected_rate,execution_time
knn,0.0025000000000000022,0.03599999999999999,0.06699999999999996,0.9666666666666668,1.2,0.3,11.1756121635437
svc,0.0025000000000000022,0.1035,0.1970063450754823,0.9,1.8,0.45,7.341124582290649
