classifier,all_fitness,best,avg,std_dev,acc,n_features,selected_rate,execution_time
knn,"[0.0025000000000000022, 0.16749999999999995, 0.16749999999999995, 0.0025000000000000022, 0.16749999999999995]",0.0025000000000000022,0.10149999999999997,0.08083316151184484,0.9,1.0,0.25,8.083288717269898
svc,"[0.16749999999999995, 0.0050000000000000044, 0.0025000000000000022, 0.16749999999999995, 0.0025000000000000022]",0.0025000000000000022,0.06899999999999998,0.08043009387039154,0.9333333333333333,1.2,0.3,5.272227191925049
