classifier,all_fitness,best,avg,std_dev,acc,n_features,selected_rate,execution_time
knn,"[0.04999999999999999, 0.17499999999999996, 0.19999999999999996, 0.17499999999999996, 0.17499999999999996]",0.04999999999999999,0.15499999999999997,0.053385391260156546,0.8666666666666668,1.4,0.35,8.476216077804565
svc,"[0.024999999999999994, 0.32500000000000007, 0.024999999999999994, 0.024999999999999994, 0.024999999999999994]",0.024999999999999994,0.08500000000000003,0.12000000000000002,0.9333333333333332,1.0,0.25,5.913507699966431
