classifier,all_fitness,best,avg,std_dev,acc,n_features,selected_rate,execution_time
knn,"[0.34, 0.3375, 0.17499999999999996, 0.17499999999999996, 0.010000000000000009]",0.010000000000000009,0.20749999999999996,0.1229430762588931,0.8,3.8,0.95,8.134042692184448
svc,"[0.17249999999999996, 0.010000000000000009, 0.007500000000000007, 0.010000000000000009, 0.010000000000000009]",0.007500000000000007,0.041999999999999996,0.06525718351262179,0.9666666666666668,3.6,0.9,5.381683778762818
