classifier,best,avg,std_dev,acc,n_features,selected_rate,execution_time
knn,0.0050000000000000044,0.07149999999999998,0.07942921376924234,0.9333333333333333,2.2,0.55,0.8127339363098145
svc,0.0025000000000000022,0.13599999999999998,0.19141316569139125,0.8666666666666668,1.6,0.4,0.7671997547149658
