classifier,best,avg,std_dev,acc,n_features,selected_rate,execution_time
knn,0.0025000000000000022,0.03549999999999999,0.06599999999999998,0.9666666666666668,1.0,0.25,8.152919912338257
svc,0.0025000000000000022,0.1355,0.12307924276660138,0.8666666666666668,1.4,0.35,5.425537967681885
