classifier,all_fitness,best,avg,std_dev,acc,n_features,selected_rate,execution_time
knn,"[0.17499999999999996, 0.17499999999999996, 0.024999999999999994, 0.024999999999999994, 0.17499999999999996, 0.024999999999999994, 0.17499999999999996, 0.17499999999999996, 0.024999999999999994, 0.024999999999999994]",0.024999999999999994,0.09999999999999998,0.07499999999999998,0.9166666666666667,1.0,0.25,4.865340518951416
svc,"[0.17499999999999996, 0.17499999999999996, 0.17499999999999996, 0.17499999999999996, 0.475, 0.024999999999999994, 0.024999999999999994, 0.024999999999999994, 0.024999999999999994, 0.17499999999999996]",0.024999999999999994,0.145,0.1307669683062202,0.8666666666666668,1.0,0.25,2.5858439445495605
