classifier,all_fitness,best,avg,std_dev,acc,n_features,selected_rate,execution_time
knn,"[0.024999999999999994, 0.024999999999999994, 0.375, 0.024999999999999994, 0.024999999999999994]",0.024999999999999994,0.095,0.14,0.9333333333333332,1.4,0.35,15.114450216293335
svc,"[0.024999999999999994, 0.04999999999999999, 0.19999999999999996, 0.024999999999999994, 0.17499999999999996]",0.024999999999999994,0.09499999999999997,0.07648529270389176,0.9333333333333333,1.4,0.35,10.100412750244141
