classifier,all_fitness,best,avg,std_dev,acc,n_features,selected_rate,execution_time
knn,"[0.09999999999999998, 0.09999999999999998, 0.09999999999999998, 0.24999999999999994, 0.09999999999999998]",0.09999999999999998,0.12999999999999995,0.059999999999999984,0.9666666666666668,4.0,1.0,8.188142919540406
svc,"[0.525, 0.85, 0.04999999999999999, 0.04999999999999999, 0.07499999999999998]",0.04999999999999999,0.31,0.32503845926290015,0.7333333333333333,2.8,0.7,5.361098957061768
