classifier,all_fitness,best,avg,std_dev,acc,n_features,selected_rate,execution_time
knn,"[0.024999999999999994, 0.17499999999999996, 0.024999999999999994, 0.024999999999999994, 0.024999999999999994, 0.024999999999999994, 0.024999999999999994, 0.024999999999999994, 0.32500000000000007, 0.17499999999999996]",0.024999999999999994,0.08499999999999999,0.099498743710662,0.9333333333333333,1.0,0.25,48.33419144153595
svc,"[0.024999999999999994, 0.024999999999999994, 0.17499999999999996, 0.024999999999999994, 0.17499999999999996, 0.17499999999999996, 0.17499999999999996, 0.024999999999999994, 0.024999999999999994, 0.024999999999999994]",0.024999999999999994,0.08499999999999999,0.07348469228349533,0.9333333333333333,1.0,0.25,31.118267512321474
