classifier,all_fitness,best,avg,std_dev,acc,n_features,selected_rate,execution_time
knn,"[0.17499999999999996, 0.04999999999999999, 0.024999999999999994, 0.024999999999999994, 0.024999999999999994, 0.04999999999999999, 0.475, 0.024999999999999994, 0.024999999999999994, 0.024999999999999994]",0.024999999999999994,0.09,0.13564659966250536,0.9333333333333333,1.2,0.3,0.9523925065994263
svc,"[0.32500000000000007, 0.024999999999999994, 0.19999999999999996, 0.17499999999999996, 0.024999999999999994, 0.19999999999999996, 0.19999999999999996, 0.475, 0.024999999999999994, 0.024999999999999994]",0.024999999999999994,0.16749999999999998,0.14276291535269234,0.85,1.3,0.325,0.7239476680755615
