classifier,all_fitness,best,avg,std_dev,acc,n_features,selected_rate,execution_time
knn,"[0.04999999999999999, 0.32500000000000007, 0.07499999999999998, 0.22499999999999995, 0.07499999999999998, 0.04999999999999999, 0.19999999999999996, 0.19999999999999996, 0.04999999999999999, 0.04999999999999999]",0.04999999999999999,0.13,0.0940744386111339,0.9166666666666667,2.2,0.55,0.7776179313659668
svc,"[0.024999999999999994, 0.19999999999999996, 0.5, 0.04999999999999999, 0.04999999999999999, 0.35000000000000003, 0.04999999999999999, 0.35000000000000003, 0.19999999999999996, 0.5]",0.024999999999999994,0.22750000000000004,0.17764078923490517,0.7999999999999999,1.9,0.475,0.48455450534820554
