classifier,all_fitness,best,avg,std_dev,acc,n_features,selected_rate,execution_time
knn,"[0.04999999999999999, 0.024999999999999994, 0.19999999999999996, 0.024999999999999994, 0.024999999999999994, 0.17499999999999996, 0.024999999999999994, 0.17499999999999996, 0.024999999999999994, 0.024999999999999994]",0.024999999999999994,0.07499999999999998,0.07158910531638175,0.95,1.2,0.3,1.066973829269409
svc,"[0.32500000000000007, 0.024999999999999994, 0.32500000000000007, 0.6250000000000001, 0.024999999999999994, 0.024999999999999994, 0.19999999999999996, 0.024999999999999994, 0.6500000000000001, 0.024999999999999994]",0.024999999999999994,0.22500000000000003,0.23690715480964272,0.7833333333333333,1.2,0.3,0.7612643957138061
