classifier,all_fitness,best,avg,std_dev,acc,n_features,selected_rate,execution_time
knn,"[0.17499999999999996, 0.024999999999999994, 0.024999999999999994, 0.17499999999999996, 0.17499999999999996, 0.024999999999999994, 0.024999999999999994, 0.17499999999999996, 0.024999999999999994, 0.024999999999999994]",0.024999999999999994,0.08499999999999999,0.07348469228349533,0.9333333333333333,1.0,0.25,13.159927034378052
svc,"[0.17499999999999996, 0.024999999999999994, 0.024999999999999994, 0.024999999999999994, 0.32500000000000007, 0.6250000000000001, 0.024999999999999994, 0.024999999999999994, 0.024999999999999994, 0.024999999999999994]",0.024999999999999994,0.13,0.19032866310674287,0.8833333333333334,1.0,0.25,8.395612692832946
