classifier,all_fitness,best,avg,std_dev,acc,n_features,selected_rate,execution_time
knn,"[0.16749999999999995, 0.0025000000000000022, 0.0050000000000000044, 0.0025000000000000022, 0.16999999999999996]",0.0025000000000000022,0.06949999999999998,0.08104628307331556,0.9333333333333333,1.4,0.35,14.110973882675172
svc,"[0.17249999999999996, 0.3325, 0.16749999999999995, 0.16749999999999995, 0.3325]",0.16749999999999995,0.2345,0.08003749121505499,0.7666666666666667,1.4,0.35,9.428150844573974
