classifier,all_fitness,best,avg,std_dev,acc,n_features,selected_rate,execution_time
knn,"[0.0025000000000000022, 0.0025000000000000022, 0.0050000000000000044, 0.16999999999999996, 0.4975]",0.0025000000000000022,0.1355,0.1921678953415476,0.8666666666666668,1.4,0.35,7.796399545669556
svc,"[0.007500000000000007, 0.3325, 0.0025000000000000022, 0.0025000000000000022, 0.16749999999999995]",0.0025000000000000022,0.1025,0.13126309458488322,0.9,1.4,0.35,4.997397804260254
