classifier,best,avg,std_dev,acc,n_features,selected_rate,execution_time
knn,0.0025000000000000022,0.1025,0.13250471689717314,0.9,1.4,0.35,8.174448394775391
svc,0.0025000000000000022,0.1355,0.12508397179495062,0.8666666666666666,1.4,0.35,5.40147910118103
