classifier,all_fitness,best,avg,std_dev,acc,n_features,selected_rate,execution_time
knn,"[0.17499999999999996, 0.024999999999999994, 0.17499999999999996, 0.17499999999999996, 0.32500000000000007, 0.024999999999999994, 0.024999999999999994, 0.024999999999999994, 0.024999999999999994, 0.024999999999999994]",0.024999999999999994,0.1,0.10062305898749055,0.9166666666666666,1.0,0.25,7.379302597045898
svc,"[0.024999999999999994, 0.024999999999999994, 0.17499999999999996, 0.024999999999999994, 0.17499999999999996, 0.32500000000000007, 0.024999999999999994, 0.32500000000000007, 0.024999999999999994, 0.024999999999999994]",0.024999999999999994,0.11499999999999999,0.12000000000000002,0.9,1.0,0.25,4.573846387863159
