classifier,best,avg,std_dev,acc,n_features,selected_rate,execution_time
knn,0.0025000000000000022,0.1025,0.13250471689717314,0.9,1.4,0.35,30.27207808494568
svc,0.0025000000000000022,0.06949999999999998,0.08207313811473273,0.9333333333333333,1.4,0.35,19.59388346672058
