classifier,best,avg,std_dev,acc,n_features,selected_rate,execution_time
knn,0.0025000000000000022,0.07049999999999998,0.08024026420694286,0.9333333333333333,1.8,0.45,14.202599287033081
svc,0.0050000000000000044,0.16949999999999998,0.18166865442337596,0.8333333333333334,1.8,0.45,9.252777719497681
