classifier,all_fitness,best,avg,std_dev,acc,n_features,selected_rate,execution_time
knn,"[0.0025000000000000022, 0.16749999999999995, 0.16749999999999995, 0.0025000000000000022, 0.16749999999999995]",0.0025000000000000022,0.10149999999999997,0.08083316151184484,0.9,1.0,0.25,11.157248640060425
svc,"[0.0025000000000000022, 0.16749999999999995, 0.0025000000000000022, 0.3325, 0.0025000000000000022]",0.0025000000000000022,0.1015,0.132,0.9,1.0,0.25,7.343355798721314
