classifier,best,avg,std_dev,acc,n_features,selected_rate,execution_time
knn,0.0025000000000000022,0.03699999999999999,0.0653146231712317,0.9666666666666668,1.6,0.4,8.594544267654419
svc,0.0025000000000000022,0.1725,0.18214005600086985,0.8333333333333334,3.0,0.75,5.859538412094116
