classifier,all_fitness,best,avg,std_dev,acc,n_features,selected_rate,execution_time
knn,"[0.024999999999999994, 0.17499999999999996, 0.024999999999999994, 0.024999999999999994, 0.32500000000000007, 0.024999999999999994, 0.32500000000000007, 0.024999999999999994, 0.024999999999999994, 0.32500000000000007]",0.024999999999999994,0.13000000000000003,0.135,0.8833333333333332,1.0,0.25,7.330538749694824
svc,"[0.32500000000000007, 0.024999999999999994, 0.475, 0.024999999999999994, 0.024999999999999994, 0.024999999999999994, 0.024999999999999994, 0.17499999999999996, 0.024999999999999994, 0.024999999999999994]",0.024999999999999994,0.11499999999999999,0.15297058540778355,0.9,1.0,0.25,4.532915163040161
