classifier,all_fitness,best,avg,std_dev,acc,n_features,selected_rate,execution_time
knn,"[0.16749999999999995, 0.16999999999999996, 0.16749999999999995, 0.16999999999999996, 0.0050000000000000044]",0.0050000000000000044,0.13599999999999995,0.0655095412897999,0.8666666666666668,1.6,0.4,8.713981533050537
svc,"[0.0025000000000000022, 0.0025000000000000022, 0.16999999999999996, 0.16999999999999996, 0.16999999999999996]",0.0025000000000000022,0.10299999999999998,0.08205790638323644,0.9,1.6,0.4,5.4685914516448975
