classifier,all_fitness,best,avg,std_dev,acc,n_features,selected_rate,execution_time
knn,"[0.07499999999999998, 0.19999999999999996, 0.22499999999999995, 0.19999999999999996, 0.07499999999999998, 0.04999999999999999, 0.04999999999999999, 0.07499999999999998, 0.04999999999999999, 0.22499999999999995]",0.04999999999999999,0.12249999999999997,0.07454025757937785,0.9333333333333333,2.5,0.625,0.7732604742050171
svc,"[0.19999999999999996, 0.375, 0.22499999999999995, 0.04999999999999999, 0.22499999999999995, 0.04999999999999999, 0.5, 0.19999999999999996, 0.04999999999999999, 0.19999999999999996]",0.04999999999999999,0.20749999999999996,0.13740906083661297,0.8333333333333334,2.3,0.575,0.48641228675842285
