classifier,all_fitness,best,avg,std_dev,acc,n_features,selected_rate,execution_time
knn,"[0.0025000000000000022, 0.0025000000000000022, 0.0050000000000000044, 0.16999999999999996, 0.007500000000000007]",0.0025000000000000022,0.03749999999999999,0.06627593831851795,0.9666666666666668,1.8,0.45,8.615676975250244
svc,"[0.0025000000000000022, 0.16749999999999995, 0.0025000000000000022, 0.007500000000000007, 0.34]",0.0025000000000000022,0.10400000000000001,0.13389921583041478,0.9,2.0,0.5,5.903170108795166
