classifier,best,avg,std_dev,acc,n_features,selected_rate,execution_time
knn,0.0025000000000000022,0.03699999999999999,0.0653146231712317,0.9666666666666668,1.6,0.4,8.113781261444093
svc,0.0025000000000000022,0.16899999999999998,0.2087139190375189,0.8333333333333333,1.6,0.4,5.314451408386231
