classifier,all_fitness,best,avg,std_dev,acc,n_features,selected_rate,execution_time
knn,"[0.17499999999999996, 0.024999999999999994, 0.024999999999999994, 0.17499999999999996, 0.024999999999999994, 0.024999999999999994, 0.024999999999999994, 0.024999999999999994, 0.024999999999999994, 0.024999999999999994]",0.024999999999999994,0.05499999999999999,0.059999999999999984,0.9666666666666668,1.0,0.25,7.61025915145874
svc,"[0.17499999999999996, 0.17499999999999996, 0.024999999999999994, 0.024999999999999994, 0.32500000000000007, 0.024999999999999994, 0.17499999999999996, 0.17499999999999996, 0.17499999999999996, 0.32500000000000007]",0.024999999999999994,0.16,0.10500000000000001,0.85,1.0,0.25,4.872098731994629
