classifier,all_fitness,best,avg,std_dev,acc,n_features,selected_rate,execution_time
knn,"[0.007500000000000007, 0.0025000000000000022, 0.0025000000000000022, 0.16999999999999996, 0.0025000000000000022]",0.0025000000000000022,0.03699999999999999,0.06652818951391956,0.9666666666666668,1.6,0.4,6.977403354644776
svc,"[0.0025000000000000022, 0.0050000000000000044, 0.0025000000000000022, 0.5025, 0.0025000000000000022]",0.0025000000000000022,0.10299999999999998,0.19975234666956979,0.9,1.6,0.4,4.990461778640747
