classifier,all_fitness,best,avg,std_dev,acc,n_features,selected_rate,execution_time
knn,"[0.16999999999999996, 0.0050000000000000044, 0.16999999999999996, 0.0050000000000000044, 0.0025000000000000022]",0.0025000000000000022,0.07049999999999998,0.08124653838779838,0.9333333333333333,1.8,0.45,55.77288498878479
svc,"[0.0050000000000000044, 0.0025000000000000022, 0.0025000000000000022, 0.16999999999999996, 0.0050000000000000044]",0.0025000000000000022,0.03699999999999999,0.06650939783218607,0.9666666666666668,1.6,0.4,35.29121608734131
