classifier,best,avg,std_dev,acc,n_features,selected_rate,execution_time
knn,0.0025000000000000022,0.23500000000000001,0.22448830704515543,0.7666666666666667,1.6,0.4,18.390642166137695
svc,0.0025000000000000022,0.1685,0.256264511784211,0.8333333333333334,1.4,0.35,10.058351421356202
