classifier,all_fitness,best,avg,std_dev,acc,n_features,selected_rate,execution_time
knn,"[0.16749999999999995, 0.0025000000000000022, 0.0050000000000000044, 0.17249999999999996, 0.3325]",0.0025000000000000022,0.13599999999999998,0.1232233744059949,0.8666666666666668,1.6,0.4,31.16052289009094
svc,"[0.16749999999999995, 0.3325, 0.0025000000000000022, 0.3325, 0.0025000000000000022]",0.0025000000000000022,0.16749999999999998,0.14758048651498615,0.8333333333333333,1.0,0.25,20.047679710388184
