classifier,all_fitness,best,avg,std_dev,acc,n_features,selected_rate,execution_time
knn,"[0.024999999999999994, 0.19999999999999996, 0.024999999999999994, 0.04999999999999999, 0.024999999999999994]",0.024999999999999994,0.06499999999999999,0.06819090848492926,0.9666666666666668,1.4,0.35,30.543971443176268
svc,"[0.17499999999999996, 0.04999999999999999, 0.17499999999999996, 0.024999999999999994, 0.32500000000000007]",0.024999999999999994,0.15,0.10723805294763611,0.8666666666666668,1.2,0.3,20.12287893295288
