classifier,best,avg,std_dev,acc,n_features,selected_rate,execution_time
knn,0.0025000000000000022,0.0030000000000000027,0.0010000000000000009,1.0,1.2,0.3,7.787493085861206
svc,0.0025000000000000022,0.0030000000000000027,0.0010000000000000009,1.0,1.2,0.3,5.014067220687866
