classifier,all_fitness,best,avg,std_dev,acc,n_features,selected_rate,execution_time
knn,"[0.0025000000000000022, 0.0025000000000000022, 0.16749999999999995, 0.007500000000000007, 0.3375]",0.0025000000000000022,0.1035,0.1330187956643722,0.9,1.8,0.45,7.913527727127075
svc,"[0.0050000000000000044, 0.0025000000000000022, 0.0025000000000000022, 0.16749999999999995, 0.16749999999999995]",0.0025000000000000022,0.06899999999999998,0.08043009387039156,0.9333333333333333,1.2,0.3,5.375196933746338
