classifier,all_fitness,best,avg,std_dev,acc,n_features,selected_rate,execution_time
knn,"[0.19999999999999996, 0.024999999999999994, 0.17499999999999996, 0.04999999999999999, 0.17499999999999996]",0.024999999999999994,0.12499999999999997,0.07245688373094718,0.9,1.4,0.35,0.8558043479919434
svc,"[0.024999999999999994, 0.024999999999999994, 0.024999999999999994, 0.19999999999999996, 0.17499999999999996]",0.024999999999999994,0.08999999999999997,0.07999999999999999,0.9333333333333333,1.2,0.3,0.7478437423706055
