classifier,all_fitness,best,avg,std_dev,acc,n_features,selected_rate,execution_time
knn,"[0.16749999999999995, 0.0025000000000000022, 0.665, 0.0025000000000000022, 0.16749999999999995]",0.0025000000000000022,0.20099999999999998,0.24345225404583956,0.8,1.2,0.3,15.259716081619263
svc,"[0.16749999999999995, 0.0050000000000000044, 0.16749999999999995, 0.0025000000000000022, 0.0025000000000000022]",0.0025000000000000022,0.06899999999999998,0.08043009387039154,0.9333333333333333,1.2,0.3,10.130138731002807
