classifier,all_fitness,best,avg,std_dev,acc,n_features,selected_rate,execution_time
knn,"[0.07499999999999998, 0.07499999999999998, 0.07499999999999998, 0.07499999999999998, 0.07499999999999998, 0.09999999999999998, 0.09999999999999998, 0.07499999999999998, 0.19999999999999996, 0.07499999999999998]",0.07499999999999998,0.09249999999999999,0.03716517186829625,0.9833333333333334,3.1,0.775,7.6701860427856445
svc,"[0.07499999999999998, 0.22499999999999995, 0.4, 0.22499999999999995, 0.09999999999999998, 0.09999999999999998, 0.22499999999999995, 0.07499999999999998, 0.22499999999999995, 0.07499999999999998]",0.07499999999999998,0.17249999999999996,0.10090218035305283,0.9,3.3,0.825,4.924388146400451
