classifier,all_fitness,best,avg,std_dev,acc,n_features,selected_rate,execution_time
knn,"[0.475, 0.024999999999999994, 0.024999999999999994, 0.024999999999999994, 0.17499999999999996, 0.32500000000000007, 0.024999999999999994, 0.024999999999999994, 0.024999999999999994, 0.024999999999999994]",0.024999999999999994,0.11499999999999999,0.15297058540778355,0.9,1.0,0.25,8.133071327209473
svc,"[0.024999999999999994, 0.024999999999999994, 0.024999999999999994, 0.024999999999999994, 0.475, 0.024999999999999994, 0.024999999999999994, 0.17499999999999996, 0.32500000000000007, 0.32500000000000007]",0.024999999999999994,0.14500000000000002,0.16155494421403513,0.8666666666666666,1.0,0.25,5.4771119356155396
