classifier,all_fitness,best,avg,std_dev,acc,n_features,selected_rate,execution_time
knn,"[0.0025000000000000022, 0.3325, 0.0025000000000000022, 0.16749999999999995, 0.0050000000000000044]",0.0025000000000000022,0.10200000000000001,0.1316282644419503,0.9,1.2,0.3,7.840926027297973
svc,"[0.16749999999999995, 0.16749999999999995, 0.0025000000000000022, 0.0025000000000000022, 0.0025000000000000022]",0.0025000000000000022,0.06849999999999998,0.08083316151184486,0.9333333333333333,1.0,0.25,4.991921472549438
