classifier,all_fitness,best,avg,std_dev,acc,n_features,selected_rate,execution_time
knn,"[0.0025000000000000022, 0.0025000000000000022, 0.16749999999999995, 0.16749999999999995, 0.0025000000000000022]",0.0025000000000000022,0.06849999999999998,0.08083316151184486,0.9333333333333333,1.0,0.25,15.359732866287231
svc,"[0.16999999999999996, 0.010000000000000009, 0.3325, 0.16749999999999995, 0.16999999999999996]",0.010000000000000009,0.16999999999999998,0.10199264679377627,0.8333333333333334,2.0,0.5,10.208726501464843
