classifier,all_fitness,best,avg,std_dev,acc,n_features,selected_rate,execution_time
knn,"[0.0050000000000000044, 0.0025000000000000022, 0.007500000000000007, 0.0025000000000000022, 0.0025000000000000022]",0.0025000000000000022,0.0040000000000000036,0.0020000000000000018,1.0,1.6,0.4,15.229958486557006
svc,"[0.0025000000000000022, 0.0025000000000000022, 0.16749999999999995, 0.0025000000000000022, 0.4975]",0.0025000000000000022,0.1345,0.19242141252989492,0.8666666666666668,1.0,0.25,9.562455797195435
