classifier,all_fitness,best,avg,std_dev,acc,n_features,selected_rate,execution_time
knn,"[0.6250000000000001, 0.024999999999999994, 0.17499999999999996, 0.024999999999999994, 0.04999999999999999, 0.024999999999999994, 0.024999999999999994, 0.17499999999999996, 0.17499999999999996, 0.024999999999999994]",0.024999999999999994,0.1325,0.17679437208237148,0.8833333333333332,1.1,0.275,14.845331501960754
svc,"[0.024999999999999994, 0.024999999999999994, 0.17499999999999996, 0.17499999999999996, 0.024999999999999994, 0.024999999999999994, 0.17499999999999996, 0.024999999999999994, 0.024999999999999994, 0.024999999999999994]",0.024999999999999994,0.06999999999999999,0.06873863542433759,0.95,1.0,0.25,9.233250856399536
