classifier,all_fitness,best,avg,std_dev,acc,n_features,selected_rate,execution_time
knn,"[0.0025000000000000022, 0.0025000000000000022, 0.0050000000000000044, 0.16999999999999996, 0.0050000000000000044]",0.0025000000000000022,0.03699999999999999,0.06650939783218607,0.9666666666666668,1.6,0.4,11.26924180984497
svc,"[0.3325, 0.16749999999999995, 0.0025000000000000022, 0.16749999999999995, 0.0025000000000000022]",0.0025000000000000022,0.13449999999999998,0.12347469376354007,0.8666666666666668,1.0,0.25,7.415809583663941
