classifier,all_fitness,best,avg,std_dev,acc,n_features,selected_rate,execution_time
knn,"[0.32500000000000007, 0.024999999999999994, 0.32500000000000007, 0.17499999999999996, 0.024999999999999994]",0.024999999999999994,0.17500000000000002,0.13416407864998742,0.8333333333333333,1.0,0.25,11.173009252548217
svc,"[0.19999999999999996, 0.024999999999999994, 0.024999999999999994, 0.17499999999999996, 0.024999999999999994]",0.024999999999999994,0.09,0.07999999999999999,0.9333333333333333,1.2,0.3,7.402867698669434
