classifier,all_fitness,best,avg,std_dev,acc,n_features,selected_rate,execution_time
knn,"[0.17499999999999996, 0.17499999999999996, 0.024999999999999994, 0.024999999999999994, 0.024999999999999994, 0.024999999999999994, 0.024999999999999994, 0.024999999999999994, 0.024999999999999994, 0.024999999999999994]",0.024999999999999994,0.05499999999999999,0.059999999999999984,0.9666666666666668,1.0,0.25,7.391528081893921
svc,"[0.32500000000000007, 0.024999999999999994, 0.024999999999999994, 0.024999999999999994, 0.024999999999999994, 0.024999999999999994, 0.024999999999999994, 0.17499999999999996, 0.024999999999999994, 0.17499999999999996]",0.024999999999999994,0.08499999999999999,0.099498743710662,0.9333333333333333,1.0,0.25,4.930594539642334
