classifier,all_fitness,best,avg,std_dev,acc,n_features,selected_rate,execution_time
knn,"[0.17499999999999996, 0.024999999999999994, 0.04999999999999999, 0.024999999999999994, 0.17499999999999996]",0.024999999999999994,0.08999999999999997,0.06999999999999999,0.9333333333333333,1.2,0.3,13.738061618804931
svc,"[0.024999999999999994, 0.04999999999999999, 0.024999999999999994, 0.17499999999999996, 0.024999999999999994]",0.024999999999999994,0.059999999999999984,0.058309518948452994,0.9666666666666668,1.2,0.3,9.08293080329895
