classifier,all_fitness,best,avg,std_dev,acc,n_features,selected_rate,execution_time
knn,"[0.024999999999999994, 0.17499999999999996, 0.17499999999999996, 0.024999999999999994, 0.024999999999999994, 0.32500000000000007, 0.024999999999999994, 0.024999999999999994, 0.17499999999999996, 0.17499999999999996]",0.024999999999999994,0.11499999999999999,0.099498743710662,0.9000000000000001,1.0,0.25,7.668973779678344
svc,"[0.024999999999999994, 0.17499999999999996, 0.024999999999999994, 0.32500000000000007, 0.32500000000000007, 0.17499999999999996, 0.024999999999999994, 0.6250000000000001, 0.17499999999999996, 0.024999999999999994]",0.024999999999999994,0.19,0.18309833423600558,0.8166666666666667,1.0,0.25,4.924701809883118
