classifier,best,avg,std_dev,acc,n_features,selected_rate,execution_time
knn,0.0025000000000000022,0.03649999999999999,0.06552861970162348,0.9666666666666668,1.4,0.35,15.709247016906739
svc,0.0050000000000000044,0.07049999999999998,0.07920542910684845,0.9333333333333333,1.8,0.45,10.23383994102478
