classifier,all_fitness,best,avg,std_dev,acc,n_features,selected_rate,execution_time
knn,"[0.0050000000000000044, 0.16999999999999996, 0.17249999999999996, 0.16999999999999996, 0.16749999999999995]",0.0050000000000000044,0.13699999999999996,0.06601893667728978,0.8666666666666668,2.0,0.5,9.483375358581544
svc,"[0.3325, 0.0025000000000000022, 0.0025000000000000022, 0.16749999999999995, 0.16749999999999995]",0.0025000000000000022,0.1345,0.12347469376354006,0.8666666666666666,1.0,0.25,6.186689662933349
