classifier,all_fitness,best,avg,std_dev,acc,n_features,selected_rate,execution_time
knn,"[0.0025000000000000022, 0.0025000000000000022, 0.0025000000000000022, 0.16749999999999995, 0.0025000000000000022]",0.0025000000000000022,0.03549999999999999,0.06599999999999998,0.9666666666666668,1.0,0.25,8.09670648574829
svc,"[0.16749999999999995, 0.0025000000000000022, 0.010000000000000009, 0.335, 0.0025000000000000022]",0.0025000000000000022,0.10350000000000001,0.13178201698259137,0.9,1.8,0.45,5.260709524154663
