classifier,all_fitness,best,avg,std_dev,acc,n_features,selected_rate,execution_time
knn,"[0.024999999999999994, 0.17499999999999996, 0.024999999999999994, 0.024999999999999994, 0.024999999999999994, 0.32500000000000007, 0.17499999999999996, 0.024999999999999994, 0.17499999999999996, 0.024999999999999994]",0.024999999999999994,0.1,0.10062305898749055,0.9166666666666667,1.0,0.25,7.586748790740967
svc,"[0.475, 0.024999999999999994, 0.17499999999999996, 0.024999999999999994, 0.024999999999999994, 0.024999999999999994, 0.6250000000000001, 0.024999999999999994, 0.024999999999999994, 0.32500000000000007]",0.024999999999999994,0.175,0.21213203435596428,0.8333333333333333,1.0,0.25,4.853528332710266
