classifier,all_fitness,best,avg,std_dev,acc,n_features,selected_rate,execution_time
knn,"[0.22499999999999995, 0.07499999999999998, 0.525, 0.07499999999999998, 0.09999999999999998, 0.07499999999999998, 0.22499999999999995, 0.4, 0.19999999999999996, 0.07499999999999998]",0.07499999999999998,0.19749999999999995,0.14809203219619888,0.8666666666666668,3.1,0.775,7.660226202011108
svc,"[0.07499999999999998, 0.07499999999999998, 0.22499999999999995, 0.19999999999999996, 0.04999999999999999, 0.07499999999999998, 0.07499999999999998, 0.22499999999999995, 0.22499999999999995, 0.09999999999999998]",0.04999999999999999,0.13249999999999998,0.07163274390947201,0.9333333333333333,2.9,0.725,4.913455557823181
