classifier,all_fitness,best,avg,std_dev,acc,n_features,selected_rate,execution_time
knn,"[0.024999999999999994, 0.17499999999999996, 0.024999999999999994, 0.19999999999999996, 0.024999999999999994]",0.024999999999999994,0.09,0.07999999999999999,0.9333333333333333,1.2,0.3,50.55001454353332
svc,"[0.04999999999999999, 0.32500000000000007, 0.17499999999999996, 0.19999999999999996, 0.024999999999999994]",0.024999999999999994,0.155,0.10885770528538623,0.8666666666666668,1.4,0.35,33.48979787826538
