classifier,best,avg,std_dev,acc,n_features,selected_rate,execution_time
knn,0.0025000000000000022,0.07049999999999998,0.0792212092813534,0.9333333333333333,1.8,0.45,51.521947145462036
svc,0.0025000000000000022,0.06949999999999998,0.08207313811473274,0.9333333333333333,1.4,0.35,33.82054481506348
