classifier,all_fitness,best,avg,std_dev,acc,n_features,selected_rate,execution_time
knn,"[0.0025000000000000022, 0.010000000000000009, 0.010000000000000009, 0.3325, 0.505]",0.0025000000000000022,0.17200000000000001,0.20874266454177498,0.8333333333333333,2.8,0.7,0.9291279315948486
svc,"[0.010000000000000009, 0.0050000000000000044, 0.0025000000000000022, 0.4975, 0.010000000000000009]",0.0025000000000000022,0.10500000000000001,0.19627149563805743,0.9,2.4,0.6,0.6083372592926025
