classifier,best,avg,std_dev,acc,n_features,selected_rate,execution_time
knn,0.0025000000000000022,0.03549999999999999,0.06599999999999998,0.9666666666666668,1.0,0.25,7.924276447296142
svc,0.0025000000000000022,0.06849999999999998,0.08083316151184486,0.9333333333333333,1.0,0.25,5.40838475227356
