classifier,all_fitness,best,avg,std_dev,acc,n_features,selected_rate,execution_time
knn,"[0.007500000000000007, 0.0050000000000000044, 0.0025000000000000022, 0.16749999999999995, 0.0025000000000000022]",0.0025000000000000022,0.03699999999999999,0.06527633568147033,0.9666666666666668,1.6,0.4,51.861774635314944
svc,"[0.007500000000000007, 0.665, 0.0025000000000000022, 0.0025000000000000022, 0.010000000000000009]",0.0025000000000000022,0.1375,0.26376599477567236,0.8666666666666666,2.2,0.55,34.176460313796994
