classifier,all_fitness,best,avg,std_dev,acc,n_features,selected_rate,execution_time
knn,"[0.17499999999999996, 0.17499999999999996, 0.024999999999999994, 0.04999999999999999, 0.024999999999999994]",0.024999999999999994,0.08999999999999997,0.06999999999999998,0.9333333333333333,1.2,0.3,7.950052213668823
svc,"[0.17499999999999996, 0.5, 0.04999999999999999, 0.04999999999999999, 0.17499999999999996]",0.04999999999999999,0.18999999999999997,0.16477257053284083,0.8333333333333334,1.6,0.4,5.345039176940918
