classifier,all_fitness,best,avg,std_dev,acc,n_features,selected_rate,execution_time
knn,"[0.024999999999999994, 0.17499999999999996, 0.024999999999999994, 0.024999999999999994, 0.024999999999999994, 0.024999999999999994, 0.17499999999999996, 0.17499999999999996, 0.024999999999999994, 0.32500000000000007]",0.024999999999999994,0.1,0.10062305898749054,0.9166666666666666,1.0,0.25,10.544581079483033
svc,"[0.024999999999999994, 0.17499999999999996, 0.024999999999999994, 0.024999999999999994, 0.024999999999999994, 0.024999999999999994, 0.17499999999999996, 0.024999999999999994, 0.17499999999999996, 0.17499999999999996]",0.024999999999999994,0.08499999999999998,0.07348469228349533,0.9333333333333333,1.0,0.25,6.747508597373963
