classifier,all_fitness,best,avg,std_dev,acc,n_features,selected_rate,execution_time
knn,"[0.22100000000000003, 0.26749999999999996, 0.21200000000000002, 0.23549999999999993, 0.285, 0.26299999999999996, 0.27949999999999997, 0.21600000000000003, 0.24949999999999994, 0.24299999999999994]",0.21200000000000002,0.24719999999999995,0.02488493520184449,0.7994999999999999,26.7,0.6675,87.96851115226745
svc,"[0.22000000000000003, 0.25149999999999995, 0.16199999999999998, 0.24299999999999994, 0.186, 0.21200000000000002, 0.1955, 0.15699999999999997, 0.21700000000000005, 0.19000000000000003]",0.15699999999999997,0.20339999999999997,0.0297117821747535,0.8440000000000001,25.2,0.6299999999999999,1442.259425997734
