classifier,all_fitness,best,avg,std_dev,acc,n_features,selected_rate,execution_time
knn,"[0.33599999999999997, 0.27249999999999996, 0.27049999999999996, 0.24550000000000005, 0.322, 0.27199999999999996, 0.27199999999999996, 0.2909999999999999, 0.253, 0.25650000000000006]",0.24550000000000005,0.2791,0.027854802099458526,0.7935000000000001,37.3,0.9325000000000001,4.4633376121521
svc,"[0.26549999999999996, 0.24850000000000003, 0.2659999999999999, 0.23650000000000004, 0.3085, 0.288, 0.297, 0.25450000000000006, 0.23, 0.20049999999999998]",0.20049999999999998,0.2595,0.03118332887938681,0.8150000000000001,37.2,0.93,75.27693295478821
