classifier,all_fitness,best,avg,std_dev,acc,n_features,selected_rate,execution_time
knn,"[0.26999999999999996, 0.25149999999999995, 0.20700000000000002, 0.19900000000000004, 0.24400000000000005, 0.23400000000000004, 0.23949999999999996, 0.22000000000000003, 0.20850000000000002, 0.24699999999999994]",0.19900000000000004,0.23205,0.02159565928606948,0.8130000000000001,25.5,0.6375,43.312243056297305
svc,"[0.23500000000000004, 0.19, 0.16149999999999998, 0.20900000000000002, 0.182, 0.21500000000000002, 0.21250000000000005, 0.20550000000000004, 0.15949999999999998, 0.20199999999999999]",0.15949999999999998,0.19720000000000001,0.022780693580310523,0.8544999999999998,26.5,0.6625,656.2646939277649
