classifier,all_fitness,best,avg,std_dev,acc,n_features,selected_rate,execution_time
knn,"[0.287, 0.25199999999999995, 0.251, 0.21950000000000003, 0.19499999999999998, 0.20800000000000005, 0.22250000000000003, 0.3105, 0.22699999999999998, 0.22349999999999995]",0.19499999999999998,0.23959999999999998,0.03414586358550622,0.791,20.6,0.515,43.97782573699951
svc,"[0.238, 0.19900000000000004, 0.155, 0.21450000000000005, 0.21999999999999997, 0.18700000000000003, 0.21250000000000005, 0.24349999999999997, 0.21949999999999997, 0.14]",0.14,0.20290000000000002,0.03192788749666973,0.8240000000000001,17.8,0.445,773.4039985179901
