classifier,all_fitness,best,avg,std_dev,acc,n_features,selected_rate,execution_time
knn,"[0.31099999999999994, 0.33599999999999997, 0.26849999999999996, 0.27899999999999997, 0.2839999999999999, 0.24850000000000003, 0.3205, 0.30199999999999994, 0.23900000000000002, 0.3045]",0.23900000000000002,0.28929999999999995,0.02962954606469696,0.7855000000000001,38.5,0.9624999999999998,43.60805525779724
svc,"[0.20199999999999999, 0.20999999999999996, 0.207, 0.24349999999999994, 0.21899999999999997, 0.23900000000000002, 0.25050000000000006, 0.2749999999999999, 0.24750000000000005, 0.26349999999999996]",0.20199999999999999,0.23569999999999997,0.023761523520178577,0.8394999999999999,36.5,0.9125,788.479651427269
