classifier,all_fitness,best,avg,std_dev,acc,n_features,selected_rate,execution_time
knn,"[0.2659999999999999, 0.2659999999999999, 0.31099999999999994, 0.3005, 0.35400000000000004, 0.3085, 0.2975, 0.3285, 0.23450000000000001, 0.2909999999999999]",0.23450000000000001,0.29574999999999996,0.032296478136168365,0.7750000000000001,37.3,0.9324999999999999,10.183009624481201
svc,"[0.23650000000000004, 0.25349999999999995, 0.205, 0.2845, 0.2659999999999999, 0.23450000000000001, 0.25950000000000006, 0.24100000000000005, 0.26799999999999996, 0.23950000000000002]",0.205,0.2488,0.02120636696843661,0.828,37.6,0.9400000000000001,158.2159957408905
