classifier,all_fitness,best,avg,std_dev,acc,n_features,selected_rate,execution_time
knn,"[0.22950000000000004, 0.21500000000000002, 0.26999999999999996, 0.2929999999999999, 0.23250000000000004, 0.25849999999999995, 0.20750000000000005, 0.22800000000000004, 0.2625, 0.26049999999999995]",0.20750000000000005,0.24570000000000003,0.025777121639158976,0.8045,27.9,0.6975,77.14909007549286
svc,"[0.23950000000000002, 0.21850000000000003, 0.24999999999999994, 0.16899999999999998, 0.23949999999999996, 0.186, 0.226, 0.23849999999999993, 0.226, 0.26249999999999996]",0.16899999999999998,0.22554999999999997,0.0270780815420886,0.8305,29.2,0.73,1618.6064024686814
