classifier,all_fitness,best,avg,std_dev,acc,n_features,selected_rate,execution_time
knn,"[0.24049999999999996, 0.2565, 0.24349999999999997, 0.25949999999999995, 0.2655, 0.23149999999999996, 0.2735, 0.273, 0.24999999999999997, 0.24799999999999997]",0.23149999999999996,0.25415,0.013268477682085483,0.769,18.5,0.4625,308.4610468864441
svc,"[0.25749999999999995, 0.19350000000000003, 0.18700000000000003, 0.23949999999999996, 0.20050000000000004, 0.21749999999999997, 0.22699999999999995, 0.23399999999999996, 0.24799999999999997, 0.18300000000000002]",0.18300000000000002,0.21874999999999994,0.025192508807183107,0.8099999999999999,19.1,0.47750000000000004,6578.6887169837955
