classifier,all_fitness,best,avg,std_dev,acc,n_features,selected_rate,execution_time
knn,"[0.3085, 0.27949999999999997, 0.26449999999999996, 0.19799999999999995, 0.23899999999999996, 0.24, 0.2575, 0.22999999999999998, 0.24399999999999997, 0.22000000000000003]",0.19799999999999995,0.2481,0.029637644980666063,0.776,18.6,0.465,60.193212795257566
svc,"[0.18950000000000003, 0.19250000000000006, 0.19500000000000006, 0.18950000000000003, 0.2015, 0.1735, 0.15, 0.22950000000000004, 0.171, 0.20700000000000005]",0.15,0.18990000000000004,0.020606794995826027,0.844,19.8,0.4950000000000001,1234.9355826854705
