classifier,all_fitness,best,avg,std_dev,acc,n_features,selected_rate,execution_time
knn,"[0.20349999999999996, 0.17550000000000004, 0.18400000000000005, 0.235, 0.19450000000000006, 0.235, 0.20349999999999996, 0.20150000000000007, 0.19450000000000006, 0.21899999999999997]",0.17550000000000004,0.20460000000000003,0.018822592807580973,0.8085000000000001,12.9,0.32250000000000006,194.6348281621933
svc,"[0.13899999999999998, 0.21049999999999996, 0.13799999999999998, 0.141, 0.17200000000000004, 0.20250000000000004, 0.1475, 0.20549999999999996, 0.164, 0.17450000000000004]",0.13799999999999998,0.16945,0.027103920380638667,0.8520000000000001,14.5,0.36249999999999993,2829.1323611736298
