classifier,all_fitness,best,avg,std_dev,acc,n_features,selected_rate,execution_time
knn,"[0.35150000000000003, 0.3025, 0.2945, 0.2945, 0.32699999999999996, 0.2995, 0.2815, 0.25650000000000006, 0.3015, 0.322]",0.25650000000000006,0.3031,0.024643254655178963,0.766,37.0,0.9250000000000002,45.584782123565674
svc,"[0.24800000000000003, 0.27749999999999997, 0.20549999999999996, 0.2235, 0.21350000000000002, 0.26349999999999996, 0.23450000000000001, 0.24350000000000002, 0.25400000000000006, 0.24550000000000005]",0.20549999999999996,0.24089999999999998,0.021090045044996942,0.8365,37.5,0.9375,708.4813497066498
