classifier,all_fitness,best,avg,std_dev,acc,n_features,selected_rate,execution_time
knn,"[0.22200000000000003, 0.22200000000000003, 0.23300000000000004, 0.25400000000000006, 0.29999999999999993, 0.28099999999999997, 0.27949999999999997, 0.2929999999999999, 0.21950000000000003, 0.3015]",0.21950000000000003,0.26054999999999995,0.032438749975916115,0.8055,34.2,0.8549999999999999,44.51439328193665
svc,"[0.21250000000000005, 0.22300000000000003, 0.17099999999999999, 0.1865, 0.204, 0.24050000000000005, 0.22250000000000003, 0.22200000000000003, 0.19400000000000003, 0.25049999999999994]",0.17099999999999999,0.21265,0.023110657714569702,0.844,28.9,0.7224999999999999,699.0356509923935
