classifier,best,avg,std_dev,acc,n_features,selected_rate,execution_time
knn,0.04637681159420287,0.09922898550724639,0.050231078210919045,0.9043478260869564,13.6,0.4533333333333333,5.953460025787353
svc,0.003333333333333336,0.08975362318840581,0.07206842882359993,0.9130434782608695,11.0,0.3666666666666666,11.218819761276245
