classifier,all_fitness,best,avg,std_dev,acc,n_features,selected_rate,execution_time
knn,"[0.06913043478260866, 0.08579710144927533, 0.1573913043478261, 0.06579710144927534, 0.052463768115942]",0.052463768115942,0.0861159420289855,0.037186315980455485,0.9391304347826086,9.4,0.3133333333333333,5.596660232543945
svc,"[0.03666666666666665, 0.1798550724637681, 0.14405797101449277, 0.07579710144927532, 0.10826086956521744]",0.03666666666666665,0.10892753623188405,0.050168847440599726,0.9130434782608695,9.2,0.3066666666666667,11.033010959625244
