classifier,all_fitness,best,avg,std_dev,acc,n_features,selected_rate,execution_time
knn,"[0.21405797101449275, 0.16159420289855075, 0.132463768115942, 0.2073913043478261, 0.23652173913043478]",0.132463768115942,0.19040579710144928,0.037847059542110234,0.8869565217391303,26.6,0.8866666666666667,0.5526438236236573
svc,"[0.2465217391304348, 0.2498550724637681, 0.20405797101449277, 0.20405797101449277, 0.28231884057971013]",0.20405797101449277,0.2373623188405797,0.029931294286277582,0.8347826086956521,26.6,0.8866666666666667,1.057502555847168
