classifier,all_fitness,best,avg,std_dev,acc,n_features,selected_rate,execution_time
knn,"[0.0020000000000000018, 0.13046376811594204, 0.04637681159420287, 0.04537681159420287, 0.04671014492753621]",0.0020000000000000018,0.054185507246376795,0.04179988070922199,0.9478260869565217,7.6,0.25333333333333335,5.575764465332031
svc,"[0.002666666666666669, 0.04537681159420287, 0.08908695652173919, 0.17384057971014494, 0.04404347826086954]",0.002666666666666669,0.07100289855072464,0.058233957588550704,0.9304347826086957,6.4,0.21333333333333332,10.386734104156494
