classifier,best,avg,std_dev,acc,n_features,selected_rate,execution_time
knn,0.051710144927536214,0.07806956521739129,0.05188652443331869,0.9304347826086955,27.6,0.9200000000000002,0.8459408283233643
svc,0.009333333333333341,0.0952202898550725,0.06092037658397882,0.9130434782608695,27.4,0.9133333333333333,1.1411668300628661
