classifier,all_fitness,best,avg,std_dev,acc,n_features,selected_rate,execution_time
knn,"[0.0010000000000000009, 0.08975362318840585, 0.0006666666666666673, 0.08808695652173919, 0.1307971014492754]",0.0006666666666666673,0.06206086956521741,0.052281150180023675,0.9391304347826088,5.4,0.18,7.071396064758301
svc,"[0.0013333333333333346, 0.17284057971014494, 0.04404347826086954, 0.1297971014492754, 0.04371014492753621]",0.0013333333333333346,0.07834492753623187,0.06306139502193876,0.9217391304347826,2.6,0.08666666666666667,12.410204362869262
