classifier,all_fitness,best,avg,std_dev,acc,n_features,selected_rate,execution_time
knn,"[0.1327971014492754, 0.0043333333333333375, 0.08842028985507253, 0.08875362318840585, 0.08875362318840585]",0.0043333333333333375,0.08061159420289858,0.04179775412061528,0.9217391304347826,9.4,0.31333333333333335,5.693372583389282
svc,"[0.1745072463768116, 0.08742028985507252, 0.08775362318840585, 0.04437681159420287, 0.04437681159420287]",0.04437681159420287,0.08768695652173915,0.04751710343310657,0.9130434782608695,4.8,0.15999999999999998,10.110160303115844
