classifier,best,avg,std_dev,acc,n_features,selected_rate,execution_time
knn,0.04504347826086954,0.10523768115942031,0.04399713247993131,0.8956521739130434,5.8,0.19333333333333333,8.454955005645752
svc,0.04371014492753621,0.09616231884057971,0.06415113063256696,0.9043478260869566,4.4,0.14666666666666667,18.61794295310974
