classifier,all_fitness,best,avg,std_dev,acc,n_features,selected_rate,execution_time
knn,"[0.14826086956521742, 0.08666666666666666, 0.2098550724637681, 0.13826086956521744, 0.1749275362318841, 0.16405797101449276, 0.14159420289855074, 0.09999999999999998, 0.25898550724637676, 0.16405797101449276]",0.08666666666666666,0.15866666666666665,0.047379948114174064,0.9,20.6,0.6866666666666668,9.64664351940155
svc,"[0.07246376811594199, 0.11826086956521743, 0.18405797101449278, 0.18739130434782608, 0.08579710144927533, 0.13579710144927531, 0.22318840579710145, 0.2465217391304348, 0.04999999999999999, 0.25652173913043474]",0.04999999999999999,0.156,0.07039950210818573,0.9,19.8,0.6599999999999999,20.91416609287262
