classifier,all_fitness,best,avg,std_dev,acc,n_features,selected_rate,execution_time
knn,"[0.1649275362318841, 0.2073913043478261, 0.08999999999999998, 0.09333333333333331, 0.20072463768115945, 0.132463768115942, 0.09666666666666665, 0.20072463768115945, 0.12913043478260866, 0.1749275362318841]",0.08999999999999998,0.14902898550724636,0.04435441127579004,0.9347826086956521,27.1,0.9033333333333333,0.5209434509277344
svc,"[0.12579710144927533, 0.1749275362318841, 0.09666666666666665, 0.25652173913043474, 0.11913043478260865, 0.1749275362318841, 0.12913043478260866, 0.12913043478260866, 0.2889855072463768, 0.13579710144927531]",0.09666666666666665,0.1631014492753623,0.05970434754464694,0.9217391304347826,27.8,0.9266666666666667,1.0380066871643066
