classifier,all_fitness,best,avg,std_dev,acc,n_features,selected_rate,execution_time
knn,"[0.132463768115942, 0.20072463768115945, 0.17159420289855076, 0.1682608695652174, 0.132463768115942]",0.132463768115942,0.16110144927536232,0.02596761753146505,0.9217391304347826,27.2,0.9066666666666666,0.7711873531341553
svc,"[0.11913043478260865, 0.2073913043478261, 0.132463768115942, 0.17826086956521742, 0.20072463768115945]",0.11913043478260865,0.1675942028985507,0.03571581453204536,0.9130434782608695,26.8,0.8933333333333333,1.1557170391082763
