classifier,all_fitness,best,avg,std_dev,acc,n_features,selected_rate,execution_time
knn,"[0.21072463768115943, 0.25318840579710145, 0.132463768115942, 0.09333333333333331, 0.21072463768115943, 0.1649275362318841, 0.09333333333333331, 0.09666666666666665, 0.2889855072463768, 0.11913043478260865]",0.09333333333333331,0.1663478260869565,0.06739229545788263,0.9173913043478261,27.6,0.9200000000000002,1.3557876348495483
svc,"[0.1682608695652174, 0.2465217391304348, 0.12913043478260866, 0.1682608695652174, 0.21405797101449275, 0.13579710144927531, 0.17826086956521742, 0.21072463768115943, 0.13579710144927531, 0.17159420289855076]",0.12913043478260866,0.17584057971014494,0.03633302116258836,0.9086956521739131,28.1,0.9366666666666668,1.7974239110946655
