classifier,all_fitness,best,avg,std_dev,acc,n_features,selected_rate,execution_time
knn,"[0.12826086956521743, 0.13159420289855076, 0.2681159420289856, 0.24231884057971012, 0.04999999999999999, 0.1249275362318841, 0.09579710144927532, 0.1249275362318841, 0.17072463768115945, 0.16405797101449276]",0.04999999999999999,0.15007246376811595,0.0617315178677527,0.8869565217391304,14.5,0.4833333333333333,10.652485513687134
svc,"[0.13159420289855076, 0.2098550724637681, 0.059999999999999984, 0.28811594202898555, 0.10246376811594199, 0.13826086956521744, 0.19985507246376813, 0.13826086956521744, 0.08913043478260865, 0.09913043478260866]",0.059999999999999984,0.14566666666666667,0.06497945161768591,0.9000000000000001,16.7,0.5566666666666666,22.26425004005432
