classifier,all_fitness,best,avg,std_dev,acc,n_features,selected_rate,execution_time
knn,"[0.10159420289855077, 0.1965217391304348, 0.24318840579710144, 0.06579710144927534, 0.08666666666666666, 0.029999999999999992, 0.15405797101449276, 0.2073913043478261, 0.039999999999999994, 0.19318840579710145]",0.029999999999999992,0.13184057971014493,0.07257446761869167,0.9086956521739129,14.9,0.4966666666666667,5.363109970092774
svc,"[0.12826086956521743, 0.046666666666666655, 0.15072463768115946, 0.07246376811594199, 0.1798550724637681, 0.1473913043478261, 0.1249275362318841, 0.07246376811594199, 0.1649275362318841, 0.1049275362318841]",0.046666666666666655,0.11926086956521738,0.04184113190702017,0.9130434782608695,12.3,0.41000000000000003,10.88515944480896
