classifier,all_fitness,best,avg,std_dev,acc,n_features,selected_rate,execution_time
knn,"[0.09275362318840585, 0.18117391304347827, 0.007666666666666674, 0.052043478260869545, 0.13846376811594205]",0.007666666666666674,0.09442028985507248,0.061303804431072376,0.9130434782608695,25.0,0.8333333333333334,6.209821510314941
svc,"[0.051376811594202876, 0.09342028985507253, 0.050043478260869544, 0.17584057971014494, 0.09375362318840585]",0.050043478260869544,0.09288695652173914,0.04569681590009143,0.9130434782608695,20.4,0.6799999999999999,10.697584915161134
