classifier,all_fitness,best,avg,std_dev,acc,n_features,selected_rate,execution_time
knn,"[0.12579710144927533, 0.12246376811594198, 0.16159420289855075, 0.2789855072463768, 0.19072463768115944, 0.10913043478260864, 0.13579710144927531, 0.1749275362318841, 0.28565217391304343, 0.12913043478260866]",0.10913043478260864,0.17142028985507243,0.060428797534938496,0.9043478260869566,25.6,0.8533333333333333,6.234395980834961
svc,"[0.16159420289855075, 0.17159420289855076, 0.13579710144927531, 0.32478260869565223, 0.11579710144927532, 0.11579710144927532, 0.20405797101449277, 0.13579710144927531, 0.3314492753623189, 0.08999999999999998]",0.08999999999999998,0.1786666666666667,0.0806976719720571,0.9,26.6,0.8866666666666667,11.556836533546448
