classifier,all_fitness,best,avg,std_dev,acc,n_features,selected_rate,execution_time
knn,"[0.13846376811594205, 0.0950869565217392, 0.09575362318840586, 0.09542028985507253, 0.13746376811594205]",0.0950869565217392,0.11243768115942035,0.020845427667773645,0.8956521739130435,27.4,0.9133333333333333,0.41880550384521487
svc,"[0.051376811594202876, 0.13813043478260872, 0.18084057971014494, 0.17984057971014494, 0.13813043478260872]",0.051376811594202876,0.13766376811594205,0.04709351317757944,0.8695652173913044,25.6,0.8533333333333333,0.6341741561889649
