classifier,best,avg,std_dev,acc,n_features,selected_rate,execution_time
knn,0.003333333333333336,0.14147246376811592,0.0788584286061726,0.8608695652173914,11.2,0.3733333333333333,36.718075323104856
svc,0.002666666666666669,0.06406086956521742,0.052001716967114,0.9391304347826086,11.4,0.38,71.86653017997742
