classifier,all_fitness,best,avg,std_dev,acc,n_features,selected_rate,execution_time
knn,"[0.08675362318840585, 0.08675362318840585, 0.04371014492753621, 0.04471014492753621, 0.08675362318840585]",0.04371014492753621,0.069736231884058,0.02084436159271713,0.9304347826086955,2.6,0.08666666666666667,38.67216205596924
svc,"[0.13013043478260872, 0.08675362318840585, 0.0006666666666666673, 0.1297971014492754, 0.0006666666666666673]",0.0006666666666666673,0.06960289855072466,0.05845593245041383,0.9304347826086957,2.2,0.07333333333333333,43.98282580375671
