classifier,best,avg,std_dev,acc,n_features,selected_rate,execution_time
knn,0.04371014492753621,0.0871536231884058,0.03872359583775992,0.9130434782608695,3.2,0.10666666666666666,7.097369861602783
svc,0.04371014492753621,0.1126463768115942,0.05811243807428148,0.8869565217391304,2.2,0.07333333333333333,12.352136659622193
