classifier,all_fitness,best,avg,std_dev,acc,n_features,selected_rate,execution_time
knn,"[0.07913043478260867, 0.1473913043478261, 0.06913043478260866, 0.16159420289855075, 0.25898550724637676, 0.17159420289855076, 0.12826086956521743, 0.1973913043478261, 0.25565217391304346, 0.04999999999999999]",0.04999999999999999,0.1519130434782609,0.0692040989348809,0.8956521739130434,17.4,0.58,5.304265713691711
svc,"[0.30391304347826087, 0.10913043478260864, 0.11159420289855077, 0.08826086956521743, 0.21985507246376812, 0.08913043478260865, 0.07579710144927532, 0.16072463768115944, 0.13159420289855076, 0.16739130434782612]",0.07579710144927532,0.14573913043478262,0.06731409633678129,0.8869565217391304,13.2,0.44000000000000006,10.720040535926818
