classifier,all_fitness,best,avg,std_dev,acc,n_features,selected_rate,execution_time
knn,"[0.09042028985507253, 0.13446376811594205, 0.13013043478260872, 0.17284057971014494, 0.21688405797101445]",0.09042028985507253,0.14894782608695656,0.04283818373013968,0.8521739130434783,7.8,0.26,8.488920068740844
svc,"[0.08842028985507253, 0.17484057971014494, 0.08742028985507252, 0.04371014492753621, 0.08742028985507252]",0.04371014492753621,0.09636231884057975,0.042788046078415055,0.9043478260869564,5.0,0.16666666666666666,17.93766841888428
