classifier,all_fitness,best,avg,std_dev,acc,n_features,selected_rate,execution_time
knn,"[0.12913043478260866, 0.20072463768115945, 0.132463768115942, 0.2398550724637681, 0.2498550724637681]",0.12913043478260866,0.19040579710144928,0.05137679319719219,0.8869565217391304,26.6,0.8866666666666667,7.123298215866089
svc,"[0.1682608695652174, 0.20072463768115945, 0.08666666666666666, 0.20072463768115945, 0.09333333333333331]",0.08666666666666666,0.14994202898550726,0.050401671623225563,0.9304347826086957,26.2,0.8733333333333334,12.607553911209106
