classifier,all_fitness,best,avg,std_dev,acc,n_features,selected_rate,execution_time
knn,"[0.09575362318840586, 0.051710144927536214, 0.0950869565217392, 0.051043478260869544, 0.052710144927536215]",0.051043478260869544,0.0692608695652174,0.021366705545313135,0.9391304347826086,27.0,0.9,7.771593999862671
svc,"[0.052710144927536215, 0.09475362318840586, 0.1805072463768116, 0.13813043478260872, 0.052710144927536215]",0.052710144927536215,0.10376231884057971,0.04972877801795457,0.9043478260869564,27.2,0.9066666666666666,12.647763633728028
