classifier,all_fitness,best,avg,std_dev,acc,n_features,selected_rate,execution_time
knn,"[0.13826086956521744, 0.04999999999999999, 0.1449275362318841, 0.11246376811594197, 0.13159420289855076, 0.03666666666666665, 0.092463768115942, 0.08913043478260865, 0.18405797101449278, 0.092463768115942]",0.03666666666666665,0.10720289855072462,0.04233874110208808,0.9434782608695652,16.9,0.5633333333333334,5.6466797351837155
svc,"[0.03666666666666665, 0.18072463768115943, 0.14826086956521742, 0.14159420289855074, 0.18072463768115943, 0.13492753623188408, 0.08579710144927533, 0.16159420289855075, 0.18072463768115943, 0.09913043478260866]",0.03666666666666665,0.1350144927536232,0.04536056856372374,0.9173913043478261,18.2,0.6066666666666667,11.10727126598358
