classifier,all_fitness,best,avg,std_dev,acc,n_features,selected_rate,execution_time
knn,"[0.033333333333333326, 0.1549275362318841, 0.08913043478260865, 0.132463768115942, 0.16072463768115944, 0.09579710144927532, 0.12826086956521743, 0.2098550724637681, 0.1649275362318841, 0.22318840579710145]",0.033333333333333326,0.13926086956521738,0.05402063636740291,0.9130434782608695,18.3,0.6100000000000001,9.404592394828796
svc,"[0.082463768115942, 0.07913043478260867, 0.14159420289855074, 0.2173913043478261, 0.13159420289855076, 0.17405797101449277, 0.20072463768115945, 0.1249275362318841, 0.23318840579710146, 0.08913043478260865]",0.07913043478260867,0.14742028985507247,0.053734463471661026,0.9043478260869564,18.4,0.6133333333333334,20.806807017326356
