classifier,best,avg,std_dev,acc,n_features,selected_rate,execution_time
knn,0.052710144927536215,0.11083768115942032,0.043326532741537103,0.8956521739130435,22.6,0.7533333333333334,10.927194786071777
svc,0.04637681159420287,0.09108695652173915,0.047225764152970244,0.9130434782608695,15.0,0.5,21.82882480621338
