classifier,all_fitness,best,avg,std_dev,acc,n_features,selected_rate,execution_time
knn,"[0.062463768115941995, 0.11159420289855077, 0.11492753623188409, 0.09159420289855078, 0.062463768115941995, 0.09826086956521743, 0.13072463768115944, 0.13739130434782612, 0.052463768115942, 0.09159420289855078]",0.052463768115942,0.09534782608695655,0.027757724750847944,0.917391304347826,6.3,0.21000000000000002,6.34556131362915
svc,"[0.12405797101449278, 0.08159420289855077, 0.0033333333333333327, 0.10159420289855077, 0.15985507246376812, 0.062463768115941995, 0.01333333333333333, 0.009999999999999998, 0.1798550724637681, 0.08159420289855077]",0.0033333333333333327,0.081768115942029,0.05853105567176138,0.9217391304347824,3.4,0.11333333333333336,12.487593364715575
