classifier,all_fitness,best,avg,std_dev,acc,n_features,selected_rate,execution_time
knn,"[0.08826086956521743, 0.20565217391304347, 0.13072463768115944, 0.042463768115942005, 0.09159420289855078, 0.08492753623188411, 0.08159420289855077, 0.009999999999999998, 0.052463768115942, 0.08492753623188411]",0.009999999999999998,0.08726086956521742,0.05015499815102689,0.9130434782608695,2.7,0.09,6.279032802581787
svc,"[0.016666666666666663, 0.09159420289855078, 0.0949275362318841, 0.12072463768115944, 0.08492753623188411, 0.1665217391304348, 0.1273913043478261, 0.12405797101449278, 0.04913043478260867, 0.15985507246376812]",0.016666666666666663,0.10357971014492755,0.04415193308007018,0.8956521739130434,2.9,0.09666666666666666,12.390832090377808
