classifier,all_fitness,best,avg,std_dev,acc,n_features,selected_rate,execution_time
knn,"[0.0960869565217392, 0.009333333333333341, 0.05237681159420288, 0.009000000000000008, 0.052710144927536215]",0.009000000000000008,0.043901449275362325,0.03251405189573317,0.9652173913043478,28.4,0.9466666666666667,7.758720064163208
svc,"[0.051710144927536214, 0.2679275362318841, 0.052710144927536215, 0.09442028985507253, 0.22388405797101446]",0.051710144927536214,0.13813043478260872,0.09041752111368473,0.8695652173913044,27.0,0.9,12.298830652236939
