classifier,all_fitness,best,avg,std_dev,acc,n_features,selected_rate,execution_time
knn,"[0.0013333333333333346, 0.04371014492753621, 0.08675362318840585, 0.08708695652173919, 0.17317391304347826]",0.0013333333333333346,0.07841159420289856,0.05704383807474596,0.9217391304347826,2.8,0.09333333333333334,22.079426956176757
svc,"[0.04437681159420287, 0.04404347826086954, 0.04371014492753621, 0.04571014492753621, 0.17317391304347826]",0.04371014492753621,0.07020289855072462,0.051489985118737716,0.9304347826086957,4.0,0.13333333333333333,47.93510599136353
