classifier,all_fitness,best,avg,std_dev,acc,n_features,selected_rate,execution_time
knn,"[0.08875362318840585, 0.04971014492753621, 0.13313043478260872, 0.08942028985507253, 0.09275362318840585]",0.04971014492753621,0.09075362318840582,0.02642021592046069,0.9130434782608695,14.0,0.4666666666666667,5.973047161102295
svc,"[0.04671014492753621, 0.04637681159420287, 0.08975362318840585, 0.13246376811594204, 0.08742028985507252]",0.04637681159420287,0.08054492753623191,0.03206209397708357,0.9217391304347826,9.2,0.30666666666666664,11.451069545745849
