classifier,best,avg,std_dev,acc,n_features,selected_rate,execution_time
knn,0.052043478260869545,0.06972753623188407,0.02125439356831273,0.9391304347826086,28.4,0.9466666666666667,7.061144781112671
svc,0.009666666666666676,0.07806956521739133,0.043647601046158856,0.9304347826086957,27.6,0.9200000000000002,11.890510511398315
