classifier,all_fitness,best,avg,std_dev,acc,n_features,selected_rate,execution_time
knn,"[0.08999999999999998, 0.12246376811594198, 0.28231884057971013, 0.12913043478260866, 0.11913043478260865, 0.17159420289855076, 0.24318840579710144, 0.1682608695652174, 0.2398550724637681, 0.12913043478260866]",0.08999999999999998,0.16950724637681155,0.06119067132062507,0.9086956521739131,26.2,0.8733333333333333,6.127693343162536
svc,"[0.18405797101449278, 0.17159420289855076, 0.08333333333333331, 0.1649275362318841, 0.09666666666666665, 0.2073913043478261, 0.15826086956521743, 0.10913043478260864, 0.1940579710144928, 0.2789855072463768]",0.08333333333333331,0.16484057971014493,0.05526865131813441,0.9086956521739131,24.8,0.8266666666666668,11.799464082717895
