classifier,all_fitness,best,avg,std_dev,acc,n_features,selected_rate,execution_time
knn,"[0.1682608695652174, 0.12246376811594198, 0.17159420289855076, 0.17159420289855076, 0.12579710144927533, 0.12913043478260866, 0.13579710144927531, 0.21072463768115943, 0.2465217391304348, 0.12246376811594198]",0.12246376811594198,0.16043478260869565,0.03990073800181757,0.9217391304347826,27.0,0.9,1.3609851360321046
svc,"[0.1682608695652174, 0.17826086956521742, 0.24318840579710144, 0.2498550724637681, 0.1682608695652174, 0.2073913043478261, 0.21072463768115943, 0.21072463768115943, 0.09666666666666665, 0.32478260869565223]",0.09666666666666665,0.20581159420289855,0.057474776437025255,0.8739130434782609,27.7,0.9233333333333335,2.0731573820114138
