classifier,all_fitness,best,avg,std_dev,acc,n_features,selected_rate,execution_time
knn,"[0.04637681159420287, 0.1347971014492754, 0.04671014492753621, 0.2195507246376811, 0.0030000000000000027]",0.0030000000000000027,0.09008695652173912,0.07763520704436122,0.9130434782608695,12.0,0.4,36.52301754951477
svc,"[0.08875362318840585, 0.08942028985507253, 0.04671014492753621, 0.04637681159420287, 0.17584057971014494]",0.04637681159420287,0.08942028985507247,0.04721399886390538,0.9130434782608695,10.0,0.3333333333333333,71.79603719711304
