classifier,all_fitness,best,avg,std_dev,acc,n_features,selected_rate,execution_time
knn,"[0.052463768115942, 0.1273913043478261, 0.1340579710144928, 0.1665217391304348, 0.0949275362318841, 0.04579710144927534, 0.04579710144927534, 0.17318840579710146, 0.009999999999999998, 0.052463768115942]",0.009999999999999998,0.0902608695652174,0.054096609729307445,0.9130434782608697,3.6,0.12,7.7711554050445555
svc,"[0.08826086956521743, 0.052463768115942, 0.009999999999999998, 0.06579710144927534, 0.1340579710144928, 0.12072463768115944, 0.08159420289855077, 0.006666666666666665, 0.09159420289855078, 0.04579710144927534]",0.006666666666666665,0.06969565217391305,0.04016435725071099,0.9347826086956523,3.3,0.11000000000000001,17.05738172531128
