classifier,all_fitness,best,avg,std_dev,acc,n_features,selected_rate,execution_time
knn,"[0.10159420289855077, 0.11159420289855077, 0.07246376811594199, 0.11159420289855077, 0.15405797101449276, 0.13739130434782612, 0.07913043478260867, 0.11826086956521743, 0.06913043478260866, 0.14072463768115945]",0.06913043478260866,0.10959420289855075,0.027946283277071236,0.9130434782608695,9.4,0.31333333333333335,32.66267383098602
svc,"[0.10826086956521744, 0.062463768115941995, 0.1473913043478261, 0.06913043478260866, 0.02666666666666666, 0.30057971014492757, 0.1573913043478261, 0.06913043478260866, 0.1473913043478261, 0.14405797101449277]",0.02666666666666666,0.1232463768115942,0.07301771457298482,0.8956521739130435,8.8,0.29333333333333333,69.03294241428375
