classifier,all_fitness,best,avg,std_dev,acc,n_features,selected_rate,execution_time
knn,"[0.04571014492753621, 0.04637681159420287, 0.08942028985507253, 0.1765072463768116, 0.17684057971014494]",0.04571014492753621,0.10697101449275363,0.05907558410782885,0.8956521739130435,11.0,0.3666666666666667,36.10132999420166
svc,"[0.003333333333333336, 0.003333333333333336, 0.17717391304347826, 0.04604347826086954, 0.0030000000000000027]",0.0030000000000000027,0.0465768115942029,0.06737183786169117,0.9565217391304348,10.6,0.35333333333333333,71.31502985954285
