classifier,best,avg,std_dev,acc,n_features,selected_rate,execution_time
knn,0.05237681159420288,0.1122376811594203,0.0644871494715414,0.8956521739130434,26.8,0.8933333333333333,6.572662353515625
svc,0.052043478260869545,0.12084637681159423,0.034405567072476245,0.8869565217391304,26.8,0.8933333333333333,12.357875156402589
