classifier,all_fitness,best,avg,std_dev,acc,n_features,selected_rate,execution_time
knn,"[0.10579710144927532, 0.07999999999999999, 0.19072463768115944, 0.08333333333333331, 0.11913043478260865]",0.07999999999999999,0.11579710144927535,0.040151153182310426,0.9565217391304348,23.0,0.7666666666666668,6.223677730560302
svc,"[0.1549275362318841, 0.2098550724637681, 0.15159420289855075, 0.0733333333333333, 0.09913043478260866]",0.0733333333333333,0.13776811594202895,0.047595897514359775,0.9217391304347826,20.2,0.6733333333333333,12.267968797683716
