classifier,all_fitness,best,avg,std_dev,acc,n_features,selected_rate,execution_time
knn,"[0.08492753623188411, 0.13072463768115944, 0.12405797101449278, 0.006666666666666665, 0.12405797101449278]",0.006666666666666665,0.09408695652173915,0.04661554495783597,0.9043478260869564,2.4,0.07999999999999999,8.026726531982423
svc,"[0.08492753623188411, 0.04579710144927534, 0.04579710144927534, 0.08159420289855077, 0.12072463768115944]",0.04579710144927534,0.07576811594202901,0.028055126218221767,0.9217391304347826,1.6,0.05333333333333333,17.799094009399415
