classifier,all_fitness,best,avg,std_dev,acc,n_features,selected_rate,execution_time
knn,"[0.023333333333333327, 0.029999999999999992, 0.033333333333333326, 0.07579710144927532, 0.02666666666666666, 0.12159420289855077, 0.11159420289855077, 0.029999999999999992, 0.10826086956521744, 0.03666666666666665]",0.023333333333333327,0.05972463768115942,0.03813767220987541,0.9695652173913043,9.7,0.3233333333333333,32.33743884563446
svc,"[0.1473913043478261, 0.06579710144927534, 0.06579710144927534, 0.18318840579710147, 0.12159420289855077, 0.07246376811594199, 0.062463768115941995, 0.07246376811594199, 0.15072463768115946, 0.16072463768115944]",0.062463768115941995,0.11026086956521738,0.04483894022840588,0.9130434782608695,9.6,0.32,67.70888273715973
