classifier,all_fitness,best,avg,std_dev,acc,n_features,selected_rate,execution_time
knn,"[0.07913043478260867, 0.13826086956521744, 0.09913043478260866, 0.08579710144927533, 0.17072463768115945, 0.21318840579710144, 0.12159420289855077, 0.13159420289855076, 0.13159420289855076, 0.16739130434782612]",0.07913043478260867,0.13384057971014496,0.03932929875818733,0.9086956521739131,15.5,0.5166666666666666,5.522915410995483
svc,"[0.08579710144927533, 0.20652173913043478, 0.046666666666666655, 0.10913043478260864, 0.16405797101449276, 0.10579710144927532, 0.1965217391304348, 0.06666666666666665, 0.07999999999999999, 0.09913043478260866]",0.046666666666666655,0.11602898550724636,0.05183866526996259,0.9347826086956521,17.2,0.5733333333333334,11.08255090713501
