classifier,all_fitness,best,avg,std_dev,acc,n_features,selected_rate,execution_time
knn,"[0.09542028985507253, 0.26726086956521744, 0.009000000000000008, 0.09575362318840586, 0.13846376811594205]",0.009000000000000008,0.1211797101449276,0.08430037342421622,0.8869565217391304,27.8,0.9266666666666667,0.7972015857696533
svc,"[0.052043478260869545, 0.008666666666666675, 0.0950869565217392, 0.1377971014492754, 0.05237681159420288]",0.008666666666666675,0.06919420289855074,0.043857375726177046,0.9391304347826086,26.8,0.8933333333333333,0.9962375640869141
