classifier,all_fitness,best,avg,std_dev,acc,n_features,selected_rate,execution_time
knn,"[0.1665217391304348, 0.16318840579710145, 0.04913043478260867, 0.016666666666666663, 0.04913043478260867, 0.016666666666666663, 0.13072463768115944, 0.062463768115941995, 0.05913043478260867, 0.1273913043478261]",0.016666666666666663,0.08410144927536231,0.0545235439530538,0.9217391304347826,4.1,0.13666666666666666,21.860579919815063
svc,"[0.09159420289855078, 0.055797101449275334, 0.29057971014492756, 0.09159420289855078, 0.04913043478260867, 0.16318840579710145, 0.17652173913043478, 0.09826086956521743, 0.1340579710144928, 0.08492753623188411]",0.04913043478260867,0.1235652173913044,0.06832924358025902,0.8782608695652174,4.2,0.13999999999999999,42.7409289598465
