classifier,all_fitness,best,avg,std_dev,acc,n_features,selected_rate,execution_time
knn,"[0.09333333333333331, 0.13579710144927531, 0.21405797101449275, 0.17159420289855076, 0.21072463768115943, 0.1682608695652174, 0.12579710144927533, 0.17159420289855076, 0.13913043478260864, 0.132463768115942]",0.09333333333333331,0.15627536231884057,0.036176598399955205,0.9304347826086957,28.1,0.9366666666666668,7.791269063949585
svc,"[0.11913043478260865, 0.21405797101449275, 0.13913043478260864, 0.20072463768115945, 0.2173913043478261, 0.1749275362318841, 0.09333333333333331, 0.17159420289855076, 0.25652173913043474, 0.17159420289855076]",0.09333333333333331,0.17584057971014494,0.04660870691830567,0.9086956521739129,28.1,0.9366666666666668,12.877244353294373
