classifier,all_fitness,best,avg,std_dev,acc,n_features,selected_rate,execution_time
knn,"[0.13346376811594204, 0.09208695652173919, 0.005333333333333338, 0.0050000000000000044, 0.052710144927536215]",0.0050000000000000044,0.05771884057971015,0.04993408854588009,0.9478260869565217,18.2,0.6066666666666667,10.62037959098816
svc,"[0.04771014492753621, 0.13413043478260872, 0.1337971014492754, 0.04704347826086954, 0.13446376811594205]",0.04704347826086954,0.0994289855072464,0.042501467758239916,0.9043478260869566,14.2,0.47333333333333333,22.217840147018432
