classifier,all_fitness,best,avg,std_dev,acc,n_features,selected_rate,execution_time
knn,"[0.09008695652173919, 0.2595942028985508, 0.08675362318840585, 0.04437681159420287, 0.13013043478260872]",0.04437681159420287,0.12218840579710148,0.07387042704356328,0.8782608695652174,5.0,0.16666666666666666,9.748079538345337
svc,"[0.08742028985507252, 0.17317391304347826, 0.04371014492753621, 0.08775362318840585, 0.04404347826086954]",0.04371014492753621,0.08722028985507248,0.047213810595450566,0.9130434782608695,3.4,0.11333333333333333,24.37171893119812
