classifier,all_fitness,best,avg,std_dev,acc,n_features,selected_rate,execution_time
knn,"[0.09175362318840585, 0.04971014492753621, 0.0050000000000000044, 0.17684057971014494, 0.09142028985507253]",0.0050000000000000044,0.08294492753623191,0.056825664776346284,0.9217391304347826,16.4,0.5466666666666666,12.02960147857666
svc,"[0.04871014492753621, 0.09075362318840585, 0.13346376811594204, 0.04671014492753621, 0.09008695652173919]",0.04671014492753621,0.08194492753623192,0.03207527823823315,0.9217391304347824,13.4,0.44666666666666666,21.65704927444458
