classifier,all_fitness,best,avg,std_dev,acc,n_features,selected_rate,execution_time
knn,"[0.016666666666666663, 0.0949275362318841, 0.08826086956521743, 0.13072463768115944, 0.08492753623188411, 0.052463768115942, 0.16985507246376813, 0.052463768115942, 0.052463768115942, 0.055797101449275334]",0.016666666666666663,0.07985507246376812,0.042229954299260415,0.9260869565217392,4.0,0.13333333333333333,7.809133863449096
svc,"[0.17318840579710146, 0.15985507246376812, 0.12405797101449278, 0.20565217391304347, 0.04913043478260867, 0.20565217391304347, 0.12072463768115944, 0.055797101449275334, 0.006666666666666665, 0.04913043478260867]",0.006666666666666665,0.1149855072463768,0.0677251881740576,0.882608695652174,2.8,0.09333333333333334,17.610395383834838
