classifier,best,avg,std_dev,acc,n_features,selected_rate,execution_time
knn,0.002666666666666669,0.054652173913043486,0.03266407407121221,0.9478260869565217,9.0,0.3,5.58191556930542
svc,0.04504347826086954,0.07927826086956523,0.03171260277150339,0.9217391304347826,5.4,0.18,10.605990219116212
