classifier,all_fitness,best,avg,std_dev,acc,n_features,selected_rate,execution_time
knn,"[0.04333333333333333, 0.16405797101449276, 0.16072463768115944, 0.046666666666666655, 0.20318840579710146]",0.04333333333333333,0.12359420289855075,0.06589518323278967,0.9130434782608695,13.6,0.4533333333333334,10.419175148010254
svc,"[0.04333333333333333, 0.35304347826086957, 0.16072463768115944, 0.07246376811594199, 0.07913043478260867]",0.04333333333333333,0.1417391304347826,0.11261669715850751,0.8869565217391304,12.0,0.4,22.288998413085938
