classifier,all_fitness,best,avg,std_dev,acc,n_features,selected_rate,execution_time
knn,"[0.1273913043478261, 0.08492753623188411, 0.08159420289855077, 0.04579710144927534, 0.04913043478260867]",0.04579710144927534,0.077768115942029,0.02956558681212796,0.9217391304347826,2.2,0.07333333333333333,6.451915168762207
svc,"[0.08492753623188411, 0.042463768115942005, 0.01333333333333333, 0.10159420289855077, 0.2414492753623189]",0.01333333333333333,0.09675362318840582,0.07874827290291635,0.9043478260869564,3.2,0.10666666666666666,13.12806420326233
