classifier,all_fitness,best,avg,std_dev,acc,n_features,selected_rate,execution_time
knn,"[0.13072463768115944, 0.16985507246376813, 0.01333333333333333, 0.016666666666666663, 0.016666666666666663, 0.09159420289855078, 0.09159420289855078, 0.02666666666666666, 0.023333333333333327, 0.11492753623188409]",0.01333333333333333,0.06953623188405798,0.054371890324568635,0.9434782608695652,5.6,0.18666666666666668,20.206713008880616
svc,"[0.08492753623188411, 0.1340579710144928, 0.16985507246376813, 0.09159420289855078, 0.055797101449275334, 0.04913043478260867, 0.016666666666666663, 0.052463768115942, 0.01333333333333333, 0.05913043478260867]",0.01333333333333333,0.07269565217391304,0.04670055480340251,0.9347826086956521,4.2,0.13999999999999999,43.67925186157227
