classifier,best,avg,std_dev,acc,n_features,selected_rate,execution_time
knn,0.04404347826086954,0.08748695652173916,0.02723565407259436,0.9130434782608695,4.2,0.13999999999999999,23.18805947303772
svc,0.04404347826086954,0.08702028985507246,0.047273985531627524,0.9130434782608695,2.8,0.09333333333333334,46.7294282913208
