classifier,all_fitness,best,avg,std_dev,acc,n_features,selected_rate,execution_time
knn,"[0.17388888888888884, 0.42027777777777775, 0.34, 0.09138888888888892, 0.5852777777777777]",0.09138888888888892,0.32216666666666666,0.17573614129718645,0.6833333333333333,7.8,0.8666666666666666,10.912552976608277
svc,"[0.2575, 0.3388888888888889, 0.17388888888888884, 0.42027777777777775, 0.42138888888888887]",0.17388888888888884,0.3223888888888889,0.09583141705008416,0.6833333333333333,8.0,0.888888888888889,8.21767520904541
