classifier,all_fitness,best,avg,std_dev,acc,n_features,selected_rate,execution_time
knn,"[0.41916666666666663, 0.5016666666666667, 0.33555555555555555, 0.41694444444444445, 0.41916666666666663]",0.33555555555555555,0.4185,0.0525352909016735,0.5833333333333334,5.4,0.5999999999999999,10.231761026382447
svc,"[0.24972222222222223, 0.24972222222222223, 0.08583333333333337, 0.1694444444444444, 0.33222222222222225]",0.08583333333333337,0.2173888888888889,0.08352618425853131,0.7833333333333333,2.6,0.28888888888888886,7.346500110626221
