classifier,best,avg,std_dev,acc,n_features,selected_rate,execution_time
knn,0.006666666666666672,0.4017777777777777,0.21749986519081954,0.6,5.2,0.5777777777777778,43.7849937915802
svc,0.08583333333333337,0.2013333333333333,0.08435437447949667,0.8,3.0,0.3333333333333333,30.5947856426239
