classifier,best,avg,std_dev,acc,n_features,selected_rate,execution_time
knn,0.3344444444444445,0.4187222222222222,0.07430077347021095,0.5833333333333333,5.6,0.6222222222222223,14.241981983184814
svc,0.1672222222222222,0.3175,0.12000090020238481,0.6833333333333333,3.6,0.4,10.309053754806518
