classifier,all_fitness,best,avg,std_dev,acc,n_features,selected_rate,execution_time
knn,"[0.225, 0.45, 0.08611111111111115, 0.225, 0.6000000000000001, 0.30000000000000004, 0.225, 0.14999999999999997, 0.225, 0.225]",0.08611111111111115,0.27111111111111114,0.1416078309196839,0.7,0.1,0.01111111111111111,13.674396538734436
svc,"[0.45, 0.3972222222222222, 0.225, 0.07500000000000004, 0.1833333333333333, 0.07500000000000004, 0.225, 0.14999999999999997, 0.14999999999999997, 0.375]",0.07500000000000004,0.23055555555555554,0.12667397639727068,0.75,0.5,0.05555555555555556,9.342090892791749
