classifier,all_fitness,best,avg,std_dev,acc,n_features,selected_rate,execution_time
knn,"[0.25083333333333335, 0.41916666666666663, 0.33222222222222225, 0.25194444444444447, 0.3344444444444445]",0.25083333333333335,0.31772222222222224,0.06258066399594077,0.6833333333333333,3.8,0.4222222222222222,38.37595176696777
svc,"[0.4147222222222222, 0.33333333333333337, 0.25194444444444447, 0.25083333333333335, 0.41916666666666663]",0.25083333333333335,0.334,0.07405361754570086,0.6666666666666667,3.6,0.4,29.30095019340515
