classifier,all_fitness,best,avg,std_dev,acc,n_features,selected_rate,execution_time
knn,"[0.17388888888888884, 0.41916666666666663, 0.34, 0.3388888888888889, 0.2575]",0.17388888888888884,0.3058888888888889,0.08348641495166433,0.7,8.0,0.888888888888889,1.3471625328063965
svc,"[0.3388888888888889, 0.17388888888888884, 0.2563888888888889, 0.2563888888888889, 0.17166666666666663]",0.17166666666666663,0.23944444444444443,0.062217013670887965,0.7666666666666667,7.6,0.8444444444444444,0.8502328872680665
