classifier,best,avg,std_dev,acc,n_features,selected_rate,execution_time
knn,0.17388888888888884,0.25705555555555554,0.07428747962900366,0.75,8.6,0.9555555555555555,10.40246934890747
svc,0.09250000000000004,0.32283333333333336,0.14160493208262012,0.6833333333333333,8.4,0.9333333333333333,8.071051502227784
