classifier,all_fitness,best,avg,std_dev,acc,n_features,selected_rate,execution_time
knn,"[0.44166666666666665, 0.30277777777777776, 0.24999999999999994, 0.30277777777777776, 0.17500000000000002, 0.3138888888888889, 0.3888888888888889, 0.55, 0.22777777777777775, 0.21666666666666662]",0.17500000000000002,0.3169444444444444,0.10867077077003315,0.7416666666666666,7.6,0.8444444444444444,10.497759079933166
svc,"[0.22777777777777775, 0.24999999999999994, 0.3777777777777778, 0.23888888888888882, 0.3888888888888889, 0.30277777777777776, 0.3888888888888889, 0.3666666666666667, 0.46388888888888885, 0.4]",0.22777777777777775,0.34055555555555556,0.07626707459098368,0.7166666666666667,7.7,0.8555555555555555,8.045398998260499
