classifier,all_fitness,best,avg,std_dev,acc,n_features,selected_rate,execution_time
knn,"[0.42138888888888887, 0.17388888888888884, 0.3377777777777778, 0.42027777777777775, 0.3388888888888889]",0.17388888888888884,0.33844444444444444,0.090172776543864,0.6666666666666667,7.6,0.8444444444444443,10.885166454315186
svc,"[0.3388888888888889, 0.25416666666666665, 0.41916666666666663, 0.33222222222222225, 0.3388888888888889]",0.25416666666666665,0.3366666666666666,0.052234336656321434,0.6666666666666666,6.0,0.6666666666666666,8.471444463729858
