classifier,all_fitness,best,avg,std_dev,acc,n_features,selected_rate,execution_time
knn,"[0.41583333333333333, 0.4180555555555555, 0.0880555555555556, 0.2475, 0.41694444444444445]",0.0880555555555556,0.3172777777777778,0.13207162291819885,0.6833333333333333,3.4,0.37777777777777777,14.0603816986084
svc,"[0.33222222222222225, 0.33333333333333337, 0.4147222222222222, 0.1694444444444444, 0.25305555555555553]",0.1694444444444444,0.3005555555555556,0.08313550592664375,0.7,3.2,0.35555555555555557,10.325797605514527
