classifier,all_fitness,best,avg,std_dev,acc,n_features,selected_rate,execution_time
knn,"[0.33333333333333337, 0.08583333333333337, 0.5852777777777777, 0.25416666666666665, 0.17388888888888884]",0.08583333333333337,0.2865,0.17056103863788633,0.7166666666666667,5.4,0.6,10.329207563400269
svc,"[0.24972222222222223, 0.25083333333333335, 0.4147222222222222, 0.25083333333333335, 0.6655555555555556]",0.24972222222222223,0.3663333333333334,0.16257556647545415,0.6333333333333334,3.0,0.33333333333333337,7.845785140991211
