classifier,all_fitness,best,avg,std_dev,acc,n_features,selected_rate,execution_time
knn,"[0.49833333333333335, 0.3377777777777778, 0.5005555555555555, 0.25194444444444447, 0.5819444444444444]",0.25194444444444447,0.4341111111111111,0.12071359328981249,0.5666666666666667,4.6,0.5111111111111111,64.61094417572022
svc,"[0.49944444444444447, 0.25305555555555553, 0.25305555555555553, 0.49833333333333335, 0.24972222222222223]",0.24972222222222223,0.3507222222222222,0.12098420976452127,0.65,3.8,0.4222222222222222,50.600504350662234
