classifier,best,avg,std_dev,acc,n_features,selected_rate,execution_time
knn,0.25416666666666665,0.40155555555555555,0.10827656632353468,0.6000000000000001,5.0,0.5555555555555556,10.053950119018555
svc,0.1672222222222222,0.2521666666666666,0.10489595079805114,0.7500000000000001,4.2,0.4666666666666667,7.533577871322632
