classifier,all_fitness,best,avg,std_dev,acc,n_features,selected_rate,execution_time
knn,"[0.4083333333333333, 0.24722222222222223, 0.3666666666666667, 0.5277777777777778, 0.23888888888888882, 0.4, 0.5166666666666666, 0.29166666666666663, 0.24722222222222223, 0.46388888888888885]",0.23888888888888882,0.3708333333333333,0.10538912317668563,0.6583333333333333,5.7,0.6333333333333334,19.22234010696411
svc,"[0.4083333333333333, 0.26944444444444443, 0.1833333333333333, 0.1722222222222222, 0.33333333333333337, 0.20555555555555552, 0.28055555555555556, 0.1833333333333333, 0.5055555555555555, 0.3444444444444445]",0.1722222222222222,0.2886111111111111,0.10467063273920099,0.7250000000000001,3.7,0.4111111111111111,14.359288954734803
