classifier,all_fitness,best,avg,std_dev,acc,n_features,selected_rate,execution_time
knn,"[0.2563888888888889, 0.4225, 0.2563888888888889, 0.42138888888888887, 0.17388888888888884]",0.17388888888888884,0.3061111111111111,0.09925991569711075,0.7000000000000001,8.2,0.9111111111111111,1.2021312236785888
svc,"[0.17499999999999996, 0.3388888888888889, 0.5016666666666667, 0.25527777777777777, 0.34]",0.17499999999999996,0.32216666666666666,0.10858182327479594,0.6833333333333333,7.8,0.8666666666666666,1.027484130859375
