classifier,all_fitness,best,avg,std_dev,acc,n_features,selected_rate,execution_time
knn,"[0.2563888888888889, 0.25083333333333335, 0.33555555555555555, 0.4180555555555555, 0.005555555555555561]",0.005555555555555561,0.25327777777777777,0.13806035091157473,0.75,5.2,0.5777777777777777,20.032526159286498
svc,"[0.08472222222222225, 0.33333333333333337, 0.4147222222222222, 0.1672222222222222, 0.49722222222222223]",0.08472222222222225,0.29944444444444446,0.15306326860984926,0.7,2.2,0.24444444444444446,15.25946855545044
