classifier,all_fitness,best,avg,std_dev,acc,n_features,selected_rate,execution_time
knn,"[0.32499999999999996, 0.475, 0.4, 0.46388888888888885, 0.55, 0.5388888888888889, 0.3138888888888889, 0.4527777777777778, 0.3138888888888889, 0.30277777777777776]",0.30277777777777776,0.4136111111111111,0.09073984315504667,0.6416666666666667,8.2,0.9111111111111112,1.7238279819488525
svc,"[0.4, 0.4527777777777778, 0.4527777777777778, 0.23888888888888882, 0.55, 0.17500000000000002, 0.24999999999999994, 0.32499999999999996, 0.475, 0.32499999999999996]",0.17500000000000002,0.36444444444444446,0.11462364610722163,0.7,8.5,0.9444444444444444,1.6099737882614136
