classifier,all_fitness,best,avg,std_dev,acc,n_features,selected_rate,execution_time
knn,"[0.1722222222222222, 0.5805555555555555, 0.3444444444444445, 0.1944444444444444, 0.09722222222222225, 0.32222222222222224, 0.46111111111111114, 0.3972222222222222, 0.4083333333333333, 0.1833333333333333]",0.09722222222222225,0.3161111111111111,0.14419743837727456,0.6833333333333333,2.8,0.3111111111111111,61.24015572071075
svc,"[0.4083333333333333, 0.1722222222222222, 0.225, 0.2583333333333333, 0.1722222222222222, 0.09722222222222225, 0.5694444444444443, 0.2583333333333333, 0.5472222222222222, 0.2583333333333333]",0.09722222222222225,0.2966666666666666,0.15164122700768104,0.7000000000000001,2.4,0.26666666666666666,46.816202664375304
