classifier,all_fitness,best,avg,std_dev,acc,n_features,selected_rate,execution_time
knn,"[0.45, 0.32222222222222224, 0.33333333333333337, 0.07500000000000004, 0.14999999999999997, 0.375, 0.2361111111111111, 0.41944444444444445, 0.26944444444444443, 0.6222222222222223]",0.07500000000000004,0.3252777777777778,0.14818058094062542,0.6583333333333333,1.6,0.17777777777777776,10.287138438224792
svc,"[0.3666666666666667, 0.16111111111111107, 0.225, 0.16111111111111107, 0.225, 0.07500000000000004, 0.225, 0.31111111111111117, 0.6861111111111111, 0.31111111111111117]",0.07500000000000004,0.2747222222222222,0.1592054441807507,0.7083333333333333,1.1,0.12222222222222223,6.857648468017578
