classifier,all_fitness,best,avg,std_dev,acc,n_features,selected_rate,execution_time
knn,"[0.22777777777777775, 0.23888888888888882, 0.32499999999999996, 0.475, 0.3777777777777778, 0.46388888888888885, 0.3777777777777778, 0.24999999999999994, 0.32499999999999996, 0.30277777777777776]",0.22777777777777775,0.33638888888888885,0.08309642249879816,0.725,8.0,0.888888888888889,10.102565932273865
svc,"[0.30277777777777776, 0.4527777777777778, 0.5277777777777778, 0.3777777777777778, 0.3138888888888889, 0.17500000000000002, 0.3888888888888889, 0.30277777777777776, 0.30277777777777776, 0.24999999999999994]",0.17500000000000002,0.33944444444444444,0.09589410311560184,0.7166666666666666,7.6,0.8444444444444443,8.082802391052246
