classifier,all_fitness,best,avg,std_dev,acc,n_features,selected_rate,execution_time
knn,"[0.3377777777777778, 0.33666666666666667, 0.25416666666666665, 0.4180555555555555, 0.41916666666666663]",0.25416666666666665,0.3531666666666667,0.061443690973881325,0.65,6.0,0.6666666666666667,17.86979022026062
svc,"[0.25083333333333335, 0.1694444444444444, 0.1672222222222222, 0.17055555555555552, 0.08583333333333337]",0.08583333333333337,0.16877777777777778,0.05218988360417451,0.8333333333333334,3.4,0.3777777777777777,12.880914068222046
