classifier,all_fitness,best,avg,std_dev,acc,n_features,selected_rate,execution_time
knn,"[0.41944444444444445, 0.28055555555555556, 0.3777777777777778, 0.26944444444444443, 0.5694444444444443, 0.4305555555555555, 0.5916666666666666, 0.41944444444444445, 0.35555555555555557, 0.44166666666666665]",0.26944444444444443,0.41555555555555557,0.10011721525353894,0.6,5.0,0.5555555555555556,9.956140542030335
svc,"[0.44166666666666665, 0.033333333333333326, 0.4083333333333333, 0.3138888888888889, 0.5166666666666666, 0.1416666666666667, 0.29166666666666663, 0.3777777777777778, 0.3888888888888889, 0.1305555555555556]",0.033333333333333326,0.30444444444444446,0.14753216849467352,0.7333333333333334,5.8,0.6444444444444445,7.365685486793518
