classifier,all_fitness,best,avg,std_dev,acc,n_features,selected_rate,execution_time
knn,"[0.55, 0.24999999999999994, 0.32499999999999996, 0.32499999999999996, 0.4, 0.32499999999999996, 0.3888888888888889, 0.24999999999999994, 0.23888888888888882, 0.3138888888888889]",0.23888888888888882,0.3366666666666667,0.08818121073066491,0.7333333333333333,8.7,0.9666666666666668,1.0357489824295043
svc,"[0.23888888888888882, 0.3138888888888889, 0.3777777777777778, 0.4527777777777778, 0.30277777777777776, 0.46388888888888885, 0.23888888888888882, 0.3138888888888889, 0.23888888888888882, 0.3888888888888889]",0.23888888888888882,0.33305555555555555,0.08051196138416905,0.725,7.7,0.8555555555555555,0.7358832120895386
