classifier,all_fitness,best,avg,std_dev,acc,n_features,selected_rate,execution_time
knn,"[0.30000000000000004, 0.225, 0.32222222222222224, 0.5583333333333332, 0.16111111111111107]",0.16111111111111107,0.3133333333333333,0.13509713012459304,0.6666666666666666,1.2,0.13333333333333336,13.765874671936036
svc,"[0.31111111111111117, 0.30000000000000004, 0.14999999999999997, 0.30000000000000004, 0.375]",0.14999999999999997,0.2872222222222222,0.07407037027777316,0.6833333333333333,0.2,0.02222222222222222,9.613675451278686
