classifier,all_fitness,best,avg,std_dev,acc,n_features,selected_rate,execution_time
knn,"[0.6138888888888888, 0.30000000000000004, 0.14999999999999997, 0.5472222222222222, 0.225, 0.14999999999999997, 0.30000000000000004, 0.2583333333333333, 0.30000000000000004, 0.08611111111111115]",0.08611111111111115,0.2930555555555555,0.16039712483184038,0.6916666666666667,1.4,0.15555555555555556,9.758443093299865
svc,"[0.30000000000000004, 0.1944444444444444, 0.24722222222222223, 0.08611111111111115, 0.3861111111111111, 0.07500000000000004, 0.30000000000000004, 0.225, 0.375, 0.30000000000000004]",0.07500000000000004,0.24888888888888888,0.10141133693655388,0.7333333333333333,0.8,0.08888888888888888,6.773141956329345
