classifier,all_fitness,best,avg,std_dev,acc,n_features,selected_rate,execution_time
knn,"[0.29166666666666663, 0.24999999999999994, 0.6138888888888888, 0.3777777777777778, 0.4]",0.24999999999999994,0.3866666666666666,0.12616616517342474,0.6666666666666666,7.8,0.8666666666666666,10.501042652130128
svc,"[0.6777777777777778, 0.30277777777777776, 0.3777777777777778, 0.41944444444444445, 0.2583333333333333]",0.2583333333333333,0.40722222222222226,0.1464876854049809,0.6166666666666667,5.6,0.6222222222222222,8.508915138244628
