classifier,all_fitness,best,avg,std_dev,acc,n_features,selected_rate,execution_time
knn,"[0.1672222222222222, 0.4180555555555555, 0.3344444444444445, 0.49833333333333335, 0.17055555555555552]",0.1672222222222222,0.3177222222222222,0.13211741878222952,0.6833333333333333,3.8,0.4222222222222222,64.15544338226319
svc,"[0.5819444444444444, 0.1694444444444444, 0.49944444444444447, 0.33333333333333337, 0.16833333333333328]",0.16833333333333328,0.3504999999999999,0.16852980833163106,0.65,3.6,0.39999999999999997,49.77590198516846
