classifier,best,avg,std_dev,acc,n_features,selected_rate,execution_time
knn,0.17055555555555552,0.45105555555555554,0.16201379304183483,0.55,5.0,0.5555555555555556,6.226370239257813
svc,0.17166666666666663,0.3509444444444444,0.14065308430125797,0.65,4.0,0.4444444444444445,4.454814910888672
