classifier,best,avg,std_dev,acc,n_features,selected_rate,execution_time
knn,0.17277777777777772,0.25572222222222224,0.052189883604174536,0.75,7.4,0.8222222222222222,10.903623294830322
svc,0.16833333333333328,0.3525,0.09710516762895224,0.6500000000000001,5.4,0.6,8.543379926681519
