classifier,all_fitness,best,avg,std_dev,acc,n_features,selected_rate,execution_time
knn,"[0.3777777777777778, 0.17500000000000002, 0.32499999999999996, 0.16388888888888892, 0.24999999999999994, 0.17500000000000002, 0.46388888888888885, 0.24999999999999994, 0.30277777777777776, 0.32499999999999996]",0.16388888888888892,0.28083333333333327,0.09234137215975122,0.7916666666666667,8.4,0.9333333333333333,1.0397782802581788
svc,"[0.3888888888888889, 0.3138888888888889, 0.09999999999999998, 0.55, 0.22777777777777775, 0.475, 0.3138888888888889, 0.1416666666666667, 0.32499999999999996, 0.3888888888888889]",0.09999999999999998,0.3225,0.13234850412154223,0.7416666666666667,8.1,0.9,0.7373564720153809
