classifier,all_fitness,best,avg,std_dev,acc,n_features,selected_rate,execution_time
knn,"[0.3138888888888889, 0.16388888888888892, 0.4083333333333333, 0.46388888888888885, 0.30277777777777776, 0.35555555555555557, 0.41944444444444445, 0.5055555555555555, 0.26944444444444443, 0.30277777777777776]",0.16388888888888892,0.35055555555555556,0.0960789927065546,0.6833333333333333,5.9,0.6555555555555557,18.665019631385803
svc,"[0.1944444444444444, 0.1944444444444444, 0.1416666666666667, 0.1722222222222222, 0.24722222222222223, 0.33333333333333337, 0.4083333333333333, 0.35555555555555557, 0.3444444444444445, 0.35555555555555557]",0.1416666666666667,0.27472222222222226,0.0900398574295069,0.7416666666666668,3.8,0.4222222222222222,14.233903431892395
