classifier,best,avg,std_dev,acc,n_features,selected_rate,execution_time
knn,0.25305555555555553,0.4024444444444444,0.08148210437472349,0.6000000000000001,5.8,0.6444444444444445,19.7224720954895
svc,0.1672222222222222,0.28561111111111115,0.12524918372864297,0.7166666666666667,4.6,0.5111111111111111,14.989671611785889
