classifier,best,avg,std_dev,acc,n_features,selected_rate,execution_time
knn,0.25527777777777777,0.3531666666666667,0.062053491460748074,0.65,6.0,0.6666666666666666,9.892488527297974
svc,0.25083333333333335,0.268,0.032677058060002755,0.7333333333333333,3.6,0.4,7.282429552078247
