classifier,all_fitness,best,avg,std_dev,acc,n_features,selected_rate,execution_time
knn,"[0.55, 0.475, 0.5388888888888889, 0.3888888888888889, 0.3138888888888889]",0.3138888888888889,0.4533333333333333,0.09025683517770994,0.6,8.4,0.9333333333333332,1.4981703758239746
svc,"[0.475, 0.3777777777777778, 0.32499999999999996, 0.6138888888888888, 0.30277777777777776]",0.30277777777777776,0.4188888888888888,0.11415821812481174,0.6333333333333333,8.0,0.888888888888889,0.9845093727111817
