classifier,all_fitness,best,avg,std_dev,acc,n_features,selected_rate,execution_time
knn,"[0.26944444444444443, 0.35555555555555557, 0.29166666666666663, 0.6777777777777778, 0.49444444444444446]",0.26944444444444443,0.4177777777777778,0.15182633028530076,0.6,5.2,0.5777777777777777,9.96107120513916
svc,"[0.5694444444444443, 0.32222222222222224, 0.32222222222222224, 0.1305555555555556, 0.3972222222222222]",0.1305555555555556,0.3483333333333333,0.1414715431840064,0.65,3.0,0.3333333333333333,7.428731870651245
