classifier,all_fitness,best,avg,std_dev,acc,n_features,selected_rate,execution_time
knn,"[0.25083333333333335, 0.25305555555555553, 0.34, 0.33333333333333337, 0.1694444444444444]",0.1694444444444444,0.2693333333333333,0.06272923393541054,0.7333333333333333,4.8,0.5333333333333334,10.001583766937255
svc,"[0.41694444444444445, 0.16833333333333328, 0.33222222222222225, 0.41583333333333333, 0.41694444444444445]",0.16833333333333328,0.35005555555555556,0.09655667433183839,0.6500000000000001,3.2,0.3555555555555555,7.389557886123657
