classifier,best,avg,std_dev,acc,n_features,selected_rate,execution_time
knn,0.17277777777777772,0.3362222222222222,0.13725624859283372,0.6666666666666667,5.6,0.6222222222222222,10.28324990272522
svc,0.08583333333333337,0.266,0.12098012794680245,0.7333333333333334,1.8,0.2,7.381539726257325
