classifier,all_fitness,best,avg,std_dev,acc,n_features,selected_rate,execution_time
knn,"[0.3344444444444445, 0.25416666666666665, 0.25527777777777777, 0.0880555555555556, 0.17166666666666663]",0.0880555555555556,0.2207222222222222,0.08396696146273218,0.7833333333333333,5.6,0.6222222222222222,20.135951471328735
svc,"[0.41916666666666663, 0.41916666666666663, 0.33666666666666667, 0.3377777777777778, 0.08583333333333337]",0.08583333333333337,0.3197222222222222,0.12255245790383643,0.6833333333333333,5.6,0.6222222222222222,15.267477130889892
