classifier,all_fitness,best,avg,std_dev,acc,n_features,selected_rate,execution_time
knn,"[0.45, 0.2361111111111111, 0.3861111111111111, 0.30000000000000004, 0.6111111111111112, 0.14999999999999997, 0.45, 0.5249999999999999, 0.31111111111111117, 0.31111111111111117]",0.14999999999999997,0.3730555555555556,0.13163882734283805,0.5916666666666668,0.5,0.05555555555555556,16.42822344303131
svc,"[0.3444444444444445, 0.31111111111111117, 0.32222222222222224, 0.1722222222222222, 0.3861111111111111, 0.16111111111111107, 0.14999999999999997, 0.30000000000000004, 0.30000000000000004, 0.30000000000000004]",0.14999999999999997,0.2747222222222222,0.07857183942493193,0.7083333333333334,1.1,0.12222222222222223,12.06537139415741
