classifier,all_fitness,best,avg,std_dev,acc,n_features,selected_rate,execution_time
knn,"[0.33555555555555555, 0.3377777777777778, 0.25527777777777777, 0.4180555555555555, 0.505]",0.25527777777777777,0.3703333333333333,0.08475807984354902,0.6333333333333333,6.6,0.7333333333333334,10.398366165161132
svc,"[0.24972222222222223, 0.24972222222222223, 0.33555555555555555, 0.1672222222222222, 0.17166666666666663]",0.1672222222222222,0.23477777777777775,0.06188634544943191,0.7666666666666667,3.4,0.37777777777777777,7.540608692169189
