classifier,all_fitness,best,avg,std_dev,acc,n_features,selected_rate,execution_time
knn,"[0.42138888888888887, 0.25527777777777777, 0.33555555555555555, 0.41916666666666663, 0.42138888888888887]",0.25527777777777777,0.3705555555555555,0.06640039416809972,0.6333333333333334,6.8,0.7555555555555555,10.091954135894776
svc,"[0.5016666666666667, 0.33222222222222225, 0.41583333333333333, 0.25083333333333335, 0.41694444444444445]",0.25083333333333335,0.3835,0.08527272876837554,0.6166666666666667,3.6,0.39999999999999997,7.535670185089112
