classifier,all_fitness,best,avg,std_dev,acc,n_features,selected_rate,execution_time
knn,"[0.16388888888888892, 0.23888888888888882, 0.775, 0.22777777777777775, 0.21666666666666662, 0.4, 0.3777777777777778, 0.55, 0.44166666666666665, 0.3888888888888889]",0.16388888888888892,0.37805555555555553,0.17482553031346057,0.675,7.7,0.8555555555555555,10.09311203956604
svc,"[0.3777777777777778, 0.23888888888888882, 0.475, 0.46388888888888885, 0.3888888888888889, 0.32499999999999996, 0.6249999999999999, 0.24999999999999994, 0.24999999999999994, 0.23888888888888882]",0.23888888888888882,0.3633333333333333,0.1224921262271756,0.7,8.4,0.9333333333333333,7.80316994190216
