classifier,all_fitness,best,avg,std_dev,acc,n_features,selected_rate,execution_time
knn,"[0.2361111111111111, 0.31111111111111117, 0.32222222222222224, 0.1833333333333333, 0.1722222222222222]",0.1722222222222222,0.24500000000000002,0.06246974576386935,0.75,1.8,0.19999999999999998,10.04247760772705
svc,"[0.09722222222222225, 0.31111111111111117, 0.31111111111111117, 0.24722222222222223, 0.08611111111111115]",0.08611111111111115,0.2105555555555556,0.09989809622625263,0.7833333333333333,1.4,0.15555555555555553,7.533134841918946
