classifier,all_fitness,best,avg,std_dev,acc,n_features,selected_rate,execution_time
knn,"[0.35555555555555557, 0.24722222222222223, 0.24722222222222223, 0.2583333333333333, 0.09722222222222225, 0.4722222222222222, 0.16111111111111107, 0.16111111111111107, 0.4722222222222222, 0.09722222222222225]",0.09722222222222225,0.2569444444444445,0.1311467112684996,0.7416666666666667,2.2,0.24444444444444446,37.85384407043457
svc,"[0.48333333333333334, 0.32222222222222224, 0.3972222222222222, 0.32222222222222224, 0.1722222222222222, 0.41944444444444445, 0.1833333333333333, 0.1722222222222222, 0.2583333333333333, 0.2361111111111111]",0.1722222222222222,0.2966666666666667,0.10501910466995525,0.7,2.4,0.2666666666666667,26.90374059677124
