classifier,best,avg,std_dev,acc,n_features,selected_rate,execution_time
knn,0.25416666666666665,0.3368888888888889,0.09078284359590211,0.6666666666666666,6.2,0.6888888888888889,63.5386260509491
svc,0.17055555555555552,0.25305555555555553,0.10348972633450206,0.7500000000000001,5.0,0.5555555555555556,49.621643209457396
