classifier,all_fitness,best,avg,std_dev,acc,n_features,selected_rate,execution_time
knn,"[0.32222222222222224, 0.375, 0.22777777777777775, 0.30000000000000004, 0.48333333333333334]",0.22777777777777775,0.3416666666666667,0.08516505398197718,0.65,2.4,0.26666666666666666,17.131475257873536
svc,"[0.225, 0.32222222222222224, 0.08611111111111115, 0.45, 0.3444444444444445]",0.08611111111111115,0.2855555555555556,0.12271868864688001,0.7,1.4,0.15555555555555553,12.349327087402344
