classifier,all_fitness,best,avg,std_dev,acc,n_features,selected_rate,execution_time
knn,"[0.3888888888888889, 0.20555555555555552, 0.1416666666666667, 0.6444444444444445, 0.28055555555555556]",0.1416666666666667,0.3322222222222222,0.17647613765179085,0.7,5.6,0.6222222222222221,9.527158641815186
svc,"[0.33333333333333337, 0.3444444444444445, 0.49444444444444446, 0.3972222222222222, 0.2583333333333333]",0.2583333333333333,0.3655555555555555,0.07822490525701606,0.6333333333333333,3.2,0.3555555555555555,7.690860843658447
