classifier,all_fitness,best,avg,std_dev,acc,n_features,selected_rate,execution_time
knn,"[0.4305555555555555, 0.3666666666666667, 0.49444444444444446, 0.3444444444444445, 0.10833333333333336]",0.10833333333333336,0.3488888888888889,0.13119347695316916,0.6666666666666666,4.4,0.48888888888888893,37.945834493637086
svc,"[0.3972222222222222, 0.24722222222222223, 0.08611111111111115, 0.16111111111111107, 0.225]",0.08611111111111115,0.22333333333333333,0.10345273865781644,0.7666666666666667,1.2,0.13333333333333336,28.211500358581542
