classifier,all_fitness,best,avg,std_dev,acc,n_features,selected_rate,execution_time
knn,"[0.2575, 0.09250000000000004, 0.2575, 0.4225, 0.5874999999999999]",0.09250000000000004,0.3235,0.16826764394856186,0.6833333333333333,9.0,1.0,10.1637864112854
svc,"[0.2563888888888889, 0.34, 0.4225, 0.3388888888888889, 0.17499999999999996]",0.17499999999999996,0.3065555555555556,0.08417915198925226,0.7,8.6,0.9555555555555555,8.326515817642212
