classifier,all_fitness,best,avg,std_dev,acc,n_features,selected_rate,execution_time
knn,"[0.2583333333333333, 0.32222222222222224, 0.24722222222222223, 0.49444444444444446, 0.4722222222222222, 0.2583333333333333, 0.31111111111111117, 0.3861111111111111, 0.32222222222222224, 0.28055555555555556]",0.24722222222222223,0.3352777777777778,0.08377705938389307,0.6583333333333333,2.5,0.2777777777777778,61.96289365291595
svc,"[0.26944444444444443, 0.1305555555555556, 0.6333333333333334, 0.3972222222222222, 0.49444444444444446, 0.26944444444444443, 0.4722222222222222, 0.24722222222222223, 0.24722222222222223, 0.10833333333333336]",0.10833333333333336,0.3269444444444445,0.15926649962008513,0.675,3.1,0.34444444444444444,46.547960257530214
