classifier,all_fitness,best,avg,std_dev,acc,n_features,selected_rate,execution_time
knn,"[0.33333333333333337, 0.28055555555555556, 0.49444444444444446, 0.2583333333333333, 0.46111111111111114, 0.10833333333333336, 0.41944444444444445, 0.2583333333333333, 0.3444444444444445, 0.48333333333333334]",0.10833333333333336,0.3441666666666667,0.11653729599585144,0.6583333333333333,3.3,0.36666666666666664,38.06760323047638
svc,"[0.09722222222222225, 0.375, 0.2361111111111111, 0.32222222222222224, 0.41944444444444445, 0.225, 0.26944444444444443, 0.24722222222222223, 0.022222222222222216, 0.5583333333333332]",0.022222222222222216,0.27722222222222215,0.14616391103445775,0.7166666666666667,2.0,0.22222222222222224,27.023496103286742
