classifier,best,avg,std_dev,acc,n_features,selected_rate,execution_time
knn,0.09027777777777782,0.2733333333333334,0.11022003806079661,0.7333333333333333,8.4,0.9333333333333333,1.1871937274932862
svc,0.25527777777777777,0.35472222222222227,0.06191765738701921,0.65,7.4,0.8222222222222222,0.8645925521850586
