classifier,all_fitness,best,avg,std_dev,acc,n_features,selected_rate,execution_time
knn,"[0.33333333333333337, 0.24722222222222223, 0.3972222222222222, 0.3777777777777778, 0.5055555555555555, 0.1722222222222222, 0.1305555555555556, 0.21666666666666662, 0.3666666666666667, 0.35555555555555557]",0.1305555555555556,0.31027777777777776,0.10959415873863729,0.7083333333333334,4.3,0.47777777777777775,9.483414316177369
svc,"[0.46388888888888885, 0.2361111111111111, 0.10833333333333336, 0.23888888888888882, 0.29166666666666663, 0.4083333333333333, 0.21666666666666662, 0.1944444444444444, 0.1833333333333333, 0.2583333333333333]",0.10833333333333336,0.25999999999999995,0.10032508887008336,0.7666666666666667,4.5,0.5,7.075995135307312
