classifier,all_fitness,best,avg,std_dev,acc,n_features,selected_rate,execution_time
knn,"[0.16111111111111107, 0.30000000000000004, 0.9, 0.3972222222222222, 0.31111111111111117, 0.225, 0.225, 0.30000000000000004, 0.14999999999999997, 0.24722222222222223]",0.14999999999999997,0.32166666666666666,0.20511138196683695,0.6499999999999999,0.6,0.06666666666666667,13.86435945034027
svc,"[0.30000000000000004, 0.2361111111111111, 0.14999999999999997, 0.225, 0.1833333333333333, 0.3972222222222222, 0.30000000000000004, 0.375, 0.14999999999999997, 0.14999999999999997]",0.14999999999999997,0.24666666666666667,0.08800603234094277,0.7333333333333333,0.6,0.06666666666666668,9.109025812149047
