classifier,all_fitness,best,avg,std_dev,acc,n_features,selected_rate,execution_time
knn,"[0.4527777777777778, 0.32499999999999996, 0.46388888888888885, 0.24999999999999994, 0.3777777777777778]",0.24999999999999994,0.3738888888888888,0.08009639254526657,0.6833333333333333,8.0,0.888888888888889,10.342890310287476
svc,"[0.46388888888888885, 0.3138888888888889, 0.28055555555555556, 0.4527777777777778, 0.6777777777777778]",0.28055555555555556,0.4377777777777777,0.14040945415040548,0.6000000000000001,7.0,0.7777777777777777,8.158127689361573
