classifier,all_fitness,best,avg,std_dev,acc,n_features,selected_rate,execution_time
knn,"[0.17249999999999996, 0.010000000000000009, 0.17499999999999996, 0.007500000000000007, 0.17499999999999996]",0.007500000000000007,0.10799999999999998,0.08104628307331556,0.9,3.6,0.9,0.6801447391510009
svc,"[0.007500000000000007, 0.8350000000000001, 0.17249999999999996, 0.007500000000000007, 0.34]",0.007500000000000007,0.2725,0.30705455541320337,0.7333333333333333,3.4,0.85,0.6056743144989014
