classifier,best,avg,std_dev,acc,n_features,selected_rate,execution_time
knn,0.007500000000000007,0.14099999999999996,0.06675702210254737,0.8666666666666668,3.6,0.9,0.6236276626586914
svc,0.007500000000000007,0.10750000000000001,0.13250471689717314,0.9,3.4,0.85,0.6232707023620605
