classifier,all_fitness,best,avg,std_dev,acc,n_features,selected_rate,execution_time
knn,"[0.17499999999999996, 0.024999999999999994, 0.17499999999999996, 0.024999999999999994, 0.024999999999999994, 0.17499999999999996, 0.024999999999999994, 0.024999999999999994, 0.32500000000000007, 0.024999999999999994]",0.024999999999999994,0.1,0.10062305898749055,0.9166666666666666,1.0,0.25,13.360459756851196
svc,"[0.32500000000000007, 0.024999999999999994, 0.32500000000000007, 0.475, 0.024999999999999994, 0.17499999999999996, 0.17499999999999996, 0.024999999999999994, 0.024999999999999994, 0.17499999999999996]",0.024999999999999994,0.175,0.15,0.8333333333333334,1.0,0.25,8.569094896316528
