classifier,all_fitness,best,avg,std_dev,acc,n_features,selected_rate,execution_time
knn,"[0.19999999999999996, 0.07499999999999998, 0.07499999999999998, 0.07499999999999998, 0.07499999999999998, 0.375, 0.22499999999999995, 0.19999999999999996, 0.22499999999999995, 0.19999999999999996]",0.07499999999999998,0.17249999999999996,0.09317322576792111,0.8833333333333332,2.7,0.675,0.769067907333374
svc,"[0.22499999999999995, 0.07499999999999998, 0.19999999999999996, 0.07499999999999998, 0.04999999999999999, 0.525, 0.19999999999999996, 0.35000000000000003, 0.19999999999999996, 0.375]",0.04999999999999999,0.22749999999999995,0.1433745095893967,0.8166666666666667,2.5,0.625,0.47659988403320314
