classifier,all_fitness,best,avg,std_dev,acc,n_features,selected_rate,execution_time
knn,"[0.04999999999999999, 0.24999999999999994, 0.07499999999999998, 0.04999999999999999, 0.22499999999999995]",0.04999999999999999,0.12999999999999995,0.08860022573334674,0.9333333333333333,2.8,0.7,8.41533603668213
svc,"[0.04999999999999999, 0.5, 0.04999999999999999, 0.4, 0.07499999999999998]",0.04999999999999999,0.215,0.19467922333931786,0.8333333333333333,2.6,0.65,5.764499378204346
