classifier,all_fitness,best,avg,std_dev,acc,n_features,selected_rate,execution_time
knn,"[0.024999999999999994, 0.024999999999999994, 0.024999999999999994, 0.024999999999999994, 0.17499999999999996]",0.024999999999999994,0.05499999999999998,0.059999999999999984,0.9666666666666666,1.0,0.25,30.48020100593567
svc,"[0.35000000000000003, 0.024999999999999994, 0.17499999999999996, 0.024999999999999994, 0.07499999999999998]",0.024999999999999994,0.12999999999999998,0.12288205727444508,0.9,1.6,0.4,20.16072812080383
