classifier,best,avg,std_dev,acc,n_features,selected_rate,execution_time
knn,0.0025000000000000022,0.03699999999999999,0.06650939783218607,0.9666666666666668,1.6,0.4,7.961971759796143
svc,0.0025000000000000022,0.03699999999999999,0.06527633568147034,0.9666666666666668,1.6,0.4,4.92228512763977
