classifier,all_fitness,best,avg,std_dev,acc,n_features,selected_rate,execution_time
knn,"[0.024999999999999994, 0.04999999999999999, 0.04999999999999999, 0.024999999999999994, 0.024999999999999994, 0.17499999999999996, 0.17499999999999996, 0.04999999999999999, 0.19999999999999996, 0.024999999999999994]",0.024999999999999994,0.07999999999999999,0.06873863542433759,0.95,1.4,0.35,7.33439610004425
svc,"[0.17499999999999996, 0.17499999999999996, 0.024999999999999994, 0.024999999999999994, 0.17499999999999996, 0.024999999999999994, 0.024999999999999994, 0.024999999999999994, 0.17499999999999996, 0.04999999999999999]",0.024999999999999994,0.08749999999999998,0.07180703308172534,0.9333333333333333,1.1,0.275,4.528056621551514
