classifier,all_fitness,best,avg,std_dev,acc,n_features,selected_rate,execution_time
knn,"[0.024999999999999994, 0.024999999999999994, 0.024999999999999994, 0.024999999999999994, 0.024999999999999994, 0.024999999999999994, 0.32500000000000007, 0.024999999999999994, 0.024999999999999994, 0.024999999999999994]",0.024999999999999994,0.05500000000000001,0.09000000000000001,0.9666666666666666,1.0,0.25,7.657088732719421
svc,"[0.17499999999999996, 0.17499999999999996, 0.17499999999999996, 0.024999999999999994, 0.32500000000000007, 0.17499999999999996, 0.17499999999999996, 0.17499999999999996, 0.17499999999999996, 0.024999999999999994]",0.024999999999999994,0.15999999999999998,0.08077747210701756,0.85,1.0,0.25,4.722094607353211
