classifier,all_fitness,best,avg,std_dev,acc,n_features,selected_rate,execution_time
knn,"[0.3325, 0.0050000000000000044, 0.16999999999999996, 0.17499999999999996, 0.0025000000000000022]",0.0025000000000000022,0.13699999999999996,0.12350506062506103,0.8666666666666668,2.0,0.5,11.12486391067505
svc,"[0.3325, 0.0025000000000000022, 0.0025000000000000022, 0.0025000000000000022, 0.16999999999999996]",0.0025000000000000022,0.10200000000000001,0.1322535443759448,0.9,1.2,0.3,7.250784778594971
