classifier,all_fitness,best,avg,std_dev,acc,n_features,selected_rate,execution_time
knn,"[0.24999999999999994, 0.09999999999999998, 0.24999999999999994, 0.24999999999999994, 0.07499999999999998]",0.07499999999999998,0.18499999999999997,0.07999999999999999,0.9,3.8,0.95,8.133406257629394
svc,"[0.22499999999999995, 0.22499999999999995, 0.22499999999999995, 0.07499999999999998, 0.24999999999999994]",0.07499999999999998,0.19999999999999996,0.06324555320336757,0.8666666666666666,3.2,0.8,5.368779897689819
