classifier,all_fitness,best,avg,std_dev,acc,n_features,selected_rate,execution_time
knn,"[0.010000000000000009, 0.17249999999999996, 0.17499999999999996, 0.007500000000000007, 0.007500000000000007]",0.007500000000000007,0.07449999999999998,0.08104628307331556,0.9333333333333333,3.4,0.85,0.711138391494751
svc,"[0.17249999999999996, 0.010000000000000009, 0.010000000000000009, 0.007500000000000007, 0.010000000000000009]",0.007500000000000007,0.041999999999999996,0.06525718351262179,0.9666666666666668,3.6,0.9,0.6333208560943604
