classifier,all_fitness,best,avg,std_dev,acc,n_features,selected_rate,execution_time
knn,"[0.22499999999999995, 0.04999999999999999, 0.07499999999999998, 0.22499999999999995, 0.22499999999999995, 0.07499999999999998, 0.07499999999999998, 0.5, 0.525, 0.22499999999999995]",0.04999999999999999,0.21999999999999997,0.16232683080747928,0.8333333333333334,2.8,0.7,0.7757038116455078
svc,"[0.375, 0.35000000000000003, 0.04999999999999999, 0.19999999999999996, 0.22499999999999995, 0.07499999999999998, 0.07499999999999998, 0.525, 0.04999999999999999, 0.07499999999999998]",0.04999999999999999,0.2,0.1585086748414736,0.85,2.6,0.65,0.48163509368896484
