classifier,all_fitness,best,avg,std_dev,acc,n_features,selected_rate,execution_time
knn,"[0.024999999999999994, 0.024999999999999994, 0.17499999999999996, 0.17499999999999996, 0.024999999999999994, 0.024999999999999994, 0.024999999999999994, 0.17499999999999996, 0.024999999999999994, 0.024999999999999994]",0.024999999999999994,0.06999999999999999,0.06873863542433759,0.95,1.0,0.25,48.458361983299255
svc,"[0.17499999999999996, 0.024999999999999994, 0.17499999999999996, 0.17499999999999996, 0.17499999999999996, 0.024999999999999994, 0.024999999999999994, 0.024999999999999994, 0.17499999999999996, 0.024999999999999994]",0.024999999999999994,0.09999999999999998,0.07499999999999998,0.9166666666666667,1.0,0.25,31.233204245567322
