classifier,all_fitness,best,avg,std_dev,acc,n_features,selected_rate,execution_time
knn,"[0.17499999999999996, 0.17499999999999996, 0.32500000000000007, 0.024999999999999994, 0.024999999999999994, 0.17499999999999996, 0.024999999999999994, 0.17499999999999996, 0.024999999999999994, 0.024999999999999994]",0.024999999999999994,0.11499999999999996,0.099498743710662,0.9,1.0,0.25,10.560134530067444
svc,"[0.024999999999999994, 0.32500000000000007, 0.17499999999999996, 0.024999999999999994, 0.024999999999999994, 0.024999999999999994, 0.024999999999999994, 0.024999999999999994, 0.024999999999999994, 0.17499999999999996]",0.024999999999999994,0.08499999999999999,0.099498743710662,0.9333333333333333,1.0,0.25,6.697117352485657
