classifier,all_fitness,best,avg,std_dev,acc,n_features,selected_rate,execution_time
knn,"[0.32500000000000007, 0.17499999999999996, 0.024999999999999994, 0.32500000000000007, 0.17499999999999996, 0.17499999999999996, 0.32500000000000007, 0.17499999999999996, 0.024999999999999994, 0.17499999999999996]",0.024999999999999994,0.19,0.10500000000000004,0.8166666666666668,1.0,0.25,16.027483773231506
svc,"[0.024999999999999994, 0.024999999999999994, 0.024999999999999994, 0.17499999999999996, 0.475, 0.32500000000000007, 0.024999999999999994, 0.024999999999999994, 0.17499999999999996, 0.32500000000000007]",0.024999999999999994,0.16,0.15660459763365825,0.85,1.0,0.25,9.536778783798217
