classifier,best,avg,std_dev,acc,n_features,selected_rate,execution_time
knn,0.0025000000000000022,0.03599999999999999,0.06575712889109436,0.9666666666666668,1.2,0.3,8.03294677734375
svc,0.0025000000000000022,0.1685,0.18120844351188498,0.8333333333333334,1.4,0.35,5.166329717636108
