classifier,all_fitness,best,avg,std_dev,acc,n_features,selected_rate,execution_time
knn,"[0.04999999999999999, 0.475, 0.04999999999999999, 0.024999999999999994, 0.04999999999999999]",0.024999999999999994,0.12999999999999998,0.17277152543170993,0.9,1.6,0.4,49.83486166000366
svc,"[0.024999999999999994, 0.024999999999999994, 0.32500000000000007, 0.04999999999999999, 0.475]",0.024999999999999994,0.18,0.18601075237738277,0.8333333333333333,1.2,0.3,33.6644467830658
