classifier,all_fitness,best,avg,std_dev,acc,n_features,selected_rate,execution_time
knn,"[0.024999999999999994, 0.024999999999999994, 0.17499999999999996, 0.17499999999999996, 0.024999999999999994, 0.17499999999999996, 0.024999999999999994, 0.024999999999999994, 0.17499999999999996, 0.024999999999999994]",0.024999999999999994,0.08499999999999999,0.07348469228349533,0.9333333333333333,1.0,0.25,7.506174254417419
svc,"[0.17499999999999996, 0.04999999999999999, 0.17499999999999996, 0.024999999999999994, 0.6250000000000001, 0.32500000000000007, 0.024999999999999994, 0.024999999999999994, 0.475, 0.475]",0.024999999999999994,0.23750000000000004,0.21191094827780846,0.7666666666666667,1.1,0.275,4.602937245368958
