classifier,all_fitness,best,avg,std_dev,acc,n_features,selected_rate,execution_time
knn,"[0.32500000000000007, 0.17499999999999996, 0.024999999999999994, 0.024999999999999994, 0.024999999999999994]",0.024999999999999994,0.11500000000000002,0.12000000000000002,0.9,1.0,0.25,7.922489309310913
svc,"[0.04999999999999999, 0.024999999999999994, 0.024999999999999994, 0.19999999999999996, 0.475]",0.024999999999999994,0.15499999999999997,0.17277152543170995,0.8666666666666668,1.4,0.35,5.108872413635254
