classifier,best,avg,std_dev,acc,n_features,selected_rate,execution_time
knn,0.0050000000000000044,0.10450000000000001,0.1316282644419503,0.9,2.2,0.55,30.06427264213562
svc,0.0025000000000000022,0.1355,0.12307924276660138,0.8666666666666666,1.4,0.35,19.575805568695067
