classifier,all_fitness,best,avg,std_dev,acc,n_features,selected_rate,execution_time
knn,"[0.17249999999999996, 0.0025000000000000022, 0.17249999999999996, 0.0025000000000000022, 0.17249999999999996]",0.0025000000000000022,0.10449999999999997,0.08328265125462803,0.9,2.2,0.55,8.781529569625855
svc,"[0.16999999999999996, 0.17249999999999996, 0.5, 0.67, 0.5]",0.16999999999999996,0.4025,0.19875864761061343,0.6000000000000001,2.6,0.65,5.918076038360596
