classifier,all_fitness,best,avg,std_dev,acc,n_features,selected_rate,execution_time
knn,"[0.17249999999999996, 0.16749999999999995, 0.0025000000000000022, 0.0050000000000000044, 0.0025000000000000022]",0.0025000000000000022,0.06999999999999998,0.08167006795638165,0.9333333333333333,1.6,0.4,30.20725898742676
svc,"[0.16749999999999995, 0.3325, 0.0025000000000000022, 0.0050000000000000044, 0.16999999999999996]",0.0025000000000000022,0.13549999999999998,0.12307924276660138,0.8666666666666666,1.4,0.35,19.667463302612305
