classifier,best,avg,std_dev,acc,n_features,selected_rate,execution_time
knn,0.0025000000000000022,0.0040000000000000036,0.0020000000000000018,1.0,1.6,0.4,15.828697443008423
svc,0.0025000000000000022,0.03699999999999999,0.06650939783218607,0.9666666666666666,1.6,0.4,10.132859134674073
