classifier,all_fitness,best,avg,std_dev,acc,n_features,selected_rate,execution_time
knn,"[0.0025000000000000022, 0.17249999999999996, 0.0050000000000000044, 0.335, 0.0025000000000000022]",0.0025000000000000022,0.10350000000000001,0.13300939816418988,0.9,1.8,0.45,51.54014120101929
svc,"[0.0050000000000000044, 0.0025000000000000022, 0.16749999999999995, 0.0050000000000000044, 0.16999999999999996]",0.0025000000000000022,0.06999999999999998,0.08063808033429365,0.9333333333333333,1.6,0.4,33.98801531791687
