classifier,best,avg,std_dev,acc,n_features,selected_rate,execution_time
knn,0.0050000000000000044,0.07149999999999998,0.07941347492711798,0.9333333333333333,2.2,0.55,11.166584062576295
svc,0.0025000000000000022,0.13599999999999998,0.19141316569139125,0.8666666666666668,1.6,0.4,7.259062719345093
