classifier,all_fitness,best,avg,std_dev,acc,n_features,selected_rate,execution_time
knn,"[0.0025000000000000022, 0.0025000000000000022, 0.0025000000000000022, 0.0025000000000000022, 0.16749999999999995]",0.0025000000000000022,0.03549999999999999,0.06599999999999998,0.9666666666666666,1.0,0.25,7.955447959899902
svc,"[0.16749999999999995, 0.0025000000000000022, 0.0025000000000000022, 0.16749999999999995, 0.16749999999999995]",0.0025000000000000022,0.10149999999999997,0.08083316151184484,0.9,1.0,0.25,5.1689447402954105
