classifier,all_fitness,best,avg,std_dev,acc,n_features,selected_rate,execution_time
knn,"[0.525, 0.19999999999999996, 0.07499999999999998, 0.17499999999999996, 0.024999999999999994, 0.04999999999999999, 0.04999999999999999, 0.024999999999999994, 0.19999999999999996, 0.024999999999999994]",0.024999999999999994,0.13499999999999995,0.14713938969562163,0.9,1.8,0.45,8.14155466556549
svc,"[0.17499999999999996, 0.55, 0.5, 0.19999999999999996, 0.375, 0.8, 0.07499999999999998, 0.22499999999999995, 0.024999999999999994, 0.024999999999999994]",0.024999999999999994,0.295,0.2431049156228644,0.7333333333333334,2.2,0.55,5.3271338701248165
