classifier,all_fitness,best,avg,std_dev,acc,n_features,selected_rate,execution_time
knn,"[0.17499999999999996, 0.32500000000000007, 0.32500000000000007, 0.024999999999999994, 0.17499999999999996]",0.024999999999999994,0.20500000000000002,0.11224972160321826,0.8,1.0,0.25,15.242894220352174
svc,"[0.04999999999999999, 0.19999999999999996, 0.024999999999999994, 0.024999999999999994, 0.024999999999999994]",0.024999999999999994,0.06499999999999999,0.06819090848492926,0.9666666666666668,1.4,0.35,10.039976549148559
