classifier,all_fitness,best,avg,std_dev,acc,n_features,selected_rate,execution_time
knn,"[0.16749999999999995, 0.16999999999999996, 0.007500000000000007, 0.0025000000000000022, 0.0025000000000000022]",0.0025000000000000022,0.06999999999999998,0.08065358020571682,0.9333333333333333,1.6,0.4,11.144717502593995
svc,"[0.0025000000000000022, 0.007500000000000007, 0.007500000000000007, 0.0025000000000000022, 0.0025000000000000022]",0.0025000000000000022,0.004500000000000004,0.0024494897427831805,1.0,1.8,0.45,7.311335563659668
