classifier,best,avg,std_dev,acc,n_features,selected_rate,execution_time
knn,0.007500000000000007,0.041499999999999995,0.06675702210254736,0.9666666666666668,3.4,0.85,8.099936628341675
svc,0.0050000000000000044,0.07449999999999998,0.08106170489201418,0.9333333333333333,3.4,0.85,5.435704135894776
