classifier,all_fitness,best,avg,std_dev,acc,n_features,selected_rate,execution_time
knn,"[0.04999999999999999, 0.22499999999999995, 0.22499999999999995, 0.09999999999999998, 0.07499999999999998, 0.07499999999999998, 0.22499999999999995, 0.07499999999999998, 0.22499999999999995, 0.09999999999999998]",0.04999999999999999,0.13749999999999996,0.07267220926874315,0.9333333333333333,3.1,0.775,0.7738647222518921
svc,"[0.07499999999999998, 0.375, 0.5, 0.4, 0.85, 0.07499999999999998, 0.22499999999999995, 0.22499999999999995, 0.04999999999999999, 0.07499999999999998]",0.04999999999999999,0.285,0.24114311103574987,0.7666666666666666,3.0,0.75,0.6624808073043823
