classifier,best,avg,std_dev,acc,n_features,selected_rate,execution_time
knn,0.0025000000000000022,0.06849999999999998,0.08083316151184486,0.9333333333333333,1.0,0.25,51.45279417037964
svc,0.0025000000000000022,0.10200000000000001,0.1316282644419503,0.9,1.2,0.3,33.98001403808594
