classifier,best,avg,std_dev,acc,n_features,selected_rate,execution_time
knn,0.0025000000000000022,0.0025000000000000022,0.0,1.0,1.0,0.25,18.146302652359008
svc,0.0025000000000000022,0.1045,0.19900628130790243,0.9,2.2,0.55,9.939650630950927
