classifier,best,avg,std_dev,acc,n_features,selected_rate,execution_time
knn,0.0025000000000000022,0.07100000000000001,0.13200946935731542,0.9333333333333332,2.0,0.5,7.9200465202331545
svc,0.0025000000000000022,0.16799999999999998,0.14814182393908887,0.8333333333333334,1.2,0.3,5.089207315444947
