classifier,all_fitness,best,avg,std_dev,acc,n_features,selected_rate,execution_time
knn,"[0.007500000000000007, 0.007500000000000007, 0.010000000000000009, 0.17249999999999996, 0.0050000000000000044]",0.0050000000000000044,0.040499999999999994,0.06601893667728978,0.9666666666666668,3.0,0.75,8.14046573638916
svc,"[0.007500000000000007, 0.17499999999999996, 0.010000000000000009, 0.16999999999999996, 0.010000000000000009]",0.007500000000000007,0.07449999999999998,0.08003749121505493,0.9333333333333333,3.4,0.85,5.30335578918457
