classifier,all_fitness,best,avg,std_dev,acc,n_features,selected_rate,execution_time
knn,"[0.024999999999999994, 0.024999999999999994, 0.024999999999999994, 0.024999999999999994, 0.17499999999999996, 0.17499999999999996, 0.17499999999999996, 0.024999999999999994, 0.17499999999999996, 0.17499999999999996]",0.024999999999999994,0.09999999999999996,0.07499999999999998,0.9166666666666667,1.0,0.25,10.433068084716798
svc,"[0.024999999999999994, 0.024999999999999994, 0.024999999999999994, 0.024999999999999994, 0.024999999999999994, 0.024999999999999994, 0.024999999999999994, 0.024999999999999994, 0.024999999999999994, 0.024999999999999994]",0.024999999999999994,0.024999999999999994,0.0,1.0,1.0,0.25,6.690043807029724
