classifier,all_fitness,best,avg,std_dev,acc,n_features,selected_rate,execution_time
knn,"[0.024999999999999994, 0.024999999999999994, 0.024999999999999994, 0.024999999999999994, 0.024999999999999994, 0.024999999999999994, 0.19999999999999996, 0.024999999999999994, 0.024999999999999994, 0.17499999999999996]",0.024999999999999994,0.05749999999999998,0.06523994175349943,0.9666666666666668,1.1,0.275,7.501757645606995
svc,"[0.024999999999999994, 0.04999999999999999, 0.024999999999999994, 0.17499999999999996, 0.024999999999999994, 0.024999999999999994, 0.17499999999999996, 0.04999999999999999, 0.024999999999999994, 0.024999999999999994]",0.024999999999999994,0.059999999999999984,0.05830951894845299,0.9666666666666668,1.2,0.3,4.660447120666504
