classifier,all_fitness,best,avg,std_dev,acc,n_features,selected_rate,execution_time
knn,"[0.0025000000000000022, 0.0050000000000000044, 0.0025000000000000022, 0.0025000000000000022, 0.007500000000000007]",0.0025000000000000022,0.0040000000000000036,0.0020000000000000018,1.0,1.6,0.4,15.426912403106689
svc,"[0.16749999999999995, 0.3325, 0.0025000000000000022, 0.007500000000000007, 0.16749999999999995]",0.0025000000000000022,0.1355,0.12241731903615599,0.8666666666666666,1.4,0.35,10.11160922050476
