classifier,all_fitness,best,avg,std_dev,acc,n_features,selected_rate,execution_time
knn,"[0.024999999999999994, 0.17499999999999996, 0.04999999999999999, 0.024999999999999994, 0.07499999999999998]",0.024999999999999994,0.06999999999999998,0.05567764362830021,0.9666666666666668,1.6,0.4,7.782679748535156
svc,"[0.17499999999999996, 0.024999999999999994, 0.024999999999999994, 0.04999999999999999, 0.17499999999999996]",0.024999999999999994,0.08999999999999997,0.06999999999999998,0.9333333333333333,1.2,0.3,4.988090705871582
