classifier,all_fitness,best,avg,std_dev,acc,n_features,selected_rate,execution_time
knn,"[0.04999999999999999, 0.375, 0.35000000000000003, 0.024999999999999994, 0.024999999999999994]",0.024999999999999994,0.165,0.16170961628796232,0.8666666666666666,1.8,0.45,7.868247365951538
svc,"[0.04999999999999999, 0.17499999999999996, 0.17499999999999996, 0.024999999999999994, 0.07499999999999998]",0.024999999999999994,0.09999999999999998,0.06324555320336757,0.9333333333333333,1.6,0.4,5.014864444732666
