classifier,all_fitness,best,avg,std_dev,acc,n_features,selected_rate,execution_time
knn,"[0.375, 0.55, 0.22499999999999995, 0.07499999999999998, 0.09999999999999998]",0.07499999999999998,0.26499999999999996,0.17790446874657198,0.8,3.4,0.85,0.7006937026977539
svc,"[0.375, 0.24999999999999994, 0.375, 0.09999999999999998, 0.07499999999999998]",0.07499999999999998,0.23500000000000001,0.1290348790056394,0.8333333333333333,3.4,0.85,0.6138345241546631
