classifier,best,avg,std_dev,acc,n_features,selected_rate,execution_time
knn,0.007500000000000007,0.040499999999999994,0.06350984175700643,0.9666666666666668,3.0,0.75,8.72469253540039
svc,0.0025000000000000022,0.10400000000000001,0.19801262586006987,0.9,2.0,0.5,5.953053426742554
