classifier,all_fitness,best,avg,std_dev,acc,n_features,selected_rate,execution_time
knn,"[0.07499999999999998, 0.07499999999999998, 0.22499999999999995, 0.09999999999999998, 0.375, 0.09999999999999998, 0.04999999999999999, 0.07499999999999998, 0.07499999999999998, 0.09999999999999998]",0.04999999999999999,0.125,0.09486832980505139,0.95,3.2,0.8,7.661318016052246
svc,"[0.07499999999999998, 0.22499999999999995, 0.375, 0.22499999999999995, 0.07499999999999998, 0.35000000000000003, 0.375, 0.07499999999999998, 0.22499999999999995, 0.07499999999999998]",0.07499999999999998,0.20749999999999996,0.12147530613256344,0.85,2.9,0.725,4.910660028457642
