classifier,all_fitness,best,avg,std_dev,acc,n_features,selected_rate,execution_time
knn,"[0.17499999999999996, 0.024999999999999994, 0.024999999999999994, 0.024999999999999994, 0.475, 0.024999999999999994, 0.17499999999999996, 0.17499999999999996, 0.024999999999999994, 0.024999999999999994]",0.024999999999999994,0.11499999999999996,0.1374772708486752,0.9,1.0,0.25,47.350984525680545
svc,"[0.024999999999999994, 0.17499999999999996, 0.024999999999999994, 0.17499999999999996, 0.17499999999999996, 0.17499999999999996, 0.024999999999999994, 0.17499999999999996, 0.024999999999999994, 0.024999999999999994]",0.024999999999999994,0.09999999999999998,0.07499999999999998,0.9166666666666667,1.0,0.25,31.398694968223573
