classifier,all_fitness,best,avg,std_dev,acc,n_features,selected_rate,execution_time
knn,"[0.16749999999999995, 0.0050000000000000044, 0.0025000000000000022, 0.335, 0.16999999999999996]",0.0025000000000000022,0.13599999999999998,0.12388099127791966,0.8666666666666666,1.6,0.4,15.356823015213013
svc,"[0.16749999999999995, 0.0025000000000000022, 0.0050000000000000044, 0.3325, 0.0025000000000000022]",0.0025000000000000022,0.10200000000000001,0.1316282644419503,0.9,1.2,0.3,10.121572065353394
