classifier,all_fitness,best,avg,std_dev,acc,n_features,selected_rate,execution_time
knn,"[0.0025000000000000022, 0.0025000000000000022, 0.0050000000000000044, 0.0050000000000000044, 0.16749999999999995]",0.0025000000000000022,0.03649999999999999,0.0655095412897999,0.9666666666666666,1.4,0.35,7.850205373764038
svc,"[0.16999999999999996, 0.16999999999999996, 0.16749999999999995, 0.335, 0.5]",0.16749999999999995,0.26849999999999996,0.1323782459469833,0.7333333333333333,1.8,0.45,4.96593222618103
