classifier,all_fitness,best,avg,std_dev,acc,n_features,selected_rate,execution_time
knn,"[0.16749999999999995, 0.0025000000000000022, 0.16749999999999995, 0.0025000000000000022, 0.16749999999999995]",0.0025000000000000022,0.10149999999999997,0.08083316151184484,0.9,1.0,0.25,14.195686388015748
svc,"[0.16749999999999995, 0.5, 0.16749999999999995, 0.0050000000000000044, 0.0050000000000000044]",0.0050000000000000044,0.16899999999999998,0.18075259334239163,0.8333333333333334,1.6,0.4,9.445527505874633
