classifier,all_fitness,best,avg,std_dev,acc,n_features,selected_rate,execution_time
knn,"[0.024999999999999994, 0.024999999999999994, 0.024999999999999994, 0.32500000000000007, 0.024999999999999994, 0.32500000000000007, 0.024999999999999994, 0.17499999999999996, 0.024999999999999994, 0.024999999999999994]",0.024999999999999994,0.10000000000000002,0.12093386622447826,0.9166666666666666,1.0,0.25,13.083970189094543
svc,"[0.024999999999999994, 0.17499999999999996, 0.024999999999999994, 0.024999999999999994, 0.024999999999999994, 0.024999999999999994, 0.17499999999999996, 0.024999999999999994, 0.17499999999999996, 0.024999999999999994]",0.024999999999999994,0.06999999999999998,0.06873863542433759,0.95,1.0,0.25,8.530478644371033
