classifier,all_fitness,best,avg,std_dev,acc,n_features,selected_rate,execution_time
knn,"[0.024999999999999994, 0.024999999999999994, 0.024999999999999994, 0.024999999999999994, 0.17499999999999996, 0.17499999999999996, 0.024999999999999994, 0.17499999999999996, 0.024999999999999994, 0.17499999999999996]",0.024999999999999994,0.08499999999999998,0.07348469228349531,0.9333333333333333,1.0,0.25,7.28148922920227
svc,"[0.024999999999999994, 0.024999999999999994, 0.19999999999999996, 0.17499999999999996, 0.024999999999999994, 0.024999999999999994, 0.35000000000000003, 0.024999999999999994, 0.19999999999999996, 0.024999999999999994]",0.024999999999999994,0.10749999999999997,0.11014195385955344,0.9166666666666667,1.3,0.325,4.464613246917724
