classifier,all_fitness,best,avg,std_dev,acc,n_features,selected_rate,execution_time
knn,"[0.007500000000000007, 0.007500000000000007, 0.0025000000000000022, 0.010000000000000009, 0.17249999999999996]",0.0025000000000000022,0.039999999999999994,0.06629479617586886,0.9666666666666666,2.8,0.7,8.630525064468383
svc,"[0.007500000000000007, 0.5025, 0.007500000000000007, 0.010000000000000009, 0.17249999999999996]",0.007500000000000007,0.14,0.19208071220192827,0.8666666666666666,3.2,0.8,5.770345067977905
