classifier,all_fitness,best,avg,std_dev,acc,n_features,selected_rate,execution_time
knn,"[0.04999999999999999, 0.04999999999999999, 0.22499999999999995, 0.675, 0.22499999999999995, 0.22499999999999995, 0.07499999999999998, 0.22499999999999995, 0.07499999999999998, 0.19999999999999996]",0.04999999999999999,0.20249999999999996,0.1744455502441951,0.85,2.7,0.675,7.736739754676819
svc,"[0.07499999999999998, 0.6500000000000001, 0.24999999999999994, 0.375, 0.07499999999999998, 0.22499999999999995, 0.07499999999999998, 0.22499999999999995, 0.525, 0.07499999999999998]",0.07499999999999998,0.255,0.19358460682605944,0.8,3.0,0.75,4.920408225059509
