classifier,all_fitness,best,avg,std_dev,acc,n_features,selected_rate,execution_time
knn,"[0.0025000000000000022, 0.335, 0.3325, 0.0050000000000000044, 0.16999999999999996]",0.0025000000000000022,0.16899999999999998,0.14758556840016573,0.8333333333333333,1.6,0.4,7.992273664474487
svc,"[0.16749999999999995, 0.3325, 0.16749999999999995, 0.007500000000000007, 0.0025000000000000022]",0.0025000000000000022,0.1355,0.12241731903615599,0.8666666666666668,1.4,0.35,5.129434871673584
