classifier,best,avg,std_dev,acc,n_features,selected_rate,execution_time
knn,0.0090909090909091,0.15804545454545454,0.12143550817050218,0.85,21.0,0.9545454545454547,0.8230448722839355
svc,0.1328409090909091,0.28106818181818183,0.1440512312734777,0.725,19.4,0.8818181818181818,0.7648885250091553
