classifier,best,avg,std_dev,acc,n_features,selected_rate,execution_time
knn,0.12465909090909091,0.2238409090909091,0.09265486812238663,0.775,2.4,0.10909090909090909,19.832133531570435
svc,0.12420454545454546,0.3224772727272727,0.1486667400153002,0.675,1.6,0.07272727272727272,22.622929430007936
