classifier,all_fitness,best,avg,std_dev,acc,n_features,selected_rate,execution_time
knn,"[0.1328409090909091, 0.37943181818181815, 0.37988636363636363, 0.009545454545454555, 0.2570454545454546]",0.009545454545454555,0.23174999999999998,0.14391110447681074,0.775,19.8,0.9,6.989714765548706
svc,"[0.13147727272727272, 0.505, 0.13193181818181818, 0.38034090909090906, 0.37988636363636363]",0.13147727272727272,0.30572727272727274,0.14922754963560828,0.7,19.2,0.8727272727272727,7.574278688430786
