classifier,all_fitness,best,avg,std_dev,acc,n_features,selected_rate,execution_time
knn,"[0.12693181818181817, 0.1278409090909091, 0.25113636363636366, 0.37352272727272723, 0.2520454545454546]",0.12693181818181817,0.22629545454545452,0.09221977320644381,0.775,7.8,0.35454545454545455,53.02201976776123
svc,"[0.004090909090909095, 0.3730681818181818, 0.00181818181818182, 0.12556818181818183, 0.002272727272727275]",0.00181818181818182,0.10136363636363636,0.14394409282601398,0.9,5.2,0.2363636363636364,39.47074670791626
