classifier,all_fitness,best,avg,std_dev,acc,n_features,selected_rate,execution_time
knn,"[0.009545454545454555, 0.25613636363636366, 0.2575, 0.25522727272727275, 0.13238636363636364]",0.009545454545454555,0.18215909090909094,0.0987528637517594,0.825,19.6,0.8909090909090909,6.965001821517944
svc,"[0.25613636363636366, 0.008636363636363643, 0.25613636363636366, 0.25613636363636366, 0.3789772727272727]",0.008636363636363643,0.23120454545454544,0.12102740281194568,0.775,18.6,0.8454545454545455,7.57658052444458
