classifier,all_fitness,best,avg,std_dev,acc,n_features,selected_rate,execution_time
knn,"[0.20340909090909087, 0.4102272727272727, 0.13977272727272727, 0.3556818181818182, 0.23863636363636365, 0.3738636363636364, 0.013636363636363632, 0.25681818181818183, 0.004545454545454544, 0.15795454545454546]",0.004545454545454544,0.21545454545454543,0.13391571760434845,0.8,7.8,0.35454545454545455,8.265621709823609
svc,"[0.19886363636363635, 0.6931818181818182, 0.04545454545454544, 0.34204545454545454, 0.23863636363636365, 0.34204545454545454, 0.11704545454545455, 0.4590909090909091, 0.5625, 0.009090909090909089]",0.009090909090909089,0.3007954545454546,0.21194936559088864,0.6875,4.3,0.19545454545454544,9.89994673728943
