classifier,all_fitness,best,avg,std_dev,acc,n_features,selected_rate,execution_time
knn,"[0.0027272727272727297, 0.00090909090909091, 0.3730681818181818, 0.24931818181818183, 0.49636363636363634]",0.00090909090909091,0.22447727272727272,0.19787587936977977,0.775,3.8,0.17272727272727273,9.333094882965089
svc,"[0.12511363636363637, 0.24795454545454546, 0.24795454545454546, 0.24886363636363637, 0.12511363636363637]",0.12511363636363637,0.199,0.06032887656095908,0.8,2.2,0.1,10.934951877593994
