classifier,all_fitness,best,avg,std_dev,acc,n_features,selected_rate,execution_time
knn,"[0.6034090909090909, 0.2340909090909091, 0.009090909090909089, 0.3465909090909091, 0.1215909090909091]",0.009090909090909089,0.26295454545454544,0.2040430699145778,0.725,3.4,0.15454545454545457,5.473733186721802
svc,"[0.009090909090909089, 0.2340909090909091, 0.1215909090909091, 0.1215909090909091, 0.1215909090909091]",0.009090909090909089,0.12159090909090911,0.07115124735378854,0.875,2.0,0.09090909090909091,6.97289547920227
