classifier,all_fitness,best,avg,std_dev,acc,n_features,selected_rate,execution_time
knn,"[0.16249999999999998, 0.04545454545454544, 0.17613636363636362, 0.29772727272727273, 0.275, 0.17159090909090907, 0.27045454545454545, 0.28409090909090906, 0.18068181818181817, 0.16704545454545452]",0.04545454545454544,0.2030681818181818,0.07432556607740888,0.8375,12.5,0.5681818181818181,9.21187229156494
svc,"[0.4147727272727273, 0.16249999999999998, 0.28863636363636364, 0.5, 0.4954545454545455, 0.16704545454545452, 0.28409090909090906, 0.4909090909090909, 0.16249999999999998, 0.18068181818181817]",0.16249999999999998,0.3146590909090909,0.13992180704513812,0.7125,12.3,0.5590909090909091,11.197331357002259
