classifier,all_fitness,best,avg,std_dev,acc,n_features,selected_rate,execution_time
knn,"[0.13068181818181818, 0.1215909090909091, 0.013636363636363632, 0.23863636363636365, 0.013636363636363632]",0.013636363636363632,0.10363636363636364,0.08423636069305178,0.9,3.0,0.13636363636363635,18.736855936050414
svc,"[0.3465909090909091, 0.22954545454545455, 0.2340909090909091, 0.11704545454545455, 0.11704545454545455]",0.11704545454545455,0.2088636363636364,0.0859000716766266,0.775,1.4,0.06363636363636363,24.409592819213866
