classifier,all_fitness,best,avg,std_dev,acc,n_features,selected_rate,execution_time
knn,"[0.4147727272727273, 0.19886363636363635, 0.08636363636363635, 0.32045454545454544, 0.32499999999999996, 0.20795454545454545, 0.20340909090909087, 0.0818181818181818, 0.5363636363636364, 0.20340909090909087]",0.0818181818181818,0.25784090909090907,0.13524584479035892,0.8125,19.6,0.8909090909090909,0.47784440517425536
svc,"[0.20340909090909087, 0.20795454545454545, 0.4284090909090909, 0.32499999999999996, 0.20795454545454545, 0.20795454545454545, 0.32045454545454544, 0.4329545454545455, 0.31136363636363634, 0.3159090909090909]",0.20340909090909087,0.29613636363636364,0.08377890521293345,0.775,20.6,0.9363636363636363,0.583384346961975
