classifier,best,avg,std_dev,acc,n_features,selected_rate,execution_time
knn,0.00454545454545455,0.30154545454545456,0.2544650299083962,0.7,10.0,0.4545454545454546,10.066271257400512
svc,0.00363636363636364,0.2509545454545455,0.156533430538122,0.75,7.6,0.3454545454545454,12.116249465942383
