classifier,best,avg,std_dev,acc,n_features,selected_rate,execution_time
knn,0.002272727272727275,0.07725000000000001,0.06066510665357192,0.925,6.6,0.3,33.85029306411743
svc,0.1260227272727273,0.2503181818181818,0.11048541469128008,0.75,6.2,0.28181818181818186,40.35686416625977
