classifier,all_fitness,best,avg,std_dev,acc,n_features,selected_rate,execution_time
knn,"[0.1278409090909091, 0.25022727272727274, 0.005909090909090915, 0.12829545454545455, 0.25022727272727274]",0.005909090909090915,0.1525,0.09141560597911565,0.85,8.8,0.4,5.160984182357788
svc,"[0.2515909090909091, 0.37534090909090906, 0.25022727272727274, 0.37488636363636363, 0.12511363636363637]",0.12511363636363637,0.27543181818181817,0.09345827614591064,0.725,7.0,0.3181818181818182,6.078044319152832
