classifier,all_fitness,best,avg,std_dev,acc,n_features,selected_rate,execution_time
knn,"[0.004090909090909095, 0.3767045454545454, 0.12738636363636363, 0.005454545454545459, 0.3767045454545454]",0.004090909090909095,0.1780681818181818,0.16825279521949565,0.825,10.6,0.4818181818181818,10.288880586624146
svc,"[0.00454545454545455, 0.12738636363636363, 0.12875, 0.12647727272727272, 0.12875]",0.00454545454545455,0.10318181818181818,0.049325722088015424,0.9,9.2,0.41818181818181815,12.137897968292236
