classifier,all_fitness,best,avg,std_dev,acc,n_features,selected_rate,execution_time
knn,"[0.4284090909090909, 0.09090909090909088, 0.0818181818181818, 0.5454545454545454, 0.31136363636363634, 0.3159090909090909, 0.4284090909090909, 0.08636363636363635, 0.19886363636363635, 0.3159090909090909]",0.0818181818181818,0.2803409090909091,0.15400897023622728,0.7875,19.6,0.8909090909090909,1.0631813764572144
svc,"[0.09999999999999998, 0.31136363636363634, 0.32045454545454544, 0.3068181818181818, 0.4329545454545455, 0.19886363636363635, 0.4193181818181818, 0.32045454545454544, 0.4329545454545455, 0.21249999999999997]",0.09999999999999998,0.3055681818181818,0.10400856459092427,0.7625,20.2,0.9181818181818183,1.069567084312439
