classifier,all_fitness,best,avg,std_dev,acc,n_features,selected_rate,execution_time
knn,"[0.3726136363636363, 0.49636363636363634, 0.24886363636363637, 0.00090909090909091, 0.24886363636363637]",0.00090909090909091,0.27352272727272725,0.16432371422850456,0.725,2.8,0.12727272727272726,20.88766179084778
svc,"[0.1260227272727273, 0.3721590909090909, 0.3717045454545454, 0.12465909090909091, 0.3717045454545454]",0.12465909090909091,0.27325,0.12076815093803385,0.725,2.2,0.1,24.581406354904175
