classifier,all_fitness,best,avg,std_dev,acc,n_features,selected_rate,execution_time
knn,"[0.35113636363636364, 0.13522727272727272, 0.24772727272727274, 0.3068181818181818, 0.7022727272727273, 0.1215909090909091, 0.22954545454545455, 0.2431818181818182, 0.26590909090909093, 0.2340909090909091]",0.1215909090909091,0.28375000000000006,0.15403076896924262,0.7125,5.5,0.25,5.476191186904908
svc,"[0.14431818181818182, 0.25227272727272726, 0.2340909090909091, 0.1534090909090909, 0.1125, 0.22954545454545455, 0.5852272727272727, 0.23863636363636365, 0.4193181818181818, 0.26136363636363635]",0.1125,0.2630681818181818,0.13404395364306615,0.7375,5.9,0.2681818181818182,6.365860056877136
