classifier,all_fitness,best,avg,std_dev,acc,n_features,selected_rate,execution_time
knn,"[0.24886363636363637, 0.12465909090909091, 0.3721590909090909, 0.12465909090909091, 0.4959090909090909]",0.12465909090909091,0.27325,0.1443005823198619,0.725,2.2,0.1,20.70481119155884
svc,"[0.3721590909090909, 0.000454545454545455, 0.3717045454545454, 0.12511363636363637, 0.2484090909090909]",0.000454545454545455,0.22356818181818178,0.14430086868234485,0.775,1.8,0.08181818181818182,24.024078702926637
