classifier,best,avg,std_dev,acc,n_features,selected_rate,execution_time
knn,0.0031818181818181845,0.29972727272727273,0.2157162248636423,0.7,6.0,0.2727272727272727,5.3637243747711185
svc,0.12511363636363637,0.2,0.1481852690618813,0.8,4.4,0.2,6.20875039100647
