classifier,all_fitness,best,avg,std_dev,acc,n_features,selected_rate,execution_time
knn,"[0.13522727272727272, 0.275, 0.17613636363636362, 0.28863636363636364, 0.17159090909090907, 0.5409090909090909, 0.38295454545454544, 0.26590909090909093, 0.4772727272727273, 0.14886363636363636]",0.13522727272727272,0.28625,0.13348906732403715,0.7375,11.0,0.4999999999999999,4.534931302070618
svc,"[0.32499999999999996, 0.4284090909090909, 0.27954545454545454, 0.28863636363636364, 0.275, 0.20795454545454545, 0.28409090909090906, 0.4011363636363636, 0.6534090909090908, 0.4238636363636364]",0.20795454545454545,0.35670454545454544,0.12055147258048036,0.6875,16.6,0.7545454545454545,5.564467930793763
