classifier,all_fitness,best,avg,std_dev,acc,n_features,selected_rate,execution_time
knn,"[0.1260227272727273, 0.12465909090909091, 0.12465909090909091, 0.12511363636363637, 0.3721590909090909]",0.12465909090909091,0.17452272727272727,0.09881943630549374,0.825,2.8,0.12727272727272726,7.066117238998413
svc,"[0.12465909090909091, 0.24795454545454546, 0.24795454545454546, 0.1260227272727273, 0.4954545454545454]",0.12465909090909091,0.24840909090909088,0.13514758920442713,0.75,2.0,0.09090909090909091,8.273322868347169
