classifier,all_fitness,best,avg,std_dev,acc,n_features,selected_rate,execution_time
knn,"[0.0818181818181818, 0.08636363636363635, 0.07272727272727271, 0.5409090909090909, 0.5272727272727272]",0.07272727272727271,0.26181818181818184,0.22239492829700816,0.8,18.0,0.8181818181818181,5.394411420822143
svc,"[0.5181818181818182, 0.3875, 0.29772727272727273, 0.27954545454545454, 0.1852272727272727]",0.1852272727272727,0.3336363636363637,0.11242674382580299,0.7,14.0,0.6363636363636364,6.868665075302124
