classifier,all_fitness,best,avg,std_dev,acc,n_features,selected_rate,execution_time
knn,"[0.2431818181818182, 0.24772727272727274, 0.22954545454545455, 0.23863636363636365, 0.1215909090909091, 0.23863636363636365, 0.13977272727272727, 0.3875, 0.38295454545454544, 0.4727272727272727]",0.1215909090909091,0.2702272727272727,0.10557766128297913,0.725,5.0,0.22727272727272724,8.369153213500976
svc,"[0.5454545454545454, 0.22954545454545455, 0.22954545454545455, 0.11704545454545455, 0.225, 0.1215909090909091, 0.11704545454545455, 0.4329545454545455, 0.13068181818181818, 0.13522727272727272]",0.11704545454545455,0.22840909090909095,0.14029190347920362,0.775,5.7,0.25909090909090904,9.887328004837036
