classifier,all_fitness,best,avg,std_dev,acc,n_features,selected_rate,execution_time
knn,"[0.007727272727272734, 0.13238636363636364, 0.2534090909090909, 0.13147727272727272, 0.007727272727272734]",0.007727272727272734,0.10654545454545454,0.09207425475359413,0.9,16.6,0.7545454545454545,6.0736095905303955
svc,"[0.25477272727272726, 0.1310227272727273, 0.13147727272727272, 0.13011363636363638, 0.37625]",0.13011363636363638,0.20472727272727273,0.09827482968064777,0.8,14.8,0.6727272727272727,6.728373908996582
