classifier,best,avg,std_dev,acc,n_features,selected_rate,execution_time
knn,0.13011363636363638,0.32929545454545456,0.16874759563637595,0.675,16.6,0.7545454545454546,5.18752155303955
svc,0.006818181818181824,0.1794318181818182,0.09944401223928938,0.825,13.6,0.6181818181818182,5.887866353988647
