classifier,best,avg,std_dev,acc,n_features,selected_rate,execution_time
knn,0.00181818181818182,0.22611363636363638,0.1985355787587148,0.775,7.4,0.33636363636363636,5.13123836517334
svc,0.005909090909090915,0.27597727272727274,0.1811844723383572,0.725,8.2,0.3727272727272727,6.015088748931885
