classifier,all_fitness,best,avg,std_dev,acc,n_features,selected_rate,execution_time
knn,"[0.26590909090909093, 0.25227272727272726, 0.13068181818181818, 0.027272727272727264, 0.2340909090909091]",0.027272727272727264,0.18204545454545457,0.0908477065485088,0.825,5.4,0.24545454545454545,4.869192457199096
svc,"[0.1215909090909091, 0.02272727272727272, 0.2431818181818182, 0.23863636363636365, 0.35113636363636364]",0.02272727272727272,0.19545454545454546,0.11284497154639096,0.8,3.4,0.15454545454545454,6.148485708236694
