classifier,all_fitness,best,avg,std_dev,acc,n_features,selected_rate,execution_time
knn,"[0.16704545454545452, 0.2340909090909091, 0.4636363636363636, 0.1534090909090909, 0.3738636363636364, 0.13522727272727272, 0.004545454545454544, 0.24772727272727274, 0.3784090909090909, 0.4284090909090909]",0.004545454545454544,0.25863636363636366,0.14087077924921476,0.75,7.4,0.33636363636363636,5.427665328979492
svc,"[0.1215909090909091, 0.1215909090909091, 0.24772727272727274, 0.12613636363636363, 0.34204545454545454, 0.5318181818181819, 0.18977272727272726, 0.4909090909090909, 0.14886363636363636, 0.013636363636363632]",0.013636363636363632,0.23340909090909095,0.1616252680515249,0.775,6.8,0.3090909090909091,6.381874322891235
