classifier,all_fitness,best,avg,std_dev,acc,n_features,selected_rate,execution_time
knn,"[0.15795454545454546, 0.17159090909090907, 0.26590909090909093, 0.06818181818181816, 0.16249999999999998, 0.16704545454545452, 0.27954545454545454, 0.4284090909090909, 0.25227272727272726, 0.3784090909090909]",0.06818181818181816,0.2331818181818182,0.10432511365363077,0.8,11.7,0.5318181818181819,4.501143908500671
svc,"[0.5272727272727272, 0.20340909090909087, 0.09545454545454543, 0.4284090909090909, 0.21249999999999997, 0.1943181818181818, 0.28863636363636364, 0.19886363636363635, 0.27045454545454545, 0.26590909090909093]",0.09545454545454543,0.26852272727272725,0.11858328880705545,0.7875,17.0,0.7727272727272727,5.608870124816894
