classifier,all_fitness,best,avg,std_dev,acc,n_features,selected_rate,execution_time
knn,"[0.3647727272727273, 0.027272727272727264, 0.4909090909090909, 0.14886363636363636, 0.25681818181818183, 0.03181818181818181, 0.36022727272727273, 0.3647727272727273, 0.13522727272727272, 0.036363636363636355]",0.027272727272727264,0.22170454545454543,0.15963256007324192,0.7875,6.7,0.3045454545454545,30.355985593795776
svc,"[0.36022727272727273, 0.3647727272727273, 0.14886363636363636, 0.13522727272727272, 0.26136363636363635, 0.1534090909090909, 0.14431818181818182, 0.26590909090909093, 0.1534090909090909, 0.4772727272727273]",0.13522727272727272,0.24647727272727274,0.11422060040925736,0.7625,7.2,0.32727272727272727,36.98253653049469
