classifier,all_fitness,best,avg,std_dev,acc,n_features,selected_rate,execution_time
knn,"[0.19886363636363635, 0.32499999999999996, 0.32045454545454544, 0.4238636363636364, 0.31136363636363634, 0.20795454545454545, 0.4329545454545455, 0.20340909090909087, 0.20340909090909087, 0.30227272727272725]",0.19886363636363635,0.2929545454545454,0.08429765738929117,0.775,19.9,0.9045454545454547,6.432369089126587
svc,"[0.32045454545454544, 0.09545454545454543, 0.09090909090909088, 0.09090909090909088, 0.30227272727272725, 0.5409090909090909, 0.3159090909090909, 0.20795454545454545, 0.3159090909090909, 0.32045454545454544]",0.09090909090909088,0.2601136363636364,0.13461995979192748,0.8125,20.1,0.9136363636363637,7.109696364402771
