classifier,best,avg,std_dev,acc,n_features,selected_rate,execution_time
knn,0.002272727272727275,0.19963636363636364,0.12577296957626888,0.8,3.6,0.16363636363636364,7.56848783493042
svc,0.12511363636363637,0.3720681818181818,0.20680181503671416,0.625,1.8,0.08181818181818182,8.550452947616577
