classifier,all_fitness,best,avg,std_dev,acc,n_features,selected_rate,execution_time
knn,"[0.0409090909090909, 0.20340909090909087, 0.4056818181818182, 0.28409090909090906, 0.17613636363636362, 0.036363636363636355, 0.509090909090909, 0.15795454545454546, 0.16249999999999998, 0.05454545454545453]",0.036363636363636355,0.20306818181818181,0.14893566092457952,0.8375,12.5,0.5681818181818181,10.238078927993774
svc,"[0.17159090909090907, 0.27045454545454545, 0.27045454545454545, 0.5136363636363637, 0.04545454545454544, 0.27954545454545454, 0.27954545454545454, 0.04999999999999999, 0.28863636363636364, 0.27954545454545454]",0.04545454545454544,0.24488636363636368,0.12734905381770398,0.7875,11.8,0.5363636363636364,11.665060591697692
