classifier,all_fitness,best,avg,std_dev,acc,n_features,selected_rate,execution_time
knn,"[0.12693181818181817, 0.24931818181818183, 0.12647727272727272, 0.4968181818181818, 0.2506818181818182]",0.12647727272727272,0.25004545454545457,0.13514716114402572,0.75,5.6,0.2545454545454545,5.321053218841553
svc,"[0.24886363636363637, 0.0013636363636363648, 0.3721590909090909, 0.37352272727272723, 0.3739772727272727]",0.0013636363636363648,0.27397727272727274,0.1445668401847109,0.725,3.8,0.17272727272727273,6.157166242599487
