classifier,all_fitness,best,avg,std_dev,acc,n_features,selected_rate,execution_time
knn,"[0.3159090909090909, 0.32499999999999996, 0.32045454545454544, 0.19886363636363635, 0.4375, 0.20795454545454545, 0.09090909090909088, 0.20340909090909087, 0.20340909090909087, 0.09999999999999998]",0.09090909090909088,0.24034090909090905,0.10280574486713256,0.8375,20.7,0.9409090909090908,1.121044135093689
svc,"[0.21249999999999997, 0.32499999999999996, 0.4238636363636364, 0.19886363636363635, 0.32045454545454544, 0.3159090909090909, 0.5363636363636364, 0.4238636363636364, 0.4284090909090909, 0.7704545454545455]",0.19886363636363635,0.3955681818181818,0.15881343497355374,0.6625,20.2,0.9181818181818182,1.1383454084396363
