classifier,all_fitness,best,avg,std_dev,acc,n_features,selected_rate,execution_time
knn,"[0.2575, 0.1328409090909091, 0.2565909090909091, 0.13329545454545455, 0.25613636363636366]",0.1328409090909091,0.20727272727272728,0.06058951952304176,0.8,20.4,0.9272727272727274,2.548229694366455
svc,"[0.2570454545454546, 0.13329545454545455, 0.009545454545454555, 0.38034090909090906, 0.13375]",0.009545454545454555,0.18279545454545457,0.12602264734811794,0.825,21.0,0.9545454545454547,0.8495542049407959
