classifier,all_fitness,best,avg,std_dev,acc,n_features,selected_rate,execution_time
knn,"[0.12613636363636363, 0.1215909090909091, 0.12613636363636363, 0.34204545454545454, 0.2431818181818182, 0.12613636363636363, 0.11704545454545455, 0.35113636363636364, 0.004545454545454544, 0.12613636363636363]",0.004545454545454544,0.1684090909090909,0.10390341390679907,0.825,2.4,0.10909090909090909,6.675191760063171
svc,"[0.13522727272727272, 0.225, 0.2340909090909091, 0.02272727272727272, 0.22954545454545455, 0.25227272727272726, 0.13977272727272727, 0.13522727272727272, 0.34204545454545454, 0.1215909090909091]",0.02272727272727272,0.18375000000000002,0.0851591394327445,0.8125,3.3,0.14999999999999997,7.9106077432632445
