classifier,best,avg,std_dev,acc,n_features,selected_rate,execution_time
knn,0.13238636363636364,0.18234090909090908,0.060810834927898336,0.825,20.0,0.9090909090909092,6.4673865795135494
svc,0.009545454545454555,0.207,0.12598739360391356,0.8,19.8,0.9,7.180232191085816
