classifier,all_fitness,best,avg,std_dev,acc,n_features,selected_rate,execution_time
knn,"[0.00181818181818182, 0.12556818181818183, 0.3726136363636363, 0.3767045454545454, 0.4959090909090909]",0.00181818181818182,0.27452272727272725,0.1820055483442721,0.725,5.0,0.22727272727272724,6.988284015655518
svc,"[0.12556818181818183, 0.24795454545454546, 0.3717045454545454, 0.000454545454545455, 0.3717045454545454]",0.000454545454545455,0.2234772727272727,0.14412988073491614,0.775,1.6,0.07272727272727274,8.230367279052734
