classifier,all_fitness,best,avg,std_dev,acc,n_features,selected_rate,execution_time
knn,"[0.24886363636363637, 0.24931818181818183, 0.24886363636363637, 0.3721590909090909, 0.00181818181818182]",0.00181818181818182,0.22420454545454543,0.12099014712975324,0.775,3.2,0.14545454545454545,6.0684857845306395
svc,"[0.4959090909090909, 0.2484090909090909, 0.3717045454545454, 0.2484090909090909, 0.12465909090909091]",0.12465909090909091,0.2978181818181818,0.1261473664324834,0.7,1.8,0.08181818181818183,6.828056001663208
