classifier,all_fitness,best,avg,std_dev,acc,n_features,selected_rate,execution_time
knn,"[0.0409090909090909, 0.17613636363636362, 0.15795454545454546, 0.3784090909090909, 0.5045454545454545]",0.0409090909090909,0.2515909090909091,0.16668343579550743,0.775,10.8,0.4909090909090909,9.375752878189086
svc,"[0.25227272727272726, 0.26136363636363635, 0.036363636363636355, 0.26136363636363635, 0.26136363636363635]",0.036363636363636355,0.21454545454545454,0.08916045523021686,0.8,7.6,0.3454545454545455,12.158711099624634
