classifier,all_fitness,best,avg,std_dev,acc,n_features,selected_rate,execution_time
knn,"[0.5036363636363637, 0.007727272727272734, 0.25477272727272726, 0.3780681818181818, 0.13193181818181818]",0.007727272727272734,0.2552272727272727,0.17507437911682136,0.75,17.0,0.7727272727272727,6.102236795425415
svc,"[0.25386363636363635, 0.007727272727272734, 0.12920454545454546, 0.13329545454545455, 0.0050000000000000044]",0.0050000000000000044,0.10581818181818184,0.09274212782078742,0.9,15.0,0.6818181818181819,6.681890773773193
