classifier,all_fitness,best,avg,std_dev,acc,n_features,selected_rate,execution_time
knn,"[0.08636363636363635, 0.1943181818181818, 0.32045454545454544, 0.4329545454545455, 0.32045454545454544]",0.08636363636363635,0.2709090909090909,0.1192404508711995,0.8,20.0,0.9090909090909092,0.6881838798522949
svc,"[0.31136363636363634, 0.19886363636363635, 0.32499999999999996, 0.3159090909090909, 0.3159090909090909]",0.19886363636363635,0.2934090909090909,0.04747987829570761,0.775,20.0,0.9090909090909092,0.7507905960083008
