classifier,all_fitness,best,avg,std_dev,acc,n_features,selected_rate,execution_time
knn,"[0.39204545454545453, 0.26136363636363635, 0.03181818181818181, 0.4818181818181818, 0.14886363636363636]",0.03181818181818181,0.2631818181818182,0.16186956538629216,0.75,8.4,0.38181818181818183,30.9032395362854
svc,"[0.3693181818181818, 0.25227272727272726, 0.12613636363636363, 0.25227272727272726, 0.018181818181818177]",0.018181818181818177,0.20363636363636362,0.12048327273221152,0.8,5.2,0.23636363636363633,40.330191135406494
