classifier,all_fitness,best,avg,std_dev,acc,n_features,selected_rate,execution_time
knn,"[0.31136363636363634, 0.3159090909090909, 0.20340909090909087, 0.32499999999999996, 0.31136363636363634, 0.21249999999999997, 0.1943181818181818, 0.28863636363636364, 0.19886363636363635, 0.09545454545454543]",0.09545454545454543,0.2456818181818181,0.07209920564434434,0.825,19.4,0.8818181818181818,5.47299735546112
svc,"[0.19886363636363635, 0.31136363636363634, 0.31136363636363634, 0.32499999999999996, 0.4193181818181818, 0.21249999999999997, 0.21249999999999997, 0.19886363636363635, 0.19886363636363635, 0.4284090909090909]",0.19886363636363635,0.2817045454545454,0.08617420912420269,0.7875,19.9,0.9045454545454545,6.3356006145477295
