classifier,all_fitness,best,avg,std_dev,acc,n_features,selected_rate,execution_time
knn,"[0.1215909090909091, 0.3465909090909091, 0.14886363636363636, 0.2340909090909091, 0.1215909090909091]",0.1215909090909091,0.19454545454545455,0.08650228105720204,0.8,3.2,0.14545454545454545,6.758052349090576
svc,"[0.26136363636363635, 0.3556818181818182, 0.2340909090909091, 0.34204545454545454, 0.11704545454545455]",0.11704545454545455,0.2620454545454546,0.0859938254558368,0.725,3.2,0.14545454545454545,8.424779748916626
