classifier,all_fitness,best,avg,std_dev,acc,n_features,selected_rate,execution_time
knn,"[0.275, 0.16704545454545452, 0.29318181818181815, 0.5136363636363637, 0.16704545454545452, 0.28409090909090906, 0.27954545454545454, 0.4011363636363636, 0.09999999999999998, 0.29318181818181815]",0.09999999999999998,0.27738636363636365,0.11291526891676545,0.7625,14.0,0.6363636363636364,4.789093804359436
svc,"[0.07272727272727271, 0.06818181818181816, 0.09090909090909088, 0.3068181818181818, 0.18977272727272726, 0.18068181818181817, 0.4147727272727273, 0.28409090909090906, 0.4056818181818182, 0.18068181818181817]",0.06818181818181816,0.21943181818181817,0.12225545881777142,0.8375,16.1,0.7318181818181818,5.808680319786072
