classifier,all_fitness,best,avg,std_dev,acc,n_features,selected_rate,execution_time
knn,"[0.2340909090909091, 0.15795454545454546, 0.02272727272727272, 0.16249999999999998, 0.38295454545454544, 0.24772727272727274, 0.2340909090909091, 0.15795454545454546, 0.3738636363636364, 0.3465909090909091]",0.02272727272727272,0.23204545454545458,0.10765244812254322,0.775,6.5,0.29545454545454547,18.535190486907958
svc,"[0.24772727272727274, 0.13068181818181818, 0.1534090909090909, 0.16704545454545452, 0.05909090909090908, 0.35113636363636364, 0.3647727272727273, 0.16249999999999998, 0.6079545454545454, 0.0409090909090909]",0.0409090909090909,0.22852272727272727,0.16284804590083055,0.7875,8.2,0.37272727272727274,22.393590784072877
