classifier,all_fitness,best,avg,std_dev,acc,n_features,selected_rate,execution_time
knn,"[0.2520454545454546, 0.2515909090909091, 0.12647727272727272, 0.1278409090909091, 0.12829545454545455]",0.12647727272727272,0.17725,0.06088777612125226,0.825,8.8,0.4,5.16170482635498
svc,"[0.2515909090909091, 0.24977272727272729, 0.37352272727272723, 0.3739772727272727, 0.24977272727272729]",0.24977272727272729,0.29972727272727273,0.060443120930082625,0.7,6.0,0.2727272727272727,5.973797130584717
