classifier,all_fitness,best,avg,std_dev,acc,n_features,selected_rate,execution_time
knn,"[0.30227272727272725, 0.6625, 0.32045454545454544, 0.32499999999999996, 0.09090909090909088, 0.5318181818181819, 0.20795454545454545, 0.4375, 0.08636363636363635, 0.20340909090909087]",0.08636363636363635,0.3168181818181818,0.17590732909618081,0.75,20.2,0.9181818181818182,0.47451832294464114
svc,"[0.4193181818181818, 0.20795454545454545, 0.4238636363636364, 0.32499999999999996, 0.31136363636363634, 0.3159090909090909, 0.4284090909090909, 0.3159090909090909, 0.20340909090909087, 0.4329545454545455]",0.20340909090909087,0.33840909090909094,0.08249530414885184,0.725,20.0,0.9090909090909092,0.5793655395507813
