classifier,all_fitness,best,avg,std_dev,acc,n_features,selected_rate,execution_time
knn,"[0.24772727272727274, 0.3693181818181818, 0.027272727272727264, 0.14431818181818182, 0.03181818181818181, 0.14431818181818182, 0.3693181818181818, 0.027272727272727264, 0.3738636363636364, 0.4909090909090909]",0.027272727272727264,0.22261363636363635,0.16233100716877769,0.7875,6.9,0.3136363636363636,30.371445083618163
svc,"[0.14886363636363636, 0.036363636363636355, 0.26136363636363635, 0.03181818181818181, 0.26136363636363635, 0.3647727272727273, 0.13977272727272727, 0.14886363636363636, 0.26136363636363635, 0.25681818181818183]",0.03181818181818181,0.1911363636363636,0.10237595800215744,0.825,7.4,0.33636363636363636,36.75763802528381
