classifier,all_fitness,best,avg,std_dev,acc,n_features,selected_rate,execution_time
knn,"[0.4329545454545455, 0.30227272727272725, 0.4329545454545455, 0.32499999999999996, 0.21249999999999997, 0.3159090909090909, 0.32045454545454544, 0.5454545454545454, 0.20340909090909087, 0.32499999999999996]",0.20340909090909087,0.3415909090909091,0.0985983902606096,0.725,20.7,0.9409090909090908,6.396239185333252
svc,"[0.20795454545454545, 0.32045454545454544, 0.32045454545454544, 0.3159090909090909, 0.3159090909090909, 0.32045454545454544, 0.4284090909090909, 0.20340909090909087, 0.4329545454545455, 0.3159090909090909]",0.20340909090909087,0.3181818181818182,0.0711875360527122,0.75,20.5,0.9318181818181819,7.085028862953186
