classifier,all_fitness,best,avg,std_dev,acc,n_features,selected_rate,execution_time
knn,"[0.37534090909090906, 0.24931818181818183, 0.12556818181818183, 0.12738636363636363, 0.00181818181818182]",0.00181818181818182,0.17588636363636365,0.12677401071745117,0.825,5.8,0.2636363636363636,5.38398699760437
svc,"[0.00363636363636364, 0.24886363636363637, 0.0013636363636363648, 0.12465909090909091, 0.24795454545454546]",0.0013636363636363648,0.12529545454545454,0.10997707311785601,0.875,3.4,0.15454545454545454,6.255629777908325
