classifier,best,avg,std_dev,acc,n_features,selected_rate,execution_time
knn,0.000454545454545455,0.2483181818181818,0.2071820650004513,0.75,1.8,0.08181818181818182,6.011348581314087
svc,0.12465909090909091,0.29754545454545456,0.12607600111778305,0.7,1.2,0.05454545454545455,6.725428676605224
