classifier,all_fitness,best,avg,std_dev,acc,n_features,selected_rate,execution_time
knn,"[0.12788461538461537, 0.26346153846153847, 0.023076923076923075, 0.15934065934065939, 0.5373626373626373]",0.023076923076923075,0.2222252747252747,0.17522938543413097,0.7821428571428571,3.4,0.2615384615384616,53.24158759117127
svc,"[0.13557692307692307, 0.4807692307692308, 0.8259615384615384, 0.6736263736263737, 0.5604395604395603]",0.13557692307692307,0.5352747252747252,0.2310854616388658,0.4428571428571428,4.4,0.3384615384615385,40.016230726242064
