classifier,all_fitness,best,avg,std_dev,acc,n_features,selected_rate,execution_time
knn,"[0.00153846153846154, 0.37355769230769226, 0.24903846153846154, 0.1437362637362638, 0.00307692307692308]",0.00153846153846154,0.15418956043956045,0.14378132694988968,0.8464285714285715,2.8,0.21538461538461542,8.444450521469117
svc,"[0.00230769230769231, 0.12836538461538463, 0.24980769230769231, 0.2843956043956044, 0.2843956043956044]",0.00230769230769231,0.1898543956043956,0.10993192665906276,0.8107142857142857,3.2,0.24615384615384617,5.9134790897369385
