classifier,all_fitness,best,avg,std_dev,acc,n_features,selected_rate,execution_time
knn,"[0.05384615384615383, 0.17403846153846153, 0.3096153846153846, 0.41442307692307695, 0.39903846153846156, 0.0692307692307692, 0.16634615384615384, 0.08461538461538459, 0.4221153846153846, 0.5038461538461538]",0.05384615384615383,0.25971153846153844,0.16037265335395243,0.7875,8.9,0.6846153846153846,0.8497372150421143
svc,"[0.06153846153846153, 0.6317307692307692, 0.32499999999999996, 0.3019230769230769, 0.27884615384615385, 0.6394230769230769, 0.41442307692307695, 0.39134615384615384, 0.15096153846153845, 0.39903846153846156]",0.06153846153846153,0.35942307692307696,0.1735915426184094,0.675,8.7,0.6692307692307692,0.5598080635070801
