classifier,all_fitness,best,avg,std_dev,acc,n_features,selected_rate,execution_time
knn,"[0.00230769230769231, 0.37432692307692306, 0.1268269230769231, 0.28593406593406595, 0.42890109890109895]",0.00230769230769231,0.24365934065934064,0.15816201215754516,0.7571428571428571,4.2,0.3230769230769231,8.802587890625
svc,"[0.00307692307692308, 0.4980769230769231, 0.00230769230769231, 0.4265934065934066, 0.710989010989011]",0.00230769230769231,0.32820879120879126,0.2817721311143469,0.6714285714285714,3.8,0.2923076923076923,6.411208438873291
