classifier,best,avg,std_dev,acc,n_features,selected_rate,execution_time
knn,0.00153846153846154,0.18939285714285714,0.21010926910340888,0.8107142857142857,2.6,0.2,8.68139190673828
svc,0.12528846153846154,0.40168956043956044,0.32377231126195866,0.5964285714285714,2.8,0.21538461538461542,6.58995566368103
