classifier,all_fitness,best,avg,std_dev,acc,n_features,selected_rate,execution_time
knn,"[0.3528846153846154, 0.023076923076923075, 0.13557692307692307, 0.12788461538461537, 0.12788461538461537, 0.3528846153846154, 0.12788461538461537, 0.4653846153846154, 0.12788461538461537, 0.015384615384615382]",0.015384615384615382,0.1856730769230769,0.14333919948662843,0.8125,2.2,0.1692307692307692,7.9370510339736935
svc,"[0.015384615384615382, 0.5932692307692308, 0.8105769230769231, 0.3605769230769231, 0.47307692307692306, 0.5855769230769231, 0.4807692307692308, 0.25576923076923075, 0.023076923076923075, 0.7057692307692308]",0.015384615384615382,0.43038461538461537,0.25472502287389537,0.55,3.3,0.25384615384615383,5.629771161079407
