classifier,all_fitness,best,avg,std_dev,acc,n_features,selected_rate,execution_time
knn,"[0.24807692307692308, 0.023076923076923075, 0.023076923076923075, 0.030769230769230764, 0.24807692307692308, 0.023076923076923075, 0.023076923076923075, 0.24807692307692308, 0.13557692307692307, 0.3605769230769231]",0.023076923076923075,0.13634615384615384,0.12255508361838793,0.875,3.1,0.23846153846153845,52.617111158370975
svc,"[0.023076923076923075, 0.13557692307692307, 0.5855769230769231, 0.24807692307692308, 0.023076923076923075, 0.25576923076923075, 0.6009615384615384, 0.15096153846153845, 0.3605769230769231, 0.4807692307692308]",0.023076923076923075,0.28644230769230766,0.20344865543770074,0.7125,3.6,0.27692307692307694,36.71252145767212
