classifier,best,avg,std_dev,acc,n_features,selected_rate,execution_time
knn,0.00230769230769231,0.18601098901098903,0.1808773780926949,0.8142857142857143,2.8,0.21538461538461537,32.37744455337524
svc,0.00230769230769231,0.5255934065934066,0.33606562021403535,0.4714285714285714,3.0,0.23076923076923078,23.433512449264526
