classifier,best,avg,std_dev,acc,n_features,selected_rate,execution_time
knn,0.00230769230769231,0.17970879120879127,0.22876230694222088,0.8214285714285715,3.8,0.2923076923076923,8.98981852531433
svc,0.12605769230769232,0.4588763736263736,0.34869470602159564,0.5392857142857144,3.6,0.27692307692307694,6.724990892410278
