classifier,all_fitness,best,avg,std_dev,acc,n_features,selected_rate,execution_time
knn,"[0.0692307692307692, 0.2942307692307692, 0.0692307692307692, 0.4375, 0.3019230769230769, 0.06153846153846153, 0.19711538461538458, 0.07692307692307691, 0.7442307692307693, 0.18942307692307692]",0.06153846153846153,0.2441346153846154,0.2051885453119129,0.8125,9.8,0.7538461538461538,0.8539268255233765
svc,"[0.06153846153846153, 0.3096153846153846, 0.3019230769230769, 0.5038461538461538, 0.42980769230769234, 0.55, 0.3019230769230769, 0.3019230769230769, 0.2865384615384615, 0.39903846153846156]",0.06153846153846153,0.3446153846153846,0.1295975507018902,0.7,9.7,0.7461538461538462,0.56053466796875
