classifier,all_fitness,best,avg,std_dev,acc,n_features,selected_rate,execution_time
knn,"[0.13557692307692307, 0.24807692307692308, 0.14326923076923076, 0.14326923076923076, 0.03846153846153846, 0.13557692307692307, 0.030769230769230764, 0.13557692307692307, 0.26346153846153847, 0.25576923076923075]",0.030769230769230764,0.15298076923076923,0.07807840326372599,0.8625,3.8,0.2923076923076923,11.527727150917054
svc,"[0.14326923076923076, 0.7057692307692308, 0.2403846153846154, 0.37596153846153846, 0.5932692307692308, 0.15096153846153845, 0.15096153846153845, 0.03846153846153846, 0.5932692307692308, 0.8336538461538461]",0.03846153846153846,0.38259615384615386,0.26456445521184146,0.6125,4.4,0.3384615384615385,8.17162652015686
