classifier,all_fitness,best,avg,std_dev,acc,n_features,selected_rate,execution_time
knn,"[0.3750961538461538, 0.1268269230769231, 0.2505769230769231, 0.1437362637362638, 0.00230769230769231]",0.00230769230769231,0.1797087912087912,0.12550711389722788,0.8214285714285715,3.8,0.2923076923076923,9.027121686935425
svc,"[0.2505769230769231, 0.2505769230769231, 0.745576923076923, 0.28593406593406595, 0.28516483516483515]",0.2505769230769231,0.363565934065934,0.19164491550377602,0.6357142857142858,3.8,0.2923076923076923,6.574010419845581
