classifier,all_fitness,best,avg,std_dev,acc,n_features,selected_rate,execution_time
knn,"[0.00461538461538462, 0.00384615384615385, 0.25211538461538463, 0.5718681318681319, 0.14604395604395612]",0.00384615384615385,0.19569780219780225,0.20998671874782224,0.8071428571428572,6.2,0.476923076923077,9.051414394378662
svc,"[0.005384615384615389, 0.6225961538461539, 0.6264423076923077, 0.14450549450549457, 0.5695604395604396]",0.005384615384615389,0.3936978021978022,0.2647172320463432,0.6071428571428571,6.2,0.4769230769230769,6.460483646392822
