classifier,all_fitness,best,avg,std_dev,acc,n_features,selected_rate,execution_time
knn,"[0.12788461538461537, 0.12788461538461537, 0.24807692307692308, 0.2403846153846154, 0.3528846153846154, 0.12788461538461537, 0.12788461538461537, 0.015384615384615382, 0.2403846153846154, 0.3528846153846154]",0.015384615384615382,0.19615384615384618,0.10346886591152796,0.8,2.1,0.16153846153846155,32.02780609130859
svc,"[0.12788461538461537, 0.2403846153846154, 0.015384615384615382, 0.24807692307692308, 0.015384615384615382, 0.12788461538461537, 0.6903846153846154, 0.3605769230769231, 0.5932692307692308, 0.8105769230769231]",0.015384615384615382,0.32298076923076924,0.2692570213849376,0.6625,2.5,0.19230769230769232,22.336205625534056
