classifier,best,avg,std_dev,acc,n_features,selected_rate,execution_time
knn,0.00230769230769231,0.1623379120879121,0.10035968341333236,0.8392857142857142,4.2,0.3230769230769231,55.36036787033081
svc,0.37432692307692306,0.636892857142857,0.17478423274408966,0.36071428571428565,5.2,0.4000000000000001,39.99445624351502
