classifier,all_fitness,best,avg,std_dev,acc,n_features,selected_rate,execution_time
knn,"[0.15096153846153845, 0.26346153846153847, 0.14326923076923076, 0.03846153846153846, 0.18241758241758244]",0.03846153846153846,0.15571428571428572,0.07245441500247618,0.8714285714285713,5.2,0.4,9.19803991317749
svc,"[0.25576923076923075, 0.16634615384615384, 0.3682692307692308, 0.030769230769230764, 0.29560439560439555]",0.030769230769230764,0.22335164835164836,0.11628420253399131,0.7928571428571429,4.8,0.3692307692307692,6.775040531158448
