classifier,all_fitness,best,avg,std_dev,acc,n_features,selected_rate,execution_time
knn,"[0.2403846153846154, 0.5855769230769231, 0.12788461538461537, 0.3528846153846154, 0.12788461538461537, 0.2403846153846154, 0.4653846153846154, 0.2403846153846154, 0.015384615384615382, 0.015384615384615382]",0.015384615384615382,0.24115384615384614,0.17578269599996968,0.75,2.1,0.16153846153846155,8.210564494132996
svc,"[0.015384615384615382, 0.2403846153846154, 0.3451923076923077, 0.015384615384615382, 0.2403846153846154, 0.13557692307692307, 0.12788461538461537, 0.5778846153846153, 0.5701923076923077, 0.3528846153846154]",0.015384615384615382,0.2621153846153846,0.19143899950779197,0.725,1.9,0.14615384615384616,6.137402796745301
