classifier,all_fitness,best,avg,std_dev,acc,n_features,selected_rate,execution_time
knn,"[0.1268269230769231, 0.24903846153846154, 0.3727884615384615, 0.14296703296703303, 0.4265934065934066]",0.1268269230769231,0.2636428571428572,0.11996681812145879,0.7357142857142858,2.6,0.2,9.591077423095703
svc,"[0.00230769230769231, 0.3727884615384615, 0.24980769230769231, 0.5680219780219781, 0.00153846153846154]",0.00153846153846154,0.23889285714285716,0.21848697629223246,0.7607142857142857,2.6,0.2,6.762779188156128
