classifier,all_fitness,best,avg,std_dev,acc,n_features,selected_rate,execution_time
knn,"[0.03846153846153846, 0.5932692307692308, 0.27115384615384613, 0.14326923076923076, 0.4807692307692308, 0.13557692307692307, 0.24807692307692308, 0.17403846153846153, 0.15865384615384615, 0.48846153846153845]",0.03846153846153846,0.2731730769230769,0.1750372160343092,0.7375,4.8,0.3692307692307693,8.550313425064086
svc,"[0.15096153846153845, 0.6163461538461539, 0.2865384615384615, 0.49615384615384617, 0.14326923076923076, 0.37596153846153846, 0.6086538461538461, 0.2403846153846154, 0.39134615384615384, 0.7057692307692308]",0.14326923076923076,0.4015384615384615,0.18973480792221048,0.6,5.4,0.41538461538461535,6.075637459754944
