classifier,all_fitness,best,avg,std_dev,acc,n_features,selected_rate,execution_time
knn,"[0.25576923076923075, 0.24807692307692308, 0.24807692307692308, 0.023076923076923075, 0.143956043956044]",0.023076923076923075,0.1837912087912088,0.09040139795425224,0.8214285714285714,3.0,0.23076923076923084,8.179256010055543
svc,"[0.030769230769230764, 0.47307692307692306, 0.4653846153846154, 0.9461538461538461, 0.6813186813186813]",0.030769230769230764,0.5193406593406593,0.3007191396736611,0.45714285714285713,4.0,0.3076923076923077,5.988631391525269
