classifier,all_fitness,best,avg,std_dev,acc,n_features,selected_rate,execution_time
knn,"[0.00153846153846154, 0.005384615384615389, 0.006923076923076929, 0.14604395604395612, 0.00307692307692308]",0.00153846153846154,0.032593406593406614,0.056755517311717074,0.9714285714285715,5.6,0.43076923076923085,12.009250497817993
svc,"[0.1268269230769231, 0.008461538461538468, 0.2528846153846154, 0.14450549450549457, 0.00615384615384616]",0.00615384615384616,0.10776648351648352,0.09269188493686041,0.8964285714285716,6.8,0.523076923076923,8.614251518249512
