classifier,all_fitness,best,avg,std_dev,acc,n_features,selected_rate,execution_time
knn,"[0.12913461538461538, 0.2536538461538462, 0.12759615384615386, 0.00461538461538462, 0.14681318681318686]",0.00461538461538462,0.13236263736263737,0.07908587204416395,0.8714285714285713,6.6,0.5076923076923077,1.522791051864624
svc,"[0.3758653846153846, 0.12913461538461538, 0.3789423076923077, 0.14681318681318686, 0.4304395604395605]",0.12913461538461538,0.292239010989011,0.12756326908341947,0.7107142857142857,7.6,0.5846153846153845,1.1978466033935546
