classifier,best,avg,std_dev,acc,n_features,selected_rate,execution_time
knn,0.00307692307692308,0.3102225274725275,0.295737500466995,0.6892857142857143,3.4,0.2615384615384616,15.129200077056884
svc,0.24903846153846154,0.4238269230769231,0.20055896025925374,0.575,4.0,0.3076923076923077,11.009789085388183
