classifier,all_fitness,best,avg,std_dev,acc,n_features,selected_rate,execution_time
knn,"[0.030769230769230764, 0.03846153846153846, 0.14326923076923076, 0.14326923076923076, 0.030769230769230764, 0.030769230769230764, 0.15096153846153845, 0.14326923076923076, 0.15096153846153845, 0.37596153846153846]",0.030769230769230764,0.12384615384615386,0.09972206197712928,0.9,4.4,0.3384615384615385,8.40571687221527
svc,"[0.030769230769230764, 0.26346153846153847, 0.26346153846153847, 0.18942307692307692, 0.17403846153846153, 0.27884615384615385, 0.49615384615384617, 0.37596153846153846, 0.05384615384615383, 0.27884615384615385]",0.030769230769230764,0.2404807692307692,0.13174091061468263,0.7875,6.4,0.49230769230769234,6.1328287601470945
