classifier,all_fitness,best,avg,std_dev,acc,n_features,selected_rate,execution_time
knn,"[0.03846153846153846, 0.03846153846153846, 0.03846153846153846, 0.17472527472527477, 0.31868131868131866]",0.03846153846153846,0.12175824175824176,0.1117132285331329,0.9142857142857143,5.8,0.4461538461538462,8.789939212799073
svc,"[0.15096153846153845, 0.04615384615384615, 0.03846153846153846, 0.29560439560439555, 0.4472527472527473]",0.03846153846153846,0.19568681318681316,0.15642837843563556,0.8321428571428571,5.8,0.4461538461538462,6.415466403961181
