classifier,best,avg,std_dev,acc,n_features,selected_rate,execution_time
knn,0.00153846153846154,0.1546510989010989,0.0919298633556965,0.8464285714285715,3.4,0.2615384615384615,12.176660346984864
svc,0.00307692307692308,0.37786263736263737,0.314747395447635,0.6214285714285714,4.0,0.3076923076923077,8.745597553253173
