classifier,all_fitness,best,avg,std_dev,acc,n_features,selected_rate,execution_time
knn,"[0.15865384615384615, 0.1817307692307692, 0.15865384615384615, 0.27884615384615385, 0.27884615384615385, 0.5115384615384615, 0.17403846153846153, 0.1817307692307692, 0.03846153846153846, 0.15865384615384615]",0.03846153846153846,0.21211538461538462,0.11856919433880726,0.825,7.1,0.5461538461538462,1.4844423055648803
svc,"[0.03846153846153846, 0.49615384615384617, 0.15096153846153845, 0.39134615384615384, 0.6086538461538461, 0.27115384615384613, 0.26346153846153847, 0.05384615384615383, 0.5115384615384615, 0.8413461538461539]",0.03846153846153846,0.3626923076923077,0.2437134132760257,0.65,6.2,0.476923076923077,1.286651062965393
