classifier,all_fitness,best,avg,std_dev,acc,n_features,selected_rate,execution_time
knn,"[0.00307692307692308, 0.1268269230769231, 0.24980769230769231, 0.14450549450549457, 0.28516483516483515]",0.00307692307692308,0.16187637362637364,0.09967892302148362,0.8392857142857142,3.6,0.27692307692307694,8.819246625900268
svc,"[0.37355769230769226, 0.12759615384615386, 0.12528846153846154, 0.5687912087912088, 0.28593406593406595]",0.12528846153846154,0.2962335164835165,0.16615268542642128,0.7035714285714285,3.6,0.27692307692307694,6.451532459259033
