classifier,all_fitness,best,avg,std_dev,acc,n_features,selected_rate,execution_time
knn,"[0.12759615384615386, 0.49961538461538463, 0.00307692307692308, 0.00461538461538462, 0.14604395604395612]",0.00307692307692308,0.15618956043956045,0.18181310370648907,0.8464285714285713,5.4,0.4153846153846154,16.45645694732666
svc,"[0.25211538461538463, 0.25134615384615383, 0.6225961538461539, 0.8547252747252748, 0.4335164835164836]",0.25134615384615383,0.48285989010989017,0.23112182776495155,0.5178571428571429,7.2,0.5538461538461539,11.932195806503296
