classifier,all_fitness,best,avg,std_dev,acc,n_features,selected_rate,execution_time
knn,"[0.12788461538461537, 0.12788461538461537, 0.2403846153846154, 0.015384615384615382, 0.3528846153846154, 0.015384615384615382, 0.12788461538461537, 0.12788461538461537, 0.015384615384615382, 0.2403846153846154]",0.015384615384615382,0.13913461538461538,0.1061322877356368,0.8625,2.0,0.15384615384615383,28.781853890419008
svc,"[0.015384615384615382, 0.2403846153846154, 0.3451923076923077, 0.023076923076923075, 0.3528846153846154, 0.12788461538461537, 0.12788461538461537, 0.12788461538461537, 0.4653846153846154, 0.3451923076923077]",0.015384615384615382,0.2171153846153846,0.1468510697488804,0.775,1.9,0.14615384615384613,20.287158179283143
