classifier,all_fitness,best,avg,std_dev,acc,n_features,selected_rate,execution_time
knn,"[0.00230769230769231, 0.24980769230769231, 0.12836538461538463, 0.14527472527472535, 0.14527472527472535]",0.00230769230769231,0.13420604395604396,0.07879093981286563,0.8678571428571429,4.4,0.3384615384615385,55.53028712272644
svc,"[0.00230769230769231, 0.6210576923076924, 0.25134615384615383, 0.9953846153846154, 0.7102197802197803]",0.00230769230769231,0.5160631868131869,0.34999699327637046,0.4821428571428571,4.4,0.3384615384615385,39.72381978034973
