classifier,all_fitness,best,avg,std_dev,acc,n_features,selected_rate,execution_time
knn,"[0.37596153846153846, 0.2865384615384615, 0.04615384615384615, 0.1817307692307692, 0.27115384615384613, 0.3019230769230769, 0.2865384615384615, 0.15865384615384615, 0.3836538461538462, 0.17403846153846153]",0.04615384615384615,0.24663461538461537,0.09987904111989454,0.7875,7.2,0.5538461538461539,1.7505189180374146
svc,"[0.15096153846153845, 0.1817307692307692, 0.7442307692307693, 0.7288461538461539, 0.2865384615384615, 0.26346153846153847, 0.7211538461538461, 0.4807692307692308, 0.16634615384615384, 0.16634615384615384]",0.15096153846153845,0.38903846153846156,0.24196335423551107,0.625,6.7,0.5153846153846153,1.3317113637924194
