classifier,all_fitness,best,avg,std_dev,acc,n_features,selected_rate,execution_time
knn,"[0.00307692307692308, 0.00230769230769231, 0.1268269230769231, 0.14450549450549457, 0.14296703296703303]",0.00230769230769231,0.08393681318681323,0.0666248132972279,0.9178571428571429,3.4,0.2615384615384616,15.253072881698609
svc,"[0.2505769230769231, 0.6202884615384615, 0.37355769230769226, 0.14296703296703303, 0.8524175824175825]",0.14296703296703303,0.44796153846153847,0.2572156787618472,0.55,3.2,0.24615384615384617,10.659114551544189
