classifier,best,avg,std_dev,acc,n_features,selected_rate,execution_time
knn,0.00384615384615385,0.22890384615384618,0.23131634261823156,0.7749999999999999,8.0,0.6153846153846153,9.06786527633667
svc,0.00615384615384616,0.2627225274725275,0.20473688688437394,0.7392857142857143,6.0,0.4615384615384615,6.460880279541016
