classifier,all_fitness,best,avg,std_dev,acc,n_features,selected_rate,execution_time
knn,"[0.3605769230769231, 0.12788461538461537, 0.13557692307692307, 0.13557692307692307, 0.24807692307692308, 0.24807692307692308, 0.023076923076923075, 0.13557692307692307, 0.24807692307692308, 0.13557692307692307]",0.023076923076923075,0.1798076923076923,0.09041325241919877,0.825,2.9,0.2230769230769231,52.214995765686034
svc,"[0.2403846153846154, 0.26346153846153847, 0.25576923076923075, 0.47307692307692306, 0.3605769230769231, 0.13557692307692307, 0.12788461538461537, 0.14326923076923076, 0.14326923076923076, 0.13557692307692307]",0.12788461538461537,0.2278846153846154,0.11013036922144623,0.775,3.3,0.25384615384615383,36.96375224590302
