classifier,all_fitness,best,avg,std_dev,acc,n_features,selected_rate,execution_time
knn,"[0.25576923076923075, 0.26346153846153847, 0.14326923076923076, 0.2725274725274725, 0.1516483516483517]",0.14326923076923076,0.21733516483516482,0.057361190036896714,0.7892857142857144,3.6,0.27692307692307694,8.711115646362305
svc,"[0.12788461538461537, 0.13557692307692307, 0.26346153846153847, 0.143956043956044, 0.03846153846153846]",0.03846153846153846,0.14186813186813185,0.07171799983983411,0.8714285714285716,3.4,0.26153846153846155,6.416136789321899
