classifier,all_fitness,best,avg,std_dev,acc,n_features,selected_rate,execution_time
knn,"[0.15096153846153845, 0.030769230769230764, 0.26346153846153847, 0.27884615384615385, 0.3836538461538462, 0.6163461538461539, 0.03846153846153846, 0.5115384615384615, 0.06153846153846153, 0.26346153846153847]",0.030769230769230764,0.25990384615384615,0.18942700601157395,0.7625,6.0,0.46153846153846156,8.736557292938233
svc,"[0.25576923076923075, 0.16634615384615384, 0.39903846153846156, 0.5192307692307692, 0.27115384615384613, 0.39903846153846156, 0.6163461538461539, 0.2865384615384615, 0.40673076923076923, 0.39134615384615384]",0.16634615384615384,0.37115384615384617,0.12557633407801558,0.65,7.3,0.5615384615384615,6.255756878852845
