classifier,all_fitness,best,avg,std_dev,acc,n_features,selected_rate,execution_time
knn,"[0.3682692307692308, 0.030769230769230764, 0.14326923076923076, 0.030769230769230764, 0.03846153846153846]",0.030769230769230764,0.12230769230769231,0.13017313232268102,0.9,4.2,0.3230769230769231,11.803828907012939
svc,"[0.3605769230769231, 0.26346153846153847, 0.8259615384615384, 0.42417582417582417, 0.5527472527472527]",0.26346153846153847,0.48538461538461536,0.19447554792128158,0.4999999999999999,4.6,0.3538461538461538,8.706903982162476
