classifier,best,avg,std_dev,acc,n_features,selected_rate,execution_time
knn,0.00307692307692308,0.15910989010989013,0.10073488328249759,0.8428571428571429,4.6,0.3538461538461538,16.891277503967284
svc,0.00307692307692308,0.3508076923076923,0.27545087603323204,0.65,5.6,0.43076923076923074,11.83982481956482
