classifier,all_fitness,best,avg,std_dev,acc,n_features,selected_rate,execution_time
knn,"[0.2505769230769231, 0.1268269230769231, 0.12605769230769232, 0.2867032967032967, 0.00307692307692308]",0.00307692307692308,0.15864835164835164,0.1011198842743241,0.8428571428571429,4.0,0.3076923076923077,9.002596282958985
svc,"[0.4973076923076923, 0.49884615384615383, 0.6241346153846155, 0.2867032967032967, 0.14527472527472535]",0.14527472527472535,0.4104532967032967,0.17126028519652045,0.5892857142857143,5.0,0.3846153846153846,6.52150526046753
