classifier,all_fitness,best,avg,std_dev,acc,n_features,selected_rate,execution_time
knn,"[0.25576923076923075, 0.030769230769230764, 0.03846153846153846, 0.4164835164835165, 0.030769230769230764]",0.030769230769230764,0.15445054945054945,0.15682750960718927,0.8642857142857142,4.2,0.3230769230769231,8.872283744812012
svc,"[0.14326923076923076, 0.5932692307692308, 0.7057692307692308, 0.689010989010989, 0.023076923076923075]",0.023076923076923075,0.43087912087912095,0.288994554644925,0.5571428571428572,4.2,0.3230769230769231,6.555710649490356
