classifier,all_fitness,best,avg,std_dev,acc,n_features,selected_rate,execution_time
knn,"[0.1268269230769231, 0.12836538461538463, 0.25134615384615383, 0.14758241758241764, 0.2874725274725275]",0.1268269230769231,0.18831868131868135,0.06758553809913581,0.8142857142857143,5.8,0.4461538461538462,9.242400789260865
svc,"[0.00461538461538462, 0.24903846153846154, 0.6233653846153846, 0.14450549450549457, 0.7102197802197803]",0.00461538461538462,0.34634890109890115,0.27427432527777973,0.6535714285714286,4.4,0.3384615384615385,6.8007549285888675
