classifier,all_fitness,best,avg,std_dev,acc,n_features,selected_rate,execution_time
knn,"[0.12788461538461537, 0.12788461538461537, 0.023076923076923075, 0.24807692307692308, 0.12788461538461537, 0.13557692307692307, 0.2403846153846154, 0.12788461538461537, 0.4653846153846154, 0.12788461538461537]",0.023076923076923075,0.17519230769230767,0.1138737622449116,0.825,2.3,0.1769230769230769,14.190552282333375
svc,"[0.015384615384615382, 0.12788461538461537, 0.12788461538461537, 0.24807692307692308, 0.24807692307692308, 0.47307692307692306, 0.13557692307692307, 0.12788461538461537, 0.2403846153846154, 0.023076923076923075]",0.015384615384615382,0.17673076923076922,0.12670712981344867,0.825,2.5,0.19230769230769235,10.03915045261383
