classifier,all_fitness,best,avg,std_dev,acc,n_features,selected_rate,execution_time
knn,"[0.030769230769230764, 0.7057692307692308, 0.13557692307692307, 0.15934065934065939, 0.4318681318681319]",0.030769230769230764,0.2926648351648352,0.24538706366302743,0.7107142857142857,4.2,0.3230769230769231,16.463437128067017
svc,"[0.27115384615384613, 0.27115384615384613, 0.15096153846153845, 0.0692307692307692, 0.832967032967033]",0.0692307692307692,0.31909340659340657,0.2680903464968415,0.7035714285714285,6.8,0.5230769230769231,11.82250452041626
