classifier,all_fitness,best,avg,std_dev,acc,n_features,selected_rate,execution_time
knn,"[0.00153846153846154, 0.24903846153846154, 0.12528846153846154, 0.2843956043956044, 0.14450549450549457]",0.00153846153846154,0.16095329670329672,0.09995258868838262,0.8392857142857142,2.4,0.18461538461538463,15.12803874015808
svc,"[0.12605769230769232, 0.6210576923076924, 0.6218269230769231, 0.2867032967032967, 0.710989010989011]",0.12605769230769232,0.47332692307692315,0.22617877653225735,0.525,4.0,0.3076923076923077,10.952260828018188
