classifier,all_fitness,best,avg,std_dev,acc,n_features,selected_rate,execution_time
knn,"[0.25576923076923075, 0.15096153846153845, 0.03846153846153846, 0.27115384615384613, 0.24807692307692308, 0.39134615384615384, 0.03846153846153846, 0.27115384615384613, 0.023076923076923075, 0.15096153846153845]",0.023076923076923075,0.18394230769230765,0.11742353202310456,0.8375,4.9,0.37692307692307697,16.053671216964723
svc,"[0.3682692307692308, 0.6086538461538461, 0.3836538461538462, 0.5115384615384615, 0.27115384615384613, 0.27115384615384613, 0.25576923076923075, 0.15096153846153845, 0.04615384615384615, 0.16634615384615384]",0.04615384615384615,0.3033653846153846,0.16115066203022893,0.7125,5.8,0.4461538461538462,11.059922909736633
