classifier,best,avg,std_dev,acc,n_features,selected_rate,execution_time
knn,0.00230769230769231,0.13374450549450553,0.07924796798593495,0.8678571428571429,3.8,0.2923076923076923,8.772752237319946
svc,0.00230769230769231,0.3786318681318681,0.3133898803783169,0.6214285714285713,5.0,0.3846153846153847,6.5138756275177006
