classifier,all_fitness,best,avg,std_dev,acc,n_features,selected_rate,execution_time
knn,"[0.49884615384615383, 0.00307692307692308, 0.13067307692307692, 0.14758241758241764, 0.2867032967032967]",0.00307692307692308,0.21337637362637363,0.1686797983788023,0.7892857142857144,6.2,0.4769230769230769,16.468629360198975
svc,"[0.2505769230769231, 0.6256730769230769, 0.25134615384615383, 0.5703296703296703, 0.14450549450549457]",0.14450549450549457,0.36848626373626375,0.192186170474056,0.6321428571428571,5.6,0.43076923076923085,12.044228839874268
