classifier,best,avg,std_dev,acc,n_features,selected_rate,execution_time
knn,0.12913461538461538,0.183706043956044,0.054873921261684014,0.8178571428571428,4.4,0.3384615384615385,8.420029306411744
svc,0.12528846153846154,0.4590302197802198,0.24224424872124814,0.5392857142857143,3.8,0.2923076923076923,6.100883197784424
