classifier,all_fitness,best,avg,std_dev,acc,n_features,selected_rate,execution_time
knn,"[0.37355769230769226, 0.12528846153846154, 0.37355769230769226, 0.00230769230769231, 0.28516483516483515]",0.00230769230769231,0.2319752747252747,0.14632126694244602,0.7678571428571429,2.8,0.21538461538461542,31.941087341308595
svc,"[0.12605769230769232, 0.12528846153846154, 0.6210576923076924, 0.42582417582417587, 0.1437362637362638]",0.12528846153846154,0.2883928571428572,0.2017099598598289,0.7107142857142856,2.6,0.2,23.894149112701417
