classifier,all_fitness,best,avg,std_dev,acc,n_features,selected_rate,execution_time
knn,"[0.04615384615384615, 0.03846153846153846, 0.15865384615384615, 0.29560439560439555, 0.18241758241758244]",0.03846153846153846,0.14425824175824173,0.09527480449189957,0.8892857142857142,5.8,0.4461538461538462,1.586674737930298
svc,"[0.05384615384615383, 0.8413461538461539, 0.7134615384615385, 0.31098901098901094, 0.17472527472527477]",0.05384615384615383,0.41887362637362635,0.30651513436253985,0.5892857142857143,6.4,0.49230769230769234,1.11043438911438
