classifier,all_fitness,best,avg,std_dev,acc,n_features,selected_rate,execution_time
knn,"[0.03846153846153846, 0.15096153846153845, 0.37596153846153846, 0.03846153846153846, 0.25576923076923075, 0.15096153846153845, 0.3682692307692308, 0.023076923076923075, 0.15096153846153845, 0.030769230769230764]",0.023076923076923075,0.15836538461538457,0.12821750340914215,0.8625,4.5,0.34615384615384615,12.67859969139099
svc,"[0.14326923076923076, 0.37596153846153846, 0.04615384615384615, 0.26346153846153847, 0.25576923076923075, 0.6009615384615384, 0.49615384615384617, 0.04615384615384615, 0.15096153846153845, 0.030769230769230764]",0.030769230769230764,0.24096153846153845,0.1874562079037576,0.775,5.0,0.3846153846153847,8.448753952980042
