classifier,all_fitness,best,avg,std_dev,acc,n_features,selected_rate,execution_time
knn,"[0.14326923076923076, 0.13557692307692307, 0.023076923076923075, 0.15096153846153845, 0.25576923076923075, 0.14326923076923076, 0.2403846153846154, 0.13557692307692307, 0.13557692307692307, 0.48846153846153845]",0.023076923076923075,0.18519230769230768,0.11762347157386895,0.825,3.6,0.27692307692307694,8.213558006286622
svc,"[0.023076923076923075, 0.6086538461538461, 0.2865384615384615, 0.03846153846153846, 0.37596153846153846, 0.25576923076923075, 0.49615384615384617, 0.04615384615384615, 0.3836538461538462, 0.030769230769230764]",0.023076923076923075,0.2545192307692308,0.20247865418213418,0.7625,5.3,0.4076923076923077,6.0072434425354
