classifier,all_fitness,best,avg,std_dev,acc,n_features,selected_rate,execution_time
knn,"[0.015384615384615382, 0.015384615384615382, 0.24807692307692308, 0.12788461538461537, 0.12788461538461537, 0.023076923076923075, 0.24807692307692308, 0.12788461538461537, 0.4653846153846154, 0.023076923076923075]",0.015384615384615382,0.14221153846153847,0.13712323987640163,0.8625,2.4,0.18461538461538463,8.2415682554245
svc,"[0.015384615384615382, 0.24807692307692308, 0.4653846153846154, 0.1201923076923077, 0.13557692307692307, 0.6980769230769232, 0.007692307692307691, 0.015384615384615382, 0.4653846153846154, 0.6903846153846154]",0.007692307692307691,0.2861538461538462,0.25945514998178587,0.7,2.1,0.16153846153846155,6.114370489120484
