classifier,all_fitness,best,avg,std_dev,acc,n_features,selected_rate,execution_time
knn,"[0.2403846153846154, 0.24807692307692308, 0.12788461538461537, 0.2403846153846154, 0.015384615384615382, 0.12788461538461537, 0.12788461538461537, 0.13557692307692307, 0.2403846153846154, 0.3528846153846154]",0.015384615384615382,0.18567307692307694,0.09075257547651913,0.8125,2.2,0.1692307692307692,14.34878511428833
svc,"[0.015384615384615382, 0.12788461538461537, 0.023076923076923075, 0.12788461538461537, 0.13557692307692307, 0.24807692307692308, 0.023076923076923075, 0.13557692307692307, 0.13557692307692307, 0.015384615384615382]",0.015384615384615382,0.09874999999999998,0.07308710708390018,0.9125,2.6,0.2,9.850492429733276
