classifier,best,avg,std_dev,acc,n_features,selected_rate,execution_time
knn,0.00307692307692308,0.10730494505494506,0.09411388258798771,0.8964285714285716,6.2,0.476923076923077,1.5805099964141847
svc,0.12759615384615386,0.24104670329670333,0.1075504645888664,0.7607142857142857,5.4,0.4153846153846154,1.2843675136566162
