classifier,all_fitness,best,avg,std_dev,acc,n_features,selected_rate,execution_time
knn,"[0.12759615384615386, 0.37740384615384615, 0.00615384615384616, 0.7156043956043957, 0.00461538461538462]",0.00461538461538462,0.24627472527472533,0.2711483220041407,0.7571428571428571,7.6,0.5846153846153846,9.027630424499511
svc,"[0.00615384615384616, 0.24980769230769231, 0.7509615384615385, 0.5710989010989012, 0.5703296703296703]",0.00615384615384616,0.42967032967032964,0.2663576212188322,0.5714285714285714,7.0,0.5384615384615385,6.400335741043091
