classifier,all_fitness,best,avg,std_dev,acc,n_features,selected_rate,execution_time
knn,"[0.14326923076923076, 0.27884615384615385, 0.06153846153846153, 0.2865384615384615, 0.14326923076923076, 0.16634615384615384, 0.27884615384615385, 0.2865384615384615, 0.37596153846153846, 0.03846153846153846]",0.03846153846153846,0.20596153846153845,0.10528718826065363,0.825,6.3,0.48461538461538467,8.753184080123901
svc,"[0.25576923076923075, 0.3836538461538462, 0.5346153846153846, 0.27115384615384613, 0.1817307692307692, 0.39903846153846156, 0.39134615384615384, 0.6240384615384615, 0.26346153846153847, 0.03846153846153846]",0.03846153846153846,0.334326923076923,0.16122224659102724,0.6875,6.9,0.5307692307692309,6.244019174575806
