classifier,best,avg,std_dev,acc,n_features,selected_rate,execution_time
knn,0.00230769230769231,0.21521978021978025,0.22255979364379747,0.7857142857142857,4.0,0.30769230769230776,8.770685863494872
svc,0.00230769230769231,0.3674093406593407,0.2471074224324905,0.6321428571428571,4.2,0.3230769230769231,6.485707569122314
