classifier,all_fitness,best,avg,std_dev,acc,n_features,selected_rate,execution_time
knn,"[0.023076923076923075, 0.13557692307692307, 0.47307692307692306, 0.5296703296703296, 0.28021978021978017]",0.023076923076923075,0.2883241758241758,0.19294302430182828,0.7035714285714285,2.8,0.21538461538461537,8.649147462844848
svc,"[0.13557692307692307, 0.023076923076923075, 0.2403846153846154, 0.28021978021978017, 0.143956043956044]",0.023076923076923075,0.16464285714285715,0.08989830425585753,0.8392857142857142,2.6,0.2,6.543955230712891
