classifier,all_fitness,best,avg,std_dev,acc,n_features,selected_rate,execution_time
knn,"[0.00153846153846154, 0.12605769230769232, 0.4973076923076923, 0.1437362637362638, 0.00230769230769231]",0.00153846153846154,0.15418956043956045,0.18165967394893778,0.8464285714285715,2.8,0.21538461538461542,8.57919783592224
svc,"[0.12759615384615386, 0.6210576923076924, 0.1268269230769231, 0.42582417582417587, 0.1437362637362638]",0.1268269230769231,0.2890082417582418,0.2012143271620066,0.7107142857142856,3.4,0.2615384615384616,6.013201332092285
