classifier,all_fitness,best,avg,std_dev,acc,n_features,selected_rate,execution_time
knn,"[0.00230769230769231, 0.12605769230769232, 0.00230769230769231, 0.4265934065934066, 0.28516483516483515]",0.00230769230769231,0.16848626373626374,0.1656888681245912,0.8321428571428571,3.0,0.23076923076923078,33.17299723625183
svc,"[0.00230769230769231, 0.37432692307692306, 0.12605769230769232, 0.850879120879121, 0.28516483516483515]",0.00230769230769231,0.32774725274725275,0.2912866168294451,0.6714285714285715,3.2,0.24615384615384622,24.014621639251708
