classifier,best,avg,std_dev,acc,n_features,selected_rate,execution_time
knn,0.17055555555555552,0.2851666666666667,0.09689748942459825,0.7166666666666666,4.2,0.4666666666666666,10.183176136016845
svc,0.1672222222222222,0.31705555555555553,0.13189333513052076,0.6833333333333333,3.2,0.35555555555555557,7.968696260452271
