classifier,all_fitness,best,avg,std_dev,acc,n_features,selected_rate,execution_time
knn,"[0.25416666666666665, 0.4147222222222222, 0.25083333333333335, 0.33222222222222225, 0.33222222222222225]",0.25083333333333335,0.31683333333333336,0.06056233397332285,0.6833333333333333,3.0,0.3333333333333333,10.74679741859436
svc,"[0.5005555555555555, 0.41694444444444445, 0.24972222222222223, 0.25083333333333335, 0.41694444444444445]",0.24972222222222223,0.367,0.1000747251671667,0.6333333333333334,3.6,0.4,8.236612510681152
