classifier,all_fitness,best,avg,std_dev,acc,n_features,selected_rate,execution_time
knn,"[0.1944444444444444, 0.3666666666666667, 0.6138888888888888, 0.5694444444444443, 0.29166666666666663, 0.41944444444444445, 0.20555555555555552, 0.3444444444444445, 0.28055555555555556, 0.2583333333333333]",0.1944444444444444,0.35444444444444445,0.1358000981835678,0.6666666666666667,4.9,0.5444444444444444,19.09721326828003
svc,"[0.3138888888888889, 0.1944444444444444, 0.4305555555555555, 0.20555555555555552, 0.23888888888888882, 0.1944444444444444, 0.26944444444444443, 0.5055555555555555, 0.4527777777777778, 0.4722222222222222]",0.1944444444444444,0.3277777777777778,0.1185951719709315,0.7,5.2,0.5777777777777777,14.468615221977235
