classifier,best,avg,std_dev,acc,n_features,selected_rate,execution_time
knn,0.09027777777777782,0.2530555555555556,0.11621088217461593,0.75,5.0,0.5555555555555556,14.008715677261353
svc,0.33222222222222225,0.41605555555555557,0.07479527614317186,0.5833333333333333,3.2,0.3555555555555555,10.998793697357177
