classifier,all_fitness,best,avg,std_dev,acc,n_features,selected_rate,execution_time
knn,"[0.29166666666666663, 0.20555555555555552, 0.21666666666666662, 0.33333333333333337, 0.3666666666666667, 0.3888888888888889, 0.4527777777777778, 0.3777777777777778, 0.1416666666666667, 0.3666666666666667]",0.1416666666666667,0.31416666666666665,0.09289123136333985,0.725,6.0,0.6666666666666667,1.0261898040771484
svc,"[0.1416666666666667, 0.3777777777777778, 0.1416666666666667, 0.3777777777777778, 0.22777777777777775, 0.1416666666666667, 0.6027777777777776, 0.3444444444444445, 0.3666666666666667, 0.1944444444444444]",0.1416666666666667,0.29166666666666663,0.1417973253678696,0.75,6.0,0.6666666666666667,0.7464520692825317
