classifier,all_fitness,best,avg,std_dev,acc,n_features,selected_rate,execution_time
knn,"[0.6972222222222223, 0.7611111111111111, 0.1833333333333333, 0.33333333333333337, 0.31111111111111117, 0.6222222222222223, 0.45, 0.3972222222222222, 0.32222222222222224, 0.44166666666666665]",0.1833333333333333,0.4519444444444445,0.17627424095621957,0.525,2.2,0.2444444444444444,37.79561214447021
svc,"[0.11944444444444446, 0.45, 0.32222222222222224, 0.1722222222222222, 0.32222222222222224, 0.09722222222222225, 0.4083333333333333, 0.24722222222222223, 0.10833333333333336, 0.4722222222222222]",0.09722222222222225,0.2719444444444445,0.13659466260382155,0.7250000000000001,2.2,0.24444444444444446,27.334614419937132
