classifier,all_fitness,best,avg,std_dev,acc,n_features,selected_rate,execution_time
knn,"[0.20555555555555552, 0.3444444444444445, 0.33333333333333337, 0.1305555555555556, 0.29166666666666663, 0.3666666666666667, 0.1944444444444444, 0.5055555555555555, 0.4083333333333333, 0.3444444444444445]",0.1305555555555556,0.31250000000000006,0.10524992302275711,0.7083333333333333,4.5,0.4999999999999999,13.595959901809692
svc,"[0.24722222222222223, 0.20555555555555552, 0.08611111111111115, 0.28055555555555556, 0.35555555555555557, 0.3972222222222222, 0.3444444444444445, 0.225, 0.24722222222222223, 0.4083333333333333]",0.08611111111111115,0.2797222222222222,0.09401085109420503,0.7249999999999999,2.9,0.3222222222222223,10.353945875167847
