classifier,all_fitness,best,avg,std_dev,acc,n_features,selected_rate,execution_time
knn,"[0.3666666666666667, 0.21666666666666662, 0.4305555555555555, 0.21666666666666662, 0.28055555555555556, 0.26944444444444443, 0.26944444444444443, 0.5166666666666666, 0.5055555555555555, 0.29166666666666663]",0.21666666666666662,0.33638888888888885,0.10660624735590613,0.6916666666666667,5.3,0.5888888888888888,9.98444721698761
svc,"[0.5055555555555555, 0.1527777777777778, 0.10833333333333336, 0.26944444444444443, 0.35555555555555557, 0.20555555555555552, 0.28055555555555556, 0.28055555555555556, 0.4527777777777778, 0.28055555555555556]",0.10833333333333336,0.2891666666666667,0.11700644964812522,0.7416666666666666,5.1,0.5666666666666667,7.75487642288208
