classifier,all_fitness,best,avg,std_dev,acc,n_features,selected_rate,execution_time
knn,"[0.35555555555555557, 0.33333333333333337, 0.3972222222222222, 0.48333333333333334, 0.2583333333333333]",0.2583333333333333,0.3655555555555555,0.07417446900283044,0.6333333333333333,3.2,0.3555555555555555,9.572280120849609
svc,"[0.10833333333333336, 0.3972222222222222, 0.32222222222222224, 0.3972222222222222, 0.1944444444444444]",0.10833333333333336,0.28388888888888886,0.11487244670653479,0.7166666666666667,2.6,0.28888888888888886,7.413832473754883
