classifier,all_fitness,best,avg,std_dev,acc,n_features,selected_rate,execution_time
knn,"[0.31111111111111117, 0.5472222222222222, 0.49444444444444446, 0.35555555555555557, 0.3972222222222222, 0.32222222222222224, 0.1833333333333333, 0.2361111111111111, 0.4083333333333333, 0.31111111111111117]",0.1833333333333333,0.3566666666666667,0.10465404500449312,0.6333333333333334,2.4,0.2666666666666667,9.426242566108703
svc,"[0.11944444444444446, 0.2583333333333333, 0.3861111111111111, 0.32222222222222224, 0.2583333333333333, 0.16111111111111107, 0.14999999999999997, 0.3972222222222222, 0.32222222222222224, 0.33333333333333337]",0.11944444444444446,0.27083333333333337,0.09397965697918846,0.725,2.1,0.23333333333333334,6.9262227535247805
