classifier,all_fitness,best,avg,std_dev,acc,n_features,selected_rate,execution_time
knn,"[0.3444444444444445, 0.1944444444444444, 0.26944444444444443, 0.48333333333333334, 0.33333333333333337, 0.4305555555555555, 0.44166666666666665, 0.4722222222222222, 0.48333333333333334, 0.28055555555555556]",0.1944444444444444,0.3733333333333333,0.09785666009999487,0.6333333333333334,3.9,0.4333333333333333,10.133015704154968
svc,"[0.33333333333333337, 0.2583333333333333, 0.2583333333333333, 0.32222222222222224, 0.28055555555555556, 0.2583333333333333, 0.2361111111111111, 0.32222222222222224, 0.2583333333333333, 0.1944444444444444]",0.1944444444444444,0.2722222222222222,0.04114488102507897,0.7333333333333333,2.9,0.32222222222222224,7.801790952682495
