classifier,all_fitness,best,avg,std_dev,acc,n_features,selected_rate,execution_time
knn,"[0.1694444444444444, 0.4180555555555555, 0.25305555555555553, 0.3344444444444445, 0.41694444444444445]",0.1694444444444444,0.31838888888888894,0.09628843628890732,0.6833333333333333,4.4,0.48888888888888893,10.366384840011596
svc,"[0.24972222222222223, 0.08472222222222225, 0.3344444444444445, 0.25305555555555553, 0.578611111111111]",0.08472222222222225,0.3001111111111111,0.16117485329086953,0.7,2.8,0.3111111111111111,7.90240511894226
