classifier,all_fitness,best,avg,std_dev,acc,n_features,selected_rate,execution_time
knn,"[0.25527777777777777, 0.3344444444444445, 0.33555555555555555, 0.5797222222222221, 0.17166666666666663]",0.17166666666666663,0.3353333333333333,0.13632493408881952,0.6666666666666666,4.8,0.5333333333333333,20.182408380508424
svc,"[0.25194444444444447, 0.4147222222222222, 0.33555555555555555, 0.25305555555555553, 0.25194444444444447]",0.25194444444444447,0.3014444444444445,0.06517270503425096,0.7,4.0,0.4444444444444445,15.436755609512328
