classifier,all_fitness,best,avg,std_dev,acc,n_features,selected_rate,execution_time
knn,"[0.003333333333333336, 0.49944444444444447, 0.33222222222222225, 0.33666666666666667, 0.41694444444444445]",0.003333333333333336,0.31772222222222224,0.16868759934517863,0.6833333333333333,3.8,0.42222222222222217,37.82201809883118
svc,"[0.49722222222222223, 0.1672222222222222, 0.25194444444444447, 0.33222222222222225, 0.4147222222222222]",0.1672222222222222,0.33266666666666667,0.1163613199913247,0.6666666666666667,2.4,0.2666666666666667,28.56908187866211
