classifier,best,avg,std_dev,acc,n_features,selected_rate,execution_time
knn,0.17166666666666663,0.38438888888888884,0.16142215185999445,0.6166666666666667,4.4,0.4888888888888888,10.06552987098694
svc,0.08472222222222225,0.2845,0.13417919196192662,0.7166666666666666,3.6,0.4,7.334658098220825
