classifier,best,avg,std_dev,acc,n_features,selected_rate,execution_time
knn,0.33333333333333337,0.3993333333333334,0.06114458679087756,0.6,3.0,0.33333333333333337,10.255090141296387
svc,0.16611111111111107,0.29922222222222217,0.0991875017017122,0.7000000000000001,2.0,0.22222222222222224,7.932630968093872
