classifier,best,avg,std_dev,acc,n_features,selected_rate,execution_time
knn,0.25416666666666665,0.41738888888888886,0.13712081273078355,0.5833333333333333,4.4,0.48888888888888893,17.637265110015868
svc,0.24972222222222223,0.3328888888888889,0.10366100973013723,0.6666666666666667,2.6,0.28888888888888886,13.283058071136475
