classifier,all_fitness,best,avg,std_dev,acc,n_features,selected_rate,execution_time
knn,"[0.32222222222222224, 0.2583333333333333, 0.2583333333333333, 0.4083333333333333, 0.48333333333333334]",0.2583333333333333,0.34611111111111115,0.08795691987039123,0.65,2.8,0.31111111111111106,13.641686391830444
svc,"[0.35555555555555557, 0.32222222222222224, 0.3972222222222222, 0.32222222222222224, 0.3972222222222222]",0.32222222222222224,0.35888888888888887,0.033582402799349785,0.6333333333333333,2.6,0.2888888888888889,10.74249439239502
