classifier,all_fitness,best,avg,std_dev,acc,n_features,selected_rate,execution_time
knn,"[0.5472222222222222, 0.41944444444444445, 0.1722222222222222, 0.2361111111111111, 0.5249999999999999, 0.2583333333333333, 0.24722222222222223, 0.3972222222222222, 0.4083333333333333, 0.46111111111111114]",0.1722222222222222,0.3672222222222222,0.12365199074343612,0.6166666666666667,2.0,0.22222222222222224,9.641720938682557
svc,"[0.4083333333333333, 0.3972222222222222, 0.09722222222222225, 0.32222222222222224, 0.4722222222222222, 0.33333333333333337, 0.1722222222222222, 0.32222222222222224, 0.3444444444444445, 0.48333333333333334]",0.09722222222222225,0.33527777777777784,0.11555722488110476,0.6583333333333333,2.5,0.2777777777777778,6.912596297264099
