classifier,all_fitness,best,avg,std_dev,acc,n_features,selected_rate,execution_time
knn,"[0.5005555555555555, 0.17055555555555552, 0.25416666666666665, 0.006666666666666672, 0.41916666666666663]",0.006666666666666672,0.2702222222222222,0.17600604998019137,0.7333333333333334,5.6,0.6222222222222221,10.388072729110718
svc,"[0.1694444444444444, 0.41694444444444445, 0.5005555555555555, 0.25194444444444447, 0.17055555555555552]",0.1694444444444444,0.3018888888888889,0.13415710801008507,0.7000000000000001,4.4,0.48888888888888893,8.304285383224487
