classifier,all_fitness,best,avg,std_dev,acc,n_features,selected_rate,execution_time
knn,"[0.0891666666666667, 0.25416666666666665, 0.25305555555555553, 0.33333333333333337, 0.5016666666666667]",0.0891666666666667,0.28627777777777774,0.1338612926839284,0.7166666666666666,5.2,0.5777777777777777,14.235331439971924
svc,"[0.25194444444444447, 0.17166666666666663, 0.1672222222222222, 0.41916666666666663, 0.33555555555555555]",0.1672222222222222,0.26911111111111113,0.09705976903656889,0.7333333333333334,4.6,0.5111111111111111,11.013698196411132
