classifier,all_fitness,best,avg,std_dev,acc,n_features,selected_rate,execution_time
knn,"[0.4180555555555555, 0.3344444444444445, 0.25194444444444447, 0.33333333333333337, 0.49944444444444447]",0.25194444444444447,0.3674444444444444,0.08435437447949666,0.6333333333333333,4.0,0.4444444444444445,10.402561521530151
svc,"[0.17055555555555552, 0.33333333333333337, 0.16833333333333328, 0.25194444444444447, 0.33111111111111113]",0.16833333333333328,0.25105555555555553,0.07280457521914067,0.75,3.2,0.3555555555555555,8.007674312591552
