classifier,all_fitness,best,avg,std_dev,acc,n_features,selected_rate,execution_time
knn,"[0.4083333333333333, 0.5583333333333332, 0.26944444444444443, 0.28055555555555556, 0.4305555555555555, 0.5055555555555555, 0.3444444444444445, 0.3444444444444445, 0.2583333333333333, 0.1722222222222222]",0.1722222222222222,0.3572222222222222,0.11329247629558276,0.65,3.8,0.4222222222222222,9.927284979820252
svc,"[0.24722222222222223, 0.4527777777777778, 0.3444444444444445, 0.5694444444444443, 0.3444444444444445, 0.41944444444444445, 0.1833333333333333, 0.24722222222222223, 0.32222222222222224, 0.24722222222222223]",0.1833333333333333,0.3377777777777778,0.11061137619255024,0.6666666666666667,3.4,0.37777777777777777,7.951794004440307
