classifier,all_fitness,best,avg,std_dev,acc,n_features,selected_rate,execution_time
knn,"[0.25305555555555553, 0.33555555555555555, 0.41583333333333333, 0.17055555555555552, 0.3344444444444445]",0.17055555555555552,0.30188888888888893,0.08343834124743528,0.7,4.4,0.48888888888888893,1.3585532188415528
svc,"[0.1694444444444444, 0.08583333333333337, 0.08694444444444448, 0.24972222222222223, 0.09138888888888892]",0.08583333333333337,0.1366666666666667,0.0647492790369319,0.8666666666666666,4.2,0.4666666666666666,1.3576140880584717
