classifier,best,avg,std_dev,acc,n_features,selected_rate,execution_time
knn,0.16833333333333328,0.31816666666666665,0.1098219097077257,0.6833333333333333,4.2,0.4666666666666666,4.538998079299927
svc,0.1672222222222222,0.33355555555555555,0.10506353163211463,0.6666666666666666,3.2,0.3555555555555555,4.6980634212493895
