classifier,all_fitness,best,avg,std_dev,acc,n_features,selected_rate,execution_time
knn,"[0.17055555555555552, 0.17055555555555552, 0.25083333333333335, 0.49944444444444447, 0.25083333333333335]",0.17055555555555552,0.2684444444444445,0.12095104100828426,0.7333333333333334,4.0,0.4444444444444445,64.10145268440246
svc,"[0.5797222222222221, 0.24972222222222223, 0.24972222222222223, 0.08583333333333337, 0.33333333333333337]",0.08583333333333337,0.2996666666666667,0.16141756295282622,0.7,2.4,0.26666666666666666,50.38279643058777
