classifier,best,avg,std_dev,acc,n_features,selected_rate,execution_time
knn,0.25083333333333335,0.36744444444444446,0.09918999103229949,0.6333333333333334,4.0,0.4444444444444445,34.6802218914032
svc,0.16833333333333328,0.34961111111111115,0.10898176311364223,0.65,2.8,0.31111111111111106,25.849497413635255
