classifier,all_fitness,best,avg,std_dev,acc,n_features,selected_rate,execution_time
knn,"[0.4083333333333333, 0.20555555555555552, 0.49444444444444446, 0.3444444444444445, 0.28055555555555556, 0.22777777777777775, 0.2361111111111111, 0.1944444444444444, 0.32222222222222224, 0.10833333333333336]",0.10833333333333336,0.28222222222222226,0.10739048397964654,0.7333333333333334,3.8,0.4222222222222222,10.305870985984802
svc,"[0.22777777777777775, 0.3444444444444445, 0.2583333333333333, 0.30277777777777776, 0.1722222222222222, 0.3666666666666667, 0.24722222222222223, 0.3861111111111111, 0.20555555555555552, 0.3972222222222222]",0.1722222222222222,0.29083333333333333,0.07578855006521537,0.725,3.9,0.4333333333333333,7.5712178468704225
