classifier,all_fitness,best,avg,std_dev,acc,n_features,selected_rate,execution_time
knn,"[0.1722222222222222, 0.3444444444444445, 0.4722222222222222, 0.3861111111111111, 0.48333333333333334]",0.1722222222222222,0.3716666666666667,0.112524345788197,0.6166666666666667,2.4,0.26666666666666666,10.055349779129028
svc,"[0.31111111111111117, 0.225, 0.4083333333333333, 0.3972222222222222, 0.24722222222222223]",0.225,0.3177777777777778,0.07502263033064352,0.6666666666666667,1.6,0.17777777777777776,7.9612424850463865
