classifier,best,avg,std_dev,acc,n_features,selected_rate,execution_time
knn,0.25305555555555553,0.31972222222222224,0.060758325142107675,0.6833333333333333,5.6,0.6222222222222222,1.5184423923492432
svc,0.1694444444444444,0.26822222222222225,0.061512971632106575,0.7333333333333333,3.8,0.4222222222222222,1.809053897857666
