classifier,all_fitness,best,avg,std_dev,acc,n_features,selected_rate,execution_time
knn,"[0.10833333333333336, 0.32222222222222224, 0.29166666666666663, 0.21666666666666662, 0.29166666666666663]",0.10833333333333336,0.2461111111111111,0.07719224038275245,0.7833333333333333,4.6,0.5111111111111111,1.756964635848999
svc,"[0.2583333333333333, 0.1944444444444444, 0.16111111111111107, 0.3444444444444445, 0.1305555555555556]",0.1305555555555556,0.21777777777777776,0.07622659527461853,0.8,3.4,0.37777777777777777,1.3603686809539794
