classifier,all_fitness,best,avg,std_dev,acc,n_features,selected_rate,execution_time
knn,"[0.3972222222222222, 0.26944444444444443, 0.2361111111111111, 0.5694444444444443, 0.6444444444444445, 0.3972222222222222, 0.1722222222222222, 0.24722222222222223, 0.3861111111111111, 0.41944444444444445]",0.1722222222222222,0.3738888888888888,0.14190176570822194,0.6166666666666666,2.6,0.2888888888888889,62.3182911157608
svc,"[0.1944444444444444, 0.35555555555555557, 0.1722222222222222, 0.3444444444444445, 0.08611111111111115, 0.1833333333333333, 0.26944444444444443, 0.33333333333333337, 0.32222222222222224, 0.10833333333333336]",0.08611111111111115,0.23694444444444446,0.09560601058123522,0.775,3.1,0.34444444444444444,46.60390076637268
