classifier,best,avg,std_dev,acc,n_features,selected_rate,execution_time
knn,0.25194444444444447,0.3509444444444445,0.06115670016693707,0.65,4.0,0.4444444444444445,63.51003499031067
svc,0.24972222222222223,0.35005555555555556,0.09674891137295474,0.65,3.2,0.3555555555555555,50.07102551460266
