classifier,all_fitness,best,avg,std_dev,acc,n_features,selected_rate,execution_time
knn,"[0.26944444444444443, 0.28055555555555556, 0.3444444444444445, 0.3666666666666667, 0.30277777777777776]",0.26944444444444443,0.3127777777777778,0.037209782332534136,0.7166666666666666,5.2,0.5777777777777777,10.521326541900635
svc,"[0.35555555555555557, 0.35555555555555557, 0.28055555555555556, 0.28055555555555556, 0.3444444444444445]",0.28055555555555556,0.32333333333333336,0.03516276088543703,0.7,4.8,0.5333333333333334,8.255241060256958
