classifier,all_fitness,best,avg,std_dev,acc,n_features,selected_rate,execution_time
knn,"[0.31111111111111117, 0.3861111111111111, 0.2361111111111111, 0.46111111111111114, 0.14999999999999997, 0.225, 0.24722222222222223, 0.30000000000000004, 0.75, 0.16111111111111107]",0.14999999999999997,0.3227777777777777,0.16884593752081792,0.65,0.7,0.07777777777777777,9.607720565795898
svc,"[0.225, 0.225, 0.14999999999999997, 0.31111111111111117, 0.31111111111111117, 0.14999999999999997, 0.30000000000000004, 0.225, 0.46111111111111114, 0.375]",0.14999999999999997,0.2733333333333333,0.09305514096093381,0.7,0.3,0.03333333333333333,6.795293998718262
