classifier,all_fitness,best,avg,std_dev,acc,n_features,selected_rate,execution_time
knn,"[0.26944444444444443, 0.06666666666666665, 0.4083333333333333, 0.4305555555555555, 0.3972222222222222]",0.06666666666666665,0.3144444444444444,0.1360646179097034,0.7000000000000001,4.0,0.4444444444444445,38.03040180206299
svc,"[0.1722222222222222, 0.011111111111111108, 0.09722222222222225, 0.32222222222222224, 0.16111111111111107]",0.011111111111111108,0.1527777777777778,0.10228862577512206,0.85,1.6,0.17777777777777776,29.148122692108153
