classifier,all_fitness,best,avg,std_dev,acc,n_features,selected_rate,execution_time
knn,"[0.17166666666666663, 0.16833333333333328, 0.41916666666666663, 0.49833333333333335, 0.4180555555555555]",0.16833333333333328,0.3351111111111111,0.13792427247686176,0.6666666666666667,4.6,0.5111111111111111,14.369621801376343
svc,"[0.41916666666666663, 0.002222222222222224, 0.41583333333333333, 0.4136111111111111, 0.33555555555555555]",0.002222222222222224,0.31727777777777777,0.16060431785472096,0.6833333333333333,3.4,0.37777777777777777,10.957445192337037
