classifier,all_fitness,best,avg,std_dev,acc,n_features,selected_rate,execution_time
knn,"[0.4147222222222222, 0.41694444444444445, 0.17277777777777772, 0.25305555555555553, 0.08694444444444448]",0.08694444444444448,0.2688888888888889,0.1309806318732885,0.7333333333333333,4.4,0.48888888888888893,38.10194420814514
svc,"[0.24972222222222223, 0.08472222222222225, 0.25194444444444447, 0.33555555555555555, 0.4147222222222222]",0.08472222222222225,0.2673333333333333,0.10979211557291037,0.7333333333333333,3.0,0.3333333333333333,28.990621042251586
