classifier,all_fitness,best,avg,std_dev,acc,n_features,selected_rate,execution_time
knn,"[0.28055555555555556, 0.3444444444444445, 0.2583333333333333, 0.1833333333333333, 0.16111111111111107, 0.35555555555555557, 0.44166666666666665, 0.5472222222222222, 0.26944444444444443, 0.29166666666666663]",0.16111111111111107,0.3133333333333333,0.1097682744424548,0.7,3.9,0.4333333333333334,1.8159955739974976
svc,"[0.20555555555555552, 0.4527777777777778, 0.11944444444444446, 0.1305555555555556, 0.44166666666666665, 0.29166666666666663, 0.28055555555555556, 0.28055555555555556, 0.2583333333333333, 0.35555555555555557]",0.11944444444444446,0.2816666666666666,0.10767033590812235,0.7500000000000001,5.1,0.5666666666666667,1.6500263929367065
