classifier,all_fitness,best,avg,std_dev,acc,n_features,selected_rate,execution_time
knn,"[0.3972222222222222, 0.4083333333333333, 0.09722222222222225, 0.24722222222222223, 0.4722222222222222, 0.32222222222222224, 0.3972222222222222, 0.49444444444444446, 0.4722222222222222, 0.09722222222222225]",0.09722222222222225,0.3405555555555556,0.14029950326812973,0.65,2.3,0.2555555555555556,16.279818224906922
svc,"[0.6222222222222223, 0.31111111111111117, 0.32222222222222224, 0.16111111111111107, 0.09722222222222225, 0.5472222222222222, 0.33333333333333337, 0.24722222222222223, 0.3972222222222222, 0.3972222222222222]",0.09722222222222225,0.34361111111111114,0.15157633655181516,0.6416666666666666,1.9,0.2111111111111111,12.555218362808228
