classifier,all_fitness,best,avg,std_dev,acc,n_features,selected_rate,execution_time
knn,"[0.3972222222222222, 0.32222222222222224, 0.32222222222222224, 0.33333333333333337, 0.2583333333333333, 0.3972222222222222, 0.375, 0.41944444444444445, 0.2361111111111111, 0.3972222222222222]",0.2361111111111111,0.3458333333333333,0.05929433279188297,0.6416666666666666,2.1,0.23333333333333334,16.948171401023863
svc,"[0.16111111111111107, 0.1722222222222222, 0.1722222222222222, 0.2583333333333333, 0.2361111111111111, 0.4722222222222222, 0.1833333333333333, 0.33333333333333337, 0.24722222222222223, 0.09722222222222225]",0.09722222222222225,0.2333333333333333,0.10079927493370425,0.7666666666666667,2.1,0.23333333333333334,12.733658456802369
