classifier,all_fitness,best,avg,std_dev,acc,n_features,selected_rate,execution_time
knn,"[0.3444444444444445, 0.3972222222222222, 0.3861111111111111, 0.3444444444444445, 0.09722222222222225]",0.09722222222222225,0.31388888888888894,0.11042845848984963,0.6833333333333333,2.6,0.28888888888888886,9.802483367919923
svc,"[0.1833333333333333, 0.375, 0.3861111111111111, 0.48333333333333334, 0.24722222222222223]",0.1833333333333333,0.335,0.1066984906230382,0.65,1.8,0.19999999999999998,8.024135780334472
