classifier,all_fitness,best,avg,std_dev,acc,n_features,selected_rate,execution_time
knn,"[0.3344444444444445, 0.49944444444444447, 0.1694444444444444, 0.33555555555555555, 0.3344444444444445]",0.1694444444444444,0.3346666666666667,0.10435610921677849,0.6666666666666666,4.2,0.4666666666666666,64.27416400909424
svc,"[0.33333333333333337, 0.33222222222222225, 0.33222222222222225, 0.4147222222222222, 0.3344444444444445]",0.33222222222222225,0.3493888888888889,0.03267705806000272,0.65,2.6,0.28888888888888886,50.832009077072144
