classifier,all_fitness,best,avg,std_dev,acc,n_features,selected_rate,execution_time
knn,"[0.3861111111111111, 0.31111111111111117, 0.48333333333333334, 0.1722222222222222, 0.33333333333333337]",0.1722222222222222,0.33722222222222226,0.10164693190368365,0.65,2.0,0.22222222222222224,17.219072532653808
svc,"[0.24722222222222223, 0.16111111111111107, 0.16111111111111107, 0.32222222222222224, 0.1722222222222222]",0.16111111111111107,0.2127777777777778,0.0634793638092698,0.7833333333333334,1.6,0.17777777777777776,13.079470157623291
