classifier,all_fitness,best,avg,std_dev,acc,n_features,selected_rate,execution_time
knn,"[0.08583333333333337, 0.33222222222222225, 0.49944444444444447, 0.33666666666666667, 0.4180555555555555]",0.08583333333333337,0.3344444444444445,0.13858800742657762,0.6666666666666666,4.0,0.4444444444444445,10.47243275642395
svc,"[0.24861111111111112, 0.25194444444444447, 0.33555555555555555, 0.24972222222222223, 0.25083333333333335]",0.24861111111111112,0.26733333333333337,0.03412920258570074,0.7333333333333333,3.0,0.33333333333333337,8.103474998474121
