classifier,best,avg,std_dev,acc,n_features,selected_rate,execution_time
knn,0.1672222222222222,0.31683333333333336,0.1218571061571202,0.6833333333333333,3.0,0.3333333333333333,10.671101760864257
svc,0.24972222222222223,0.3166111111111111,0.06197605073088742,0.6833333333333333,2.8,0.3111111111111111,8.300237464904786
