classifier,all_fitness,best,avg,std_dev,acc,n_features,selected_rate,execution_time
knn,"[0.25083333333333335, 0.3344444444444445, 0.41694444444444445, 0.1694444444444444, 0.16833333333333328]",0.16833333333333328,0.2679999999999999,0.0964786485686322,0.7333333333333334,3.6,0.39999999999999997,10.013608264923096
svc,"[0.41583333333333333, 0.41694444444444445, 0.1672222222222222, 0.4136111111111111, 0.16833333333333328]",0.1672222222222222,0.3163888888888889,0.12134572077587774,0.6833333333333333,2.6,0.28888888888888886,7.334928560256958
