classifier,best,avg,std_dev,acc,n_features,selected_rate,execution_time
knn,0.08472222222222225,0.4472777777777777,0.3071451279601056,0.55,1.6,0.17777777777777776,10.372501373291016
svc,0.08472222222222225,0.2677777777777778,0.1693141575610772,0.7333333333333333,3.4,0.37777777777777777,7.297589063644409
