classifier,all_fitness,best,avg,std_dev,acc,n_features,selected_rate,execution_time
knn,"[0.49944444444444447, 0.25305555555555553, 0.17166666666666663, 0.5819444444444444, 0.49944444444444447]",0.17166666666666663,0.4011111111111111,0.1591256006748237,0.6,4.6,0.5111111111111111,1.8994801044464111
svc,"[0.4180555555555555, 0.34, 0.33555555555555555, 0.17055555555555552, 0.17166666666666663]",0.17055555555555552,0.2871666666666667,0.0991999477299743,0.7166666666666667,6.0,0.6666666666666667,1.3507025241851807
