classifier,all_fitness,best,avg,std_dev,acc,n_features,selected_rate,execution_time
knn,"[0.29166666666666663, 0.48333333333333334, 0.5583333333333332, 0.33333333333333337, 0.4305555555555555]",0.29166666666666663,0.4194444444444444,0.09719840978224657,0.5833333333333334,4.0,0.4444444444444445,18.959377336502076
svc,"[0.26944444444444443, 0.2583333333333333, 0.2583333333333333, 0.4722222222222222, 0.4083333333333333]",0.2583333333333333,0.3333333333333333,0.08971835216971712,0.6666666666666667,3.0,0.33333333333333326,15.151231908798218
