classifier,all_fitness,best,avg,std_dev,acc,n_features,selected_rate,execution_time
knn,"[0.4083333333333333, 0.24722222222222223, 0.33333333333333337, 0.26944444444444443, 0.5166666666666666, 0.3444444444444445, 0.48333333333333334, 0.4083333333333333, 0.4305555555555555, 0.26944444444444443]",0.24722222222222223,0.37111111111111106,0.08845554090077896,0.6333333333333333,3.7,0.4111111111111111,9.683702826499939
svc,"[0.26944444444444443, 0.20555555555555552, 0.3666666666666667, 0.11944444444444446, 0.24722222222222223, 0.26944444444444443, 0.28055555555555556, 0.4305555555555555, 0.4083333333333333, 0.1722222222222222]",0.11944444444444446,0.2769444444444444,0.09528263674037117,0.7416666666666666,4.0,0.4444444444444445,7.562680768966675
