classifier,all_fitness,best,avg,std_dev,acc,n_features,selected_rate,execution_time
knn,"[0.33555555555555555, 0.33666666666666667, 0.33555555555555555, 0.33555555555555555, 0.5016666666666667]",0.33555555555555555,0.36900000000000005,0.06633472918687691,0.6333333333333333,5.4,0.6,10.754241466522217
svc,"[0.5027777777777778, 0.08694444444444448, 0.25083333333333335, 0.41694444444444445, 0.33555555555555555]",0.08694444444444448,0.3186111111111111,0.14292458945753503,0.6833333333333333,4.6,0.5111111111111111,8.315174055099487
