classifier,all_fitness,best,avg,std_dev,acc,n_features,selected_rate,execution_time
knn,"[0.32222222222222224, 0.1944444444444444, 0.33333333333333337, 0.33333333333333337, 0.26944444444444443, 0.225, 0.16111111111111107, 0.5472222222222222, 0.24722222222222223, 0.1944444444444444]",0.16111111111111107,0.28277777777777774,0.10572938902549142,0.7166666666666666,2.5,0.2777777777777778,61.00558123588562
svc,"[0.1833333333333333, 0.10833333333333336, 0.48333333333333334, 0.11944444444444446, 0.24722222222222223, 0.3861111111111111, 0.10833333333333336, 0.1833333333333333, 0.24722222222222223, 0.41944444444444445]",0.10833333333333336,0.24861111111111106,0.12951863634432625,0.7583333333333333,2.8,0.31111111111111106,46.60997087955475
