classifier,all_fitness,best,avg,std_dev,acc,n_features,selected_rate,execution_time
knn,"[0.5830555555555554, 0.4180555555555555, 0.4136111111111111, 0.1694444444444444, 0.4147222222222222]",0.1694444444444444,0.39977777777777773,0.1322066283988537,0.6000000000000001,3.4,0.37777777777777777,17.83104395866394
svc,"[0.08583333333333337, 0.24972222222222223, 0.25194444444444447, 0.4147222222222222, 0.17055555555555552]",0.08583333333333337,0.23455555555555557,0.10881794741223685,0.7666666666666667,3.2,0.35555555555555557,13.287690210342408
