classifier,all_fitness,best,avg,std_dev,acc,n_features,selected_rate,execution_time
knn,"[0.3444444444444445, 0.3444444444444445, 0.10833333333333336, 0.28055555555555556, 0.3972222222222222, 0.49444444444444446, 0.3444444444444445, 0.20555555555555552, 0.3444444444444445, 0.31111111111111117]",0.10833333333333336,0.31750000000000006,0.09912464095493333,0.6916666666666668,3.6,0.39999999999999997,9.717416405677795
svc,"[0.3972222222222222, 0.48333333333333334, 0.33333333333333337, 0.1944444444444444, 0.3666666666666667, 0.33333333333333337, 0.41944444444444445, 0.2361111111111111, 0.30277777777777776, 0.26944444444444443]",0.1944444444444444,0.3336111111111111,0.08298491979619096,0.675,3.7,0.4111111111111111,7.553970909118652
