classifier,all_fitness,best,avg,std_dev,acc,n_features,selected_rate,execution_time
knn,"[0.5166666666666666, 0.29166666666666663, 0.28055555555555556, 0.44166666666666665, 0.20555555555555552]",0.20555555555555552,0.3472222222222222,0.11422038476688956,0.6833333333333333,5.6,0.6222222222222221,1.0961938381195069
svc,"[0.35555555555555557, 0.29166666666666663, 0.28055555555555556, 0.3777777777777778, 0.3444444444444445]",0.28055555555555556,0.33,0.0375729742642465,0.7,5.4,0.6,0.7998440742492676
