classifier,all_fitness,best,avg,std_dev,acc,n_features,selected_rate,execution_time
knn,"[0.25083333333333335, 0.33666666666666667, 0.505, 0.25194444444444447, 0.49944444444444447]",0.25083333333333335,0.36877777777777776,0.11333341503265029,0.6333333333333333,5.2,0.5777777777777778,10.826315641403198
svc,"[0.41583333333333333, 0.33555555555555555, 0.24972222222222223, 0.4147222222222222, 0.08472222222222225]",0.08472222222222225,0.3001111111111111,0.12386691384578453,0.7,2.8,0.31111111111111117,8.423534250259399
