classifier,all_fitness,best,avg,std_dev,acc,n_features,selected_rate,execution_time
knn,"[0.3388888888888889, 0.5016666666666667, 0.42027777777777775, 0.4147222222222222, 0.25305555555555553]",0.25305555555555553,0.3857222222222222,0.08399048299996793,0.6166666666666667,5.6,0.6222222222222221,19.85708441734314
svc,"[0.25305555555555553, 0.33666666666666667, 0.33666666666666667, 0.33555555555555555, 0.1672222222222222]",0.1672222222222222,0.28583333333333333,0.06750308634919347,0.7166666666666666,4.8,0.5333333333333334,15.32527437210083
