classifier,best,avg,std_dev,acc,n_features,selected_rate,execution_time
knn,0.1694444444444444,0.3348888888888889,0.10436131443507833,0.6666666666666666,4.4,0.4888888888888888,19.70910792350769
svc,0.24972222222222223,0.3337777777777778,0.0535904105112606,0.6666666666666666,3.4,0.37777777777777777,15.233617639541626
