classifier,all_fitness,best,avg,std_dev,acc,n_features,selected_rate,execution_time
knn,"[0.1944444444444444, 0.10833333333333336, 0.1944444444444444, 0.28055555555555556, 0.33333333333333337, 0.1833333333333333, 0.2583333333333333, 0.4305555555555555, 0.41944444444444445, 0.5055555555555555]",0.10833333333333336,0.29083333333333333,0.12189381383750306,0.725,3.9,0.4333333333333333,9.60486159324646
svc,"[0.3444444444444445, 0.5694444444444443, 0.35555555555555557, 0.2583333333333333, 0.6444444444444445, 0.1833333333333333, 0.49444444444444446, 0.5583333333333332, 0.4083333333333333, 0.29166666666666663]",0.1833333333333333,0.41083333333333333,0.14323451589337632,0.5916666666666667,3.9,0.4333333333333333,7.474920320510864
