classifier,all_fitness,best,avg,std_dev,acc,n_features,selected_rate,execution_time
knn,"[0.25083333333333335, 0.24972222222222223, 0.49944444444444447, 0.16833333333333328, 0.33222222222222225]",0.16833333333333328,0.3001111111111111,0.11233665782529775,0.7,2.8,0.31111111111111106,10.459452962875366
svc,"[0.24972222222222223, 0.33222222222222225, 0.33111111111111113, 0.4147222222222222, 0.1672222222222222]",0.1672222222222222,0.29900000000000004,0.0840477891690051,0.7,1.8,0.2,7.240466976165772
