classifier,best,avg,std_dev,acc,n_features,selected_rate,execution_time
knn,0.17166666666666663,0.3694444444444444,0.1331472080531382,0.6333333333333334,5.8,0.6444444444444444,6.316122579574585
svc,0.1672222222222222,0.3674444444444444,0.14486822449776834,0.6333333333333334,4.0,0.4444444444444445,4.741088628768921
