classifier,best,avg,std_dev,acc,n_features,selected_rate,execution_time
knn,0.1694444444444444,0.33444444444444443,0.21445430317004166,0.6666666666666667,4.0,0.44444444444444436,10.213571500778198
svc,0.16833333333333328,0.2845,0.06595789902994521,0.7166666666666666,3.6,0.4,8.081001329421998
