classifier,all_fitness,best,avg,std_dev,acc,n_features,selected_rate,execution_time
knn,"[0.1722222222222222, 0.31111111111111117, 0.45, 0.30000000000000004, 0.08611111111111115, 0.225, 0.30000000000000004, 0.30000000000000004, 0.375, 0.225]",0.08611111111111115,0.2744444444444445,0.09749010712710456,0.7,0.4,0.04444444444444444,11.099650859832764
svc,"[0.0, 0.30000000000000004, 0.14999999999999997, 0.3861111111111111, 0.375, 0.30000000000000004, 0.3861111111111111, 0.225, 0.32222222222222224, 0.16111111111111107]",0.0,0.26055555555555554,0.11950127846828903,0.7166666666666666,0.5,0.05555555555555556,6.98547580242157
