classifier,best,avg,std_dev,acc,n_features,selected_rate,execution_time
knn,0.14495798319327738,0.23889075630252102,0.06493962800666221,0.7619047619047619,10.8,0.31764705882352945,567.5954593658447
svc,0.07394957983193275,0.18196470588235297,0.12087720471682803,0.82,12.8,0.3764705882352941,41.337829208374025
