classifier,best,avg,std_dev,acc,n_features,selected_rate,execution_time
knn,0.0745378151260504,0.22498319327731092,0.10831567882452461,0.7761904761904762,11.6,0.34117647058823525,146.73984565734864
svc,0.003823529411764709,0.1296957983193277,0.1044077109809434,0.8723809523809523,11.4,0.3352941176470588,9.199611949920655
