classifier,best,avg,std_dev,acc,n_features,selected_rate,execution_time
knn,0.14672268907563032,0.2675260504201681,0.10995726276885465,0.7352380952380952,18.4,0.5411764705882354,2.690436363220215
svc,0.0050000000000000044,0.14295126050420173,0.0948545140753848,0.8609523809523809,18.0,0.5294117647058824,1.275222110748291
