classifier,best,avg,std_dev,acc,n_features,selected_rate,execution_time
knn,0.1464285714285715,0.1871445378151261,0.05178156589994504,0.818095238095238,24.0,0.7058823529411765,4.627149629592895
svc,0.005882352941176476,0.1028218487394958,0.0720853554114682,0.900952380952381,16.2,0.4764705882352941,1.4061750411987304
