classifier,best,avg,std_dev,acc,n_features,selected_rate,execution_time
knn,0.07542016806722687,0.25515294117647064,0.1047788080343172,0.7466666666666666,14.8,0.4352941176470589,0.2313239574432373
svc,0.0050000000000000044,0.14748739495798321,0.17909271495738893,0.8571428571428571,20.6,0.6058823529411764,0.35901660919189454
