classifier,all_fitness,best,avg,std_dev,acc,n_features,selected_rate,execution_time
knn,"[0.5870588235294117, 0.4070588235294118, 0.04117647058823528, 0.9411764705882353, 0.2270588235294117, 0.4011764705882353, 0.39529411764705885, 0.39529411764705885, 0.4070588235294118, 0.4070588235294118]",0.04117647058823528,0.42094117647058826,0.21962144215597731,0.5799999999999998,7.3,0.4294117647058823,8.97483732700348
svc,"[0.22117647058823525, 0.39529411764705885, 0.2270588235294117, 0.04117647058823528, 0.7611764705882353, 0.05294117647058823, 0.22117647058823525, 0.3835294117647059, 0.04117647058823528, 0.4011764705882353]",0.04117647058823528,0.2745882352941177,0.21101776766399602,0.74,6.9,0.40588235294117647,10.964967751502991
