classifier,best,avg,std_dev,acc,n_features,selected_rate,execution_time
knn,0.008823529411764713,0.5339941176470588,0.2948904443803685,0.47000000000000003,15.8,0.9294117647058824,0.7665268421173096
svc,0.40482352941176475,0.6826117647058823,0.1388948027406846,0.32,16.0,0.9411764705882352,0.7157395839691162
