classifier,all_fitness,best,avg,std_dev,acc,n_features,selected_rate,execution_time
knn,"[0.07058823529411763, 0.23882352941176466, 0.4541176470588235, 0.7964705882352942, 0.268235294117647, 0.0764705882352941, 0.8200000000000001, 0.0764705882352941, 0.25647058823529406, 0.4423529411764706]",0.07058823529411763,0.35,0.26364873874048095,0.7,13.6,0.8,5.348227834701538
svc,"[0.4423529411764706, 0.46, 0.6341176470588236, 0.4070588235294118, 0.2623529411764705, 0.6282352941176471, 0.23882352941176466, 0.27411764705882347, 0.8141176470588236, 0.6047058823529412]",0.23882352941176466,0.47658823529411765,0.181068302316574,0.56,13.7,0.8058823529411765,6.278843832015991
