classifier,all_fitness,best,avg,std_dev,acc,n_features,selected_rate,execution_time
knn,"[0.20682352941176466, 0.5014705882352941, 0.5014705882352941, 0.5038235294117647, 0.5002941176470588]",0.20682352941176466,0.4427764705882353,0.11798204308855431,0.5599999999999999,12.2,0.7176470588235293,6.007925033569336
svc,"[0.20682352941176466, 0.5038235294117647, 0.2545588235294118, 0.5002941176470588, 0.2551470588235294]",0.20682352941176466,0.34412941176470585,0.13014090925983182,0.6599999999999999,12.8,0.7529411764705882,6.75183629989624
