classifier,all_fitness,best,avg,std_dev,acc,n_features,selected_rate,execution_time
knn,"[0.6282352941176471, 0.9823529411764705, 0.31323529411764706, 0.7573529411764706, 0.0941176470588235]",0.0941176470588235,0.5550588235294118,0.31616557573568443,0.48,14.8,0.8705882352941176,0.3854648590087891
svc,"[0.64, 0.0941176470588235, 0.08823529411764704, 0.5147058823529411, 0.5441176470588235]",0.08823529411764704,0.376235294117647,0.2364169093303206,0.6799999999999999,15.0,0.8823529411764705,0.6146062850952149
