classifier,all_fitness,best,avg,std_dev,acc,n_features,selected_rate,execution_time
knn,"[0.20941176470588233, 0.017647058823529408, 0.47352941176470587, 0.023529411764705875, 0.4676470588235294]",0.017647058823529408,0.2383529411764706,0.2017828494671942,0.76,3.8,0.2235294117647059,16.329709815979005
svc,"[0.20941176470588233, 0.2426470588235294, 0.26029411764705884, 0.698529411764706, 0.4676470588235294]",0.20941176470588233,0.3757058823529412,0.18511967512300542,0.61,4.2,0.24705882352941178,21.126136302947998
