classifier,best,avg,std_dev,acc,n_features,selected_rate,execution_time
knn,0.20035294117647054,0.388335294117647,0.20618174080702326,0.61,3.8,0.2235294117647059,5.260979223251343
svc,0.0035294117647058855,0.41932941176470584,0.26263041472853904,0.58,6.0,0.35294117647058826,5.673929500579834
