classifier,all_fitness,best,avg,std_dev,acc,n_features,selected_rate,execution_time
knn,"[0.39835294117647063, 0.4973529411764706, 0.7436764705882353, 0.4973529411764706, 0.7460294117647058]",0.39835294117647063,0.5765529411764707,0.14209367907552392,0.42000000000000004,4.0,0.23529411764705882,5.84116759300232
svc,"[0.002941176470588238, 0.2510294117647059, 0.7442647058823528, 0.49676470588235294, 0.7448529411764705]",0.002941176470588238,0.4479705882352941,0.28814829719516055,0.55,4.2,0.24705882352941178,5.965429401397705
