classifier,best,avg,std_dev,acc,n_features,selected_rate,execution_time
knn,0.0035294117647058855,0.33069999999999994,0.24451347738486187,0.67,6.8,0.4,10.098920440673828
svc,0.2510294117647059,0.3807882352941177,0.11216037917838655,0.62,7.8,0.4588235294117647,11.766554069519042
