classifier,all_fitness,best,avg,std_dev,acc,n_features,selected_rate,execution_time
knn,"[0.21529411764705877, 0.5811764705882353, 0.21529411764705877, 0.20941176470588233, 0.5811764705882353, 0.39529411764705885, 0.4011764705882353, 0.23882352941176466, 0.4070588235294118, 0.4011764705882353]",0.20941176470588233,0.36458823529411766,0.13554294254352164,0.6399999999999999,6.9,0.40588235294117647,4.613035202026367
svc,"[0.3894117647058824, 0.035294117647058816, 0.21529411764705877, 0.023529411764705875, 0.04705882352941175, 0.4011764705882353, 0.017647058823529408, 0.41882352941176476, 0.20941176470588233, 0.20941176470588233]",0.017647058823529408,0.1967058823529412,0.15474126189057621,0.8200000000000001,5.9,0.34705882352941175,5.174548077583313
