classifier,all_fitness,best,avg,std_dev,acc,n_features,selected_rate,execution_time
knn,"[0.563529411764706, 0.26029411764705884, 0.2485294117647059, 0.47941176470588237, 0.7279411764705883]",0.2485294117647059,0.45594117647058835,0.18297951177687577,0.53,5.6,0.32941176470588235,26.981196069717406
svc,"[0.19764705882352937, 0.7220588235294118, 0.4852941176470588, 0.26029411764705884, 0.26029411764705884]",0.19764705882352937,0.3851176470588235,0.19487007471841655,0.61,5.8,0.3411764705882353,37.51347470283508
