classifier,all_fitness,best,avg,std_dev,acc,n_features,selected_rate,execution_time
knn,"[0.27411764705882347, 0.3191176470588235, 0.30735294117647055, 0.5441176470588235, 0.9941176470588236]",0.27411764705882347,0.4877647058823529,0.2706304698497061,0.5599999999999999,15.6,0.9176470588235295,0.7054177761077881
svc,"[0.4423529411764706, 0.9882352941176471, 0.5441176470588235, 0.9882352941176471, 0.7514705882352941]",0.4423529411764706,0.7428823529411764,0.22373878738989128,0.27,14.6,0.8588235294117647,0.7250892639160156
