classifier,all_fitness,best,avg,std_dev,acc,n_features,selected_rate,execution_time
knn,"[0.5576470588235295, 0.7376470588235295, 0.19764705882352937, 0.743529411764706, 0.5576470588235295, 0.4011764705882353, 0.3894117647058824, 0.1917647058823529, 0.20352941176470585, 0.5576470588235295]",0.1917647058823529,0.45376470588235296,0.20017297018598593,0.52,3.7,0.2176470588235294,6.54978392124176
svc,"[0.19764705882352937, 0.035294117647058816, 0.5694117647058824, 0.3835294117647059, 0.19764705882352937, 0.371764705882353, 0.19764705882352937, 0.19764705882352937, 0.5576470588235295, 0.5694117647058824]",0.035294117647058816,0.3277647058823529,0.1810910417384689,0.66,3.7,0.21764705882352944,7.262957644462586
