classifier,all_fitness,best,avg,std_dev,acc,n_features,selected_rate,execution_time
knn,"[0.44823529411764707, 0.9941176470588236, 0.6282352941176471, 0.08235294117647056, 0.8141176470588236, 0.6223529411764706, 0.6282352941176471, 0.4423529411764706, 0.6282352941176471, 0.8200000000000001]",0.08235294117647056,0.6108235294117648,0.2381467082940268,0.42000000000000004,15.1,0.8882352941176471,5.954898190498352
svc,"[0.9882352941176471, 0.6341176470588236, 0.27411764705882347, 0.27411764705882347, 0.6223529411764706, 0.08823529411764704, 0.6341176470588236, 0.0764705882352941, 0.27411764705882347, 0.8141176470588236]",0.0764705882352941,0.46799999999999997,0.2966049182138599,0.58,15.3,0.9,6.567667412757873
