classifier,all_fitness,best,avg,std_dev,acc,n_features,selected_rate,execution_time
knn,"[0.2270588235294117, 0.7611764705882353, 0.04705882352941175, 0.39529411764705885, 0.5929411764705883, 0.7552941176470589, 0.4070588235294118, 0.7552941176470589, 0.39529411764705885, 0.5870588235294117]",0.04705882352941175,0.4923529411764706,0.2290006875074674,0.5,7.2,0.4235294117647059,8.991844940185548
svc,"[0.04117647058823528, 0.5694117647058824, 0.22117647058823525, 0.04117647058823528, 0.4070588235294118, 0.035294117647058816, 0.21529411764705877, 0.05294117647058823, 0.04117647058823528, 0.41882352941176476]",0.035294117647058816,0.20435294117647057,0.18765502472488788,0.8200000000000001,7.2,0.4235294117647059,11.039531803131103
