classifier,all_fitness,best,avg,std_dev,acc,n_features,selected_rate,execution_time
knn,"[0.3995294117647059, 0.2504411764705882, 0.24926470588235294, 0.24926470588235294, 0.2504411764705882]",0.24926470588235294,0.27978823529411767,0.05987289998195458,0.72,4.4,0.25882352941176473,5.838070678710937
svc,"[0.5969411764705882, 0.0017647058823529428, 0.7442647058823528, 0.7448529411764705, 0.9923529411764705]",0.0017647058823529428,0.616035294117647,0.3323686750049822,0.38,3.8,0.2235294117647059,5.894296932220459
