classifier,all_fitness,best,avg,std_dev,acc,n_features,selected_rate,execution_time
knn,"[0.20211764705882349, 0.4979411764705882, 0.49970588235294117, 0.5002941176470588, 0.4985294117647059]",0.20211764705882349,0.4397176470588235,0.11880291259696664,0.5599999999999999,7.0,0.4117647058823529,10.09982509613037
svc,"[0.40188235294117647, 0.00470588235294118, 0.5002941176470588, 0.004117647058823533, 0.49970588235294117]",0.004117647058823533,0.28214117647058823,0.22957808330104143,0.72,8.4,0.49411764705882355,11.816706323623658
