classifier,all_fitness,best,avg,std_dev,acc,n_features,selected_rate,execution_time
knn,"[0.37764705882352945, 0.1917647058823529, 0.371764705882353, 0.37764705882352945, 0.37764705882352945, 0.731764705882353, 0.19764705882352937, 0.1917647058823529, 0.7376470588235295, 0.731764705882353]",0.1917647058823529,0.42870588235294116,0.21351058092303057,0.54,2.5,0.14705882352941177,17.88812084197998
svc,"[0.1917647058823529, 0.017647058823529408, 0.371764705882353, 0.37764705882352945, 0.011764705882352938, 0.19764705882352937, 0.37764705882352945, 0.1917647058823529, 0.37764705882352945, 0.1917647058823529]",0.011764705882352938,0.23070588235294118,0.135515368962024,0.76,2.5,0.14705882352941177,19.092559099197388
