classifier,all_fitness,best,avg,std_dev,acc,n_features,selected_rate,execution_time
knn,"[0.44823529411764707, 0.268235294117647, 0.0941176470588235, 0.64, 1.0, 0.64, 0.6282352941176471, 0.6341176470588236, 0.27411764705882347, 0.43058823529411766]",0.0941176470588235,0.505764705882353,0.24500516201044564,0.5399999999999999,15.6,0.9176470588235294,0.4605672597885132
svc,"[0.268235294117647, 0.268235294117647, 0.44823529411764707, 0.4541176470588235, 0.6282352941176471, 0.8141176470588236, 0.46, 0.268235294117647, 0.08823529411764704, 0.6282352941176471]",0.08823529411764704,0.43258823529411766,0.20571694195571855,0.62,15.4,0.9058823529411765,0.5756234884262085
