classifier,all_fitness,best,avg,std_dev,acc,n_features,selected_rate,execution_time
knn,"[0.0035294117647058855, 0.24985294117647058, 0.002941176470588238, 0.4985294117647059, 0.002941176470588238]",0.002941176470588238,0.15155882352941177,0.198059303970486,0.85,5.2,0.3058823529411765,5.197475528717041
svc,"[0.4001176470588236, 0.2504411764705882, 0.4979411764705882, 0.25161764705882356, 0.24985294117647058]",0.24985294117647058,0.32999411764705877,0.10199771929060192,0.67,5.6,0.32941176470588235,5.479399156570435
