classifier,all_fitness,best,avg,std_dev,acc,n_features,selected_rate,execution_time
knn,"[0.40541176470588236, 0.25691176470588234, 0.25691176470588234, 0.00941176470588236, 0.5038235294117647]",0.00941176470588236,0.2864941176470588,0.16727124171386504,0.72,15.8,0.9294117647058823,2.6647573471069337
svc,"[0.20799999999999996, 0.505, 0.5032352941176471, 0.505, 0.7519117647058823]",0.20799999999999996,0.49462941176470593,0.17241797367751086,0.51,16.2,0.9529411764705882,0.7524502754211426
