classifier,all_fitness,best,avg,std_dev,acc,n_features,selected_rate,execution_time
knn,"[0.5694117647058824, 0.39529411764705885, 0.3894117647058824, 0.9294117647058824, 0.39529411764705885, 0.20352941176470585, 0.5694117647058824, 0.20352941176470585, 0.39529411764705885, 0.4070588235294118]",0.20352941176470585,0.44576470588235295,0.19853543345987473,0.5399999999999999,5.4,0.31764705882352945,8.02717821598053
svc,"[0.04117647058823528, 0.22117647058823525, 0.035294117647058816, 0.39529411764705885, 0.5929411764705883, 0.22117647058823525, 0.39529411764705885, 0.21529411764705877, 0.5752941176470588, 0.5870588235294117]",0.035294117647058816,0.32799999999999996,0.2027279698457652,0.68,6.8,0.4,9.064337420463563
