classifier,all_fitness,best,avg,std_dev,acc,n_features,selected_rate,execution_time
knn,"[0.7494117647058824, 0.27205882352941174, 0.49117647058823527, 0.4852941176470588, 0.27205882352941174]",0.27205882352941174,0.454,0.17654161315811806,0.54,6.8,0.4,4.0484405040740965
svc,"[0.41882352941176476, 0.7220588235294118, 0.6926470588235295, 0.7044117647058824, 0.49117647058823527]",0.41882352941176476,0.6058235294117648,0.12560378743766099,0.37,6.6,0.3882352941176471,5.468928956985474
