classifier,all_fitness,best,avg,std_dev,acc,n_features,selected_rate,execution_time
knn,"[0.19764705882352937, 0.563529411764706, 0.563529411764706, 0.37764705882352945, 0.20941176470588233, 0.563529411764706, 0.20352941176470585, 0.20352941176470585, 0.563529411764706, 0.3835294117647059]",0.19764705882352937,0.3829411764705883,0.16102805532600878,0.6,3.9,0.22941176470588234,29.57125413417816
svc,"[0.3835294117647059, 0.5694117647058824, 0.023529411764705875, 0.3835294117647059, 0.3835294117647059, 0.563529411764706, 0.3894117647058824, 0.563529411764706, 0.3835294117647059, 0.743529411764706]",0.023529411764705875,0.43870588235294133,0.18114701823251986,0.5399999999999999,4.2,0.24705882352941178,34.73394520282746
