classifier,all_fitness,best,avg,std_dev,acc,n_features,selected_rate,execution_time
knn,"[0.43647058823529417, 0.5088235294117647, 0.5029411764705882, 0.7279411764705883, 0.31323529411764706]",0.31323529411764706,0.49788235294117644,0.13486163612997576,0.52,11.2,0.6588235294117647,5.326684522628784
svc,"[0.24470588235294113, 0.26029411764705884, 0.0941176470588235, 0.5264705882352941, 0.5323529411764706]",0.0941176470588235,0.33158823529411763,0.17164455910771037,0.71,12.0,0.7058823529411764,6.683027744293213
