classifier,all_fitness,best,avg,std_dev,acc,n_features,selected_rate,execution_time
knn,"[0.023529411764705875, 0.6926470588235295, 0.7044117647058824, 0.6926470588235295, 0.023529411764705875]",0.023529411764705875,0.42735294117647066,0.3297485148487901,0.55,3.8,0.2235294117647059,7.534497928619385
svc,"[0.20941176470588233, 0.2485294117647059, 0.4852941176470588, 0.47352941176470587, 0.2485294117647059]",0.20941176470588233,0.33305882352941174,0.12040482465129028,0.6599999999999999,4.6,0.2705882352941177,9.700036430358887
