classifier,all_fitness,best,avg,std_dev,acc,n_features,selected_rate,execution_time
knn,"[0.8014117647058824, 0.7483823529411764, 0.7513235294117646, 0.5008823529411764, 0.5020588235294118]",0.5008823529411764,0.6608117647058822,0.1314604583543152,0.33999999999999997,12.6,0.7411764705882353,5.991940593719482
svc,"[0.40541176470588236, 0.25573529411764706, 0.5026470588235294, 0.5038235294117647, 0.007058823529411771]",0.007058823529411771,0.3349352941176471,0.1872928321711724,0.67,14.0,0.8235294117647058,6.756044244766235
