classifier,all_fitness,best,avg,std_dev,acc,n_features,selected_rate,execution_time
knn,"[0.37764705882352945, 0.19764705882352937, 0.3894117647058824, 0.4011764705882353, 0.005882352941176469, 0.37764705882352945, 0.5576470588235295, 0.20941176470588233, 0.023529411764705875, 0.9176470588235295]",0.005882352941176469,0.345764705882353,0.2527525699012683,0.64,3.7,0.2176470588235294,5.186810445785523
svc,"[0.3835294117647059, 0.5576470588235295, 0.1917647058823529, 0.3894117647058824, 0.743529411764706, 0.19764705882352937, 0.5576470588235295, 0.02941176470588235, 0.5517647058823529, 0.5752941176470588]",0.02941176470588235,0.4177647058823529,0.2098451892710615,0.56,3.7,0.2176470588235294,5.4958350419998165
