classifier,all_fitness,best,avg,std_dev,acc,n_features,selected_rate,execution_time
knn,"[0.5988235294117648, 0.20941176470588233, 0.8200000000000001, 0.5752941176470588, 0.7964705882352942, 0.37764705882352945, 0.20352941176470585, 0.6282352941176471, 0.20941176470588233, 0.23882352941176466]",0.20352941176470585,0.4657647058823528,0.23460926804054236,0.54,8.8,0.5176470588235293,4.427046179771423
svc,"[0.04705882352941175, 0.20352941176470585, 0.563529411764706, 0.22117647058823525, 0.39529411764705885, 0.41294117647058826, 0.02941176470588235, 0.20941176470588233, 0.4070588235294118, 0.3894117647058824]",0.02941176470588235,0.2878823529411765,0.16437618261708328,0.72,6.1,0.35882352941176465,4.959325051307678
