classifier,all_fitness,best,avg,std_dev,acc,n_features,selected_rate,execution_time
knn,"[0.4423529411764706, 0.44823529411764707, 0.8082352941176472, 0.4541176470588235, 0.8200000000000001, 0.8082352941176472, 0.8082352941176472, 0.6164705882352941, 0.6341176470588236, 0.64]",0.4423529411764706,0.648,0.1508800481420113,0.38,15.3,0.9,1.0301923274993896
svc,"[0.6341176470588236, 0.27411764705882347, 0.6223529411764706, 0.6223529411764706, 0.46, 0.8023529411764706, 0.9941176470588236, 0.268235294117647, 0.44823529411764707, 0.6223529411764706]",0.268235294117647,0.5748235294117647,0.2124851796175287,0.4600000000000001,15.1,0.8882352941176471,1.0060145854949951
