classifier,all_fitness,best,avg,std_dev,acc,n_features,selected_rate,execution_time
knn,"[0.39835294117647063, 0.49911764705882355, 0.25161764705882356, 0.2504411764705882, 0.4979411764705882]",0.2504411764705882,0.37949411764705887,0.11108753585725704,0.62,5.6,0.32941176470588235,33.07383451461792
svc,"[0.20270588235294112, 0.0017647058823529428, 0.007058823529411771, 0.4985294117647059, 0.49676470588235294]",0.0017647058823529428,0.24136470588235293,0.2214338533708997,0.76,6.4,0.37647058823529417,37.352422666549685
