classifier,all_fitness,best,avg,std_dev,acc,n_features,selected_rate,execution_time
knn,"[0.7943529411764706, 0.4979411764705882, 0.24985294117647058, 0.7442647058823528, 0.24985294117647058]",0.24985294117647058,0.5072529411764706,0.2328936304714812,0.49000000000000005,4.0,0.23529411764705882,7.305904483795166
svc,"[0.7943529411764706, 0.007647058823529418, 0.2504411764705882, 0.0035294117647058855, 0.004117647058823533]",0.0035294117647058855,0.21201764705882353,0.3062834811018181,0.79,7.0,0.411764705882353,7.900130987167358
