classifier,best,avg,std_dev,acc,n_features,selected_rate,execution_time
knn,0.24926470588235294,0.3791411764705882,0.11119891058937123,0.62,5.0,0.29411764705882354,7.343544578552246
svc,0.2510294117647059,0.5189176470588236,0.161468828234274,0.48,7.0,0.411764705882353,7.913476610183716
