classifier,all_fitness,best,avg,std_dev,acc,n_features,selected_rate,execution_time
knn,"[0.4011764705882353, 0.25441176470588234, 0.7161764705882353, 0.7161764705882353, 0.023529411764705875]",0.023529411764705875,0.4222941176470588,0.26846877093780974,0.5700000000000001,6.0,0.3529411764705882,4.1729601383209225
svc,"[0.5576470588235295, 0.7161764705882353, 0.7161764705882353, 0.49117647058823527, 0.7044117647058824]",0.49117647058823527,0.6371176470588236,0.09449179309303914,0.32999999999999996,5.8,0.3411764705882353,5.499662828445435
