classifier,all_fitness,best,avg,std_dev,acc,n_features,selected_rate,execution_time
knn,"[0.4001176470588236, 0.4985294117647059, 0.0035294117647058855, 0.25161764705882356, 0.002941176470588238]",0.002941176470588238,0.23134705882352943,0.20216376793516674,0.77,6.2,0.36470588235294116,5.01408805847168
svc,"[0.7949411764705883, 0.7460294117647058, 0.25220588235294117, 0.005882352941176476, 0.2510294117647059]",0.005882352941176476,0.41001764705882354,0.3080834878758193,0.5900000000000001,7.0,0.411764705882353,5.433756399154663
