classifier,best,avg,std_dev,acc,n_features,selected_rate,execution_time
knn,0.0017647058823529428,0.31868235294117647,0.30450721174862244,0.6799999999999999,3.2,0.18823529411764708,20.202486085891724
svc,0.24926470588235294,0.4178,0.14230498146890377,0.58,3.4,0.2,21.19510426521301
