classifier,all_fitness,best,avg,std_dev,acc,n_features,selected_rate,execution_time
knn,"[0.43058823529411766, 0.4070588235294118, 0.3835294117647059, 0.5811764705882353, 0.06470588235294117, 0.20941176470588233, 0.20941176470588233, 0.7611764705882353, 0.4070588235294118, 0.2329411764705882]",0.06470588235294117,0.36870588235294116,0.19177206770423347,0.6399999999999999,7.6,0.4470588235294118,4.412492418289185
svc,"[0.2329411764705882, 0.7788235294117648, 0.21529411764705877, 0.7611764705882353, 0.3835294117647059, 0.3894117647058824, 0.39529411764705885, 0.21529411764705877, 0.23882352941176466, 0.5694117647058824]",0.21529411764705877,0.41800000000000004,0.20541193315807396,0.58,6.8,0.4,5.038642549514771
