classifier,all_fitness,best,avg,std_dev,acc,n_features,selected_rate,execution_time
knn,"[0.20352941176470585, 0.2426470588235294, 0.2426470588235294, 0.7044117647058824, 0.2485294117647059]",0.20352941176470585,0.3283529411764706,0.18871351018762714,0.6599999999999999,3.8,0.2235294117647059,4.61527190208435
svc,"[0.563529411764706, 0.2426470588235294, 0.46176470588235297, 0.698529411764706, 0.04117647058823528]",0.04117647058823528,0.4015294117647059,0.23374307901972072,0.58,4.0,0.2352941176470588,5.939932107925415
