classifier,best,avg,std_dev,acc,n_features,selected_rate,execution_time
knn,0.004117647058823533,0.3512058823529412,0.2533254160876601,0.65,8.0,0.4705882352941176,5.052317810058594
svc,0.0035294117647058855,0.3298764705882353,0.18644465991567757,0.67,5.4,0.31764705882352945,5.340300130844116
