classifier,best,avg,std_dev,acc,n_features,selected_rate,execution_time
knn,0.007058823529411771,0.29521764705882353,0.1894621485784024,0.71,13.8,0.811764705882353,6.05984787940979
svc,0.008235294117647066,0.5515588235294118,0.3623093055277111,0.45,12.0,0.7058823529411765,6.677793502807617
