classifier,all_fitness,best,avg,std_dev,acc,n_features,selected_rate,execution_time
knn,"[0.20352941176470585, 0.20352941176470585, 0.19764705882352937, 0.19764705882352937, 0.3835294117647059, 0.563529411764706, 0.563529411764706, 0.5576470588235295, 0.5576470588235295, 0.9176470588235295]",0.19764705882352937,0.4345882352941176,0.22771693713952776,0.54,3.5,0.20588235294117646,29.441070437431335
svc,"[0.743529411764706, 0.20941176470588233, 0.3835294117647059, 0.3835294117647059, 0.19764705882352937, 0.19764705882352937, 0.20352941176470585, 0.3835294117647059, 0.023529411764705875, 0.20352941176470585]",0.023529411764705875,0.2929411764705882,0.1847590781396609,0.7,3.9,0.22941176470588234,34.7758927822113
