classifier,all_fitness,best,avg,std_dev,acc,n_features,selected_rate,execution_time
knn,"[0.6341176470588236, 0.6164705882352941, 1.0, 0.8082352941176472, 0.8141176470588236, 0.6282352941176471, 1.0, 0.64, 0.6164705882352941, 0.268235294117647]",0.268235294117647,0.7025882352941176,0.204483855252251,0.32,15.4,0.9058823529411765,5.942640066146851
svc,"[0.2623529411764705, 0.46, 0.4541176470588235, 0.08235294117647056, 0.8141176470588236, 0.8141176470588236, 0.64, 0.27411764705882347, 0.6282352941176471, 0.268235294117647]",0.08235294117647056,0.469764705882353,0.2374006002155407,0.58,15.6,0.9176470588235294,6.612936043739319
