classifier,all_fitness,best,avg,std_dev,acc,n_features,selected_rate,execution_time
knn,"[0.20035294117647054, 0.7448529411764705, 0.5002941176470588, 0.24985294117647058, 0.2486764705882353]",0.20035294117647054,0.3888058823529411,0.20671614240163189,0.61,4.6,0.2705882352941177,9.05067195892334
svc,"[0.20035294117647054, 0.2504411764705882, 0.7442647058823528, 0.4973529411764706, 0.4973529411764706]",0.20035294117647054,0.43795294117647054,0.19621316933393945,0.5599999999999999,4.0,0.23529411764705882,9.694374942779541
