classifier,all_fitness,best,avg,std_dev,acc,n_features,selected_rate,execution_time
knn,"[0.371764705882353, 0.5517647058823529, 0.011764705882352938, 0.1917647058823529, 0.9117647058823529, 0.731764705882353, 0.3658823529411765, 0.371764705882353, 0.19764705882352937, 0.37764705882352945]",0.011764705882352938,0.40835294117647064,0.2515152419934372,0.5599999999999998,2.1,0.12352941176470589,17.85101463794708
svc,"[0.371764705882353, 0.5576470588235295, 0.5576470588235295, 0.371764705882353, 0.37764705882352945, 0.5576470588235295, 0.19764705882352937, 0.37764705882352945, 0.371764705882353, 0.19764705882352937]",0.19764705882352937,0.3938823529411766,0.12628062340577384,0.58,2.7,0.15882352941176472,19.414270687103272
