classifier,all_fitness,best,avg,std_dev,acc,n_features,selected_rate,execution_time
knn,"[0.37764705882352945, 0.9117647058823529, 0.04117647058823528, 0.20352941176470585, 0.1917647058823529, 0.563529411764706, 0.023529411764705875, 0.37764705882352945, 0.1917647058823529, 0.7376470588235295]",0.023529411764705875,0.362,0.28018187370517245,0.62,3.4,0.2,6.517067527770996
svc,"[0.39529411764705885, 0.20352941176470585, 0.20352941176470585, 0.37764705882352945, 0.023529411764705875, 0.19764705882352937, 0.39529411764705885, 0.7376470588235295, 0.19764705882352937, 0.743529411764706]",0.023529411764705875,0.3475294117647059,0.2249122550937354,0.64,4.0,0.23529411764705882,7.220720434188843
