classifier,best,avg,std_dev,acc,n_features,selected_rate,execution_time
knn,0.002941176470588238,0.27978823529411767,0.16720864594953463,0.72,4.4,0.25882352941176473,33.555142116546634
svc,0.25161764705882356,0.4289941176470588,0.18339894627508,0.5700000000000001,5.6,0.3294117647058824,37.91823468208313
