classifier,all_fitness,best,avg,std_dev,acc,n_features,selected_rate,execution_time
knn,"[0.40541176470588236, 0.5032352941176471, 0.5038235294117647, 0.25691176470588234, 0.5032352941176471]",0.25691176470588234,0.43452352941176475,0.09658005697267058,0.5700000000000001,15.0,0.8823529411764705,6.3060911178588865
svc,"[0.40482352941176475, 0.7501470588235294, 0.25691176470588234, 0.5044117647058823, 0.008823529411764713]",0.008823529411764713,0.38502352941176465,0.247345849657035,0.62,15.0,0.8823529411764707,6.941968393325806
