classifier,all_fitness,best,avg,std_dev,acc,n_features,selected_rate,execution_time
knn,"[0.20035294117647054, 0.49676470588235294, 0.9917647058823529, 0.7436764705882353, 0.24985294117647058]",0.20035294117647054,0.5364823529411764,0.2989743520494542,0.45999999999999996,3.2,0.18823529411764706,19.87809510231018
svc,"[0.39894117647058824, 0.4985294117647059, 0.4973529411764706, 0.2504411764705882, 0.4979411764705882]",0.2504411764705882,0.4286411764705883,0.0970005072579752,0.5700000000000001,5.0,0.29411764705882354,20.809637832641602
