classifier,all_fitness,best,avg,std_dev,acc,n_features,selected_rate,execution_time
knn,"[0.563529411764706, 0.4676470588235294, 0.47941176470588237, 0.7102941176470589, 0.49117647058823527]",0.4676470588235294,0.5424117647058824,0.0903484986652942,0.43,5.0,0.29411764705882354,6.479650449752808
svc,"[0.5576470588235295, 0.4676470588235294, 0.05294117647058823, 0.6926470588235295, 0.2426470588235294]",0.05294117647058823,0.4027058823529412,0.22814214290709692,0.58,4.2,0.24705882352941178,7.852320861816406
