classifier,all_fitness,best,avg,std_dev,acc,n_features,selected_rate,execution_time
knn,"[0.20682352941176466, 0.25632352941176473, 0.008235294117647066, 0.9994117647058823, 0.7519117647058823]",0.008235294117647066,0.44454117647058816,0.3700422769263031,0.5599999999999999,15.2,0.8941176470588236,0.7002346992492676
svc,"[0.20741176470588232, 0.5044117647058823, 0.5038235294117647, 0.7513235294117646, 0.9988235294117647]",0.20741176470588232,0.5931588235294117,0.2661719581027964,0.41,15.4,0.9058823529411765,0.668631649017334
