classifier,all_fitness,best,avg,std_dev,acc,n_features,selected_rate,execution_time
knn,"[0.40482352941176475, 0.25632352941176473, 0.5032352941176471, 0.7507352941176471, 0.5044117647058823]",0.25632352941176473,0.48390588235294113,0.1612698349164506,0.52,14.8,0.8705882352941176,6.259314727783203
svc,"[0.20741176470588232, 0.5038235294117647, 0.7513235294117646, 0.2551470588235294, 0.25632352941176473]",0.20741176470588232,0.3948058823529411,0.20629502389978566,0.61,14.8,0.8705882352941178,6.843214702606201
