classifier,all_fitness,best,avg,std_dev,acc,n_features,selected_rate,execution_time
knn,"[0.5929411764705883, 0.04705882352941175, 0.5029411764705882, 0.7279411764705883, 0.02941176470588235]",0.02941176470588235,0.3800588235294118,0.2881955794968454,0.63,8.0,0.4705882352941176,8.405094099044799
svc,"[0.41294117647058826, 0.3014705882352941, 0.27794117647058825, 0.2838235294117647, 0.26029411764705884]",0.26029411764705884,0.30729411764705883,0.05443652854599022,0.72,9.4,0.5529411764705883,11.893467378616332
