classifier,best,avg,std_dev,acc,n_features,selected_rate,execution_time
knn,0.20035294117647054,0.38821764705882356,0.20611999612548063,0.61,3.6,0.21176470588235294,5.824146127700805
svc,0.1997647058823529,0.586335294117647,0.3088334097018923,0.41,3.8,0.2235294117647059,5.894545364379883
