classifier,all_fitness,best,avg,std_dev,acc,n_features,selected_rate,execution_time
knn,"[0.5992941176470588, 0.7454411764705882, 0.4979411764705882, 0.2486764705882353, 0.49676470588235294]",0.2486764705882353,0.5176235294117646,0.16231202745346804,0.48,4.8,0.2823529411764706,5.2045676708221436
svc,"[0.1997647058823529, 0.0035294117647058855, 0.9911764705882353, 0.7448529411764705, 0.2504411764705882]",0.0035294117647058855,0.43795294117647054,0.369015442424033,0.5599999999999999,4.0,0.23529411764705882,5.687322330474854
