classifier,best,avg,std_dev,acc,n_features,selected_rate,execution_time
knn,0.5032352941176471,0.8010588235294118,0.24245247813179624,0.2,15.4,0.9058823529411765,6.159238052368164
svc,0.20741176470588232,0.44418823529411766,0.19596462024442898,0.5599999999999999,14.6,0.8588235294117647,6.681749725341797
