classifier,best,avg,std_dev,acc,n_features,selected_rate,execution_time
knn,0.2192857142857143,0.33385714285714285,0.09571918963983199,0.6714285714285715,6.0,0.8571428571428573,20.82400941848755
svc,0.14857142857142863,0.24928571428571433,0.05715714107187485,0.7571428571428571,6.2,0.8857142857142858,18.02927770614624
