classifier,all_fitness,best,avg,std_dev,acc,n_features,selected_rate,execution_time
knn,"[0.3285714285714285, 0.3785714285714285, 0.17142857142857146, 0.29999999999999993, 0.17142857142857146, 0.4142857142857143, 0.3642857142857142, 0.17142857142857146, 0.3642857142857142, 0.3142857142857142]",0.17142857142857146,0.2978571428571428,0.08835515068778514,0.7214285714285715,3.3,0.47142857142857136,65.19627373218536
svc,"[0.4928571428571429, 0.2357142857142857, 0.3428571428571428, 0.13571428571428568, 0.4285714285714286, 0.3142857142857142, 0.44285714285714284, 0.3642857142857142, 0.12142857142857139, 0.3142857142857142]",0.12142857142857139,0.3192857142857143,0.11823748153955381,0.7071428571428572,3.9,0.5571428571428572,56.41822764873505
