classifier,all_fitness,best,avg,std_dev,acc,n_features,selected_rate,execution_time
knn,"[0.0764285714285714, 0.3607142857142857, 0.2885714285714286, 0.07785714285714283, 0.2192857142857143]",0.0764285714285714,0.20457142857142857,0.11325211175217235,0.8,4.6,0.6571428571428571,10.594681978225708
svc,"[0.14857142857142863, 0.5728571428571428, 0.43428571428571433, 0.2914285714285714, 0.4314285714285715]",0.14857142857142863,0.3757142857142858,0.14428995750479204,0.6285714285714284,5.6,0.8,8.807928800582886
