classifier,best,avg,std_dev,acc,n_features,selected_rate,execution_time
knn,0.005714285714285719,0.21900000000000003,0.14257371884790848,0.7857142857142858,4.8,0.6857142857142856,9.158030462265014
svc,0.14857142857142863,0.2475714285714286,0.0841446761869831,0.7571428571428571,5.0,0.7142857142857142,7.903526449203492
