classifier,best,avg,std_dev,acc,n_features,selected_rate,execution_time
knn,0.15000000000000008,0.29085714285714287,0.07720553009694976,0.7142857142857143,5.6,0.8,14.652595901489258
svc,0.07785714285714283,0.26200000000000007,0.17070047762447674,0.7428571428571429,5.2,0.7428571428571429,12.791533041000367
