classifier,all_fitness,best,avg,std_dev,acc,n_features,selected_rate,execution_time
knn,"[0.22071428571428575, 0.4328571428571429, 0.29000000000000004, 0.15000000000000008, 0.22071428571428575]",0.15000000000000008,0.2628571428571429,0.09583893802007785,0.7428571428571429,5.8,0.8285714285714285,21.06008734703064
svc,"[0.008571428571428579, 0.43428571428571433, 0.14714285714285721, 0.36357142857142855, 0.1514285714285715]",0.008571428571428579,0.22100000000000003,0.1557166448051966,0.7857142857142857,6.2,0.8857142857142858,18.0248083114624
