classifier,all_fitness,best,avg,std_dev,acc,n_features,selected_rate,execution_time
knn,"[0.29000000000000004, 0.1514285714285715, 0.2178571428571429, 0.2192857142857143, 0.14857142857142863]",0.14857142857142863,0.20542857142857146,0.052244714604270076,0.8,5.2,0.7428571428571429,1.663539218902588
svc,"[0.2178571428571429, 0.22214285714285717, 0.2178571428571429, 0.29285714285714287, 0.2178571428571429]",0.2178571428571429,0.23371428571428576,0.029617975788293126,0.7714285714285715,5.2,0.7428571428571429,1.307443952560425
