classifier,all_fitness,best,avg,std_dev,acc,n_features,selected_rate,execution_time
knn,"[0.2642857142857143, 0.18571428571428575, 0.2642857142857143, 0.18571428571428575, 0.3428571428571428, 0.2642857142857143, 0.2928571428571428, 0.2, 0.18571428571428575, 0.2785714285714286]",0.18571428571428575,0.24642857142857144,0.0516315439100034,0.8071428571428572,5.1,0.7285714285714284,9.907666730880738
svc,"[0.2142857142857143, 0.25, 0.22142857142857142, 0.5999999999999999, 0.2, 0.2642857142857143, 0.14999999999999997, 0.3928571428571428, 0.2642857142857143, 0.3285714285714285]",0.14999999999999997,0.28857142857142853,0.12214912264631825,0.7571428571428571,4.9,0.7,8.865589261054993
