classifier,all_fitness,best,avg,std_dev,acc,n_features,selected_rate,execution_time
knn,"[0.2785714285714286, 0.2357142857142857, 0.25, 0.2357142857142857, 0.3285714285714285]",0.2357142857142857,0.2657142857142857,0.03510915922127,0.7714285714285715,4.2,0.6,17.786282968521117
svc,"[0.2642857142857143, 0.18571428571428575, 0.3642857142857142, 0.2142857142857143, 0.2285714285714286]",0.18571428571428575,0.25142857142857145,0.061842459491181,0.8,5.0,0.7142857142857142,16.095518255233763
