classifier,all_fitness,best,avg,std_dev,acc,n_features,selected_rate,execution_time
knn,"[0.22071428571428575, 0.07928571428571426, 0.35928571428571426, 0.2178571428571429, 0.0764285714285714]",0.0764285714285714,0.1907142857142857,0.10538558938004566,0.8142857142857143,4.8,0.6857142857142856,40.581662797927855
svc,"[0.4314285714285715, 0.1514285714285715, 0.35928571428571426, 0.3607142857142857, 0.14714285714285721]",0.14714285714285721,0.29000000000000004,0.11782467085133098,0.7142857142857142,5.0,0.7142857142857142,34.65642337799072
