classifier,best,avg,std_dev,acc,n_features,selected_rate,execution_time
knn,0.14714285714285721,0.2902857142857143,0.11850307840658288,0.7142857142857143,5.2,0.7428571428571429,10.546492671966552
svc,0.21642857142857144,0.2735714285714286,0.05308253104403383,0.7285714285714285,3.4,0.48571428571428565,9.74269232749939
