classifier,all_fitness,best,avg,std_dev,acc,n_features,selected_rate,execution_time
knn,"[0.1514285714285715, 0.22071428571428575, 0.4314285714285715, 0.36357142857142855, 0.07785714285714283]",0.07785714285714283,0.24900000000000003,0.13116168554536817,0.7571428571428571,6.0,0.8571428571428571,14.868938970565797
svc,"[0.0807142857142857, 0.2914285714285714, 0.22214285714285717, 0.2178571428571429, 0.1514285714285715]",0.0807142857142857,0.19271428571428573,0.07140199505587491,0.8142857142857143,6.2,0.8857142857142858,12.71644377708435
