classifier,all_fitness,best,avg,std_dev,acc,n_features,selected_rate,execution_time
knn,"[0.3285714285714285, 0.25, 0.14999999999999997, 0.18571428571428575, 0.2642857142857143, 0.3285714285714285, 0.05714285714285713, 0.2642857142857143, 0.2642857142857143, 0.2285714285714286]",0.05714285714285713,0.23214285714285712,0.07845770991367233,0.8214285714285714,5.0,0.7142857142857143,10.032743740081788
svc,"[0.3642857142857142, 0.25, 0.3928571428571428, 0.18571428571428575, 0.44285714285714284, 0.3142857142857142, 0.3785714285714285, 0.4928571428571429, 0.17142857142857146, 0.18571428571428575]",0.17142857142857146,0.31785714285714284,0.10894906130473851,0.7071428571428571,3.8,0.5428571428571429,8.359545421600341
