classifier,best,avg,std_dev,acc,n_features,selected_rate,execution_time
knn,0.0807142857142857,0.2337142857142857,0.08198730613544356,0.7714285714285715,5.2,0.7428571428571428,10.96912660598755
svc,0.07928571428571426,0.3058571428571429,0.14434539077066053,0.7,6.2,0.8857142857142858,10.055333232879638
