classifier,best,avg,std_dev,acc,n_features,selected_rate,execution_time
knn,0.07928571428571426,0.1912857142857143,0.07055957101077423,0.8142857142857143,5.2,0.7428571428571428,10.274082660675049
svc,0.14571428571428577,0.2885714285714286,0.13387551329957426,0.7142857142857143,4.0,0.5714285714285714,8.92096757888794
