classifier,all_fitness,best,avg,std_dev,acc,n_features,selected_rate,execution_time
knn,"[0.43000000000000005, 0.14714285714285721, 0.22071428571428575, 0.2178571428571429, 0.21642857142857144]",0.14714285714285721,0.2464285714285715,0.09584745533334493,0.757142857142857,4.2,0.5999999999999999,18.653372240066528
svc,"[0.07785714285714283, 0.00714285714285715, 0.2192857142857143, 0.29000000000000004, 0.2178571428571429]",0.00714285714285715,0.16242857142857142,0.10377428410168064,0.8428571428571429,4.8,0.6857142857142857,15.77354974746704
