classifier,all_fitness,best,avg,std_dev,acc,n_features,selected_rate,execution_time
knn,"[0.14714285714285721, 0.29000000000000004, 0.2178571428571429, 0.2178571428571429, 0.15000000000000008]",0.14714285714285721,0.20457142857142863,0.05277715956195985,0.8,4.6,0.6571428571428571,67.70239582061768
svc,"[0.0807142857142857, 0.36357142857142855, 0.2914285714285714, 0.2178571428571429, 0.2178571428571429]",0.0807142857142857,0.2342857142857143,0.09391920105351521,0.7714285714285715,5.6,0.8,59.60803561210632
