classifier,all_fitness,best,avg,std_dev,acc,n_features,selected_rate,execution_time
knn,"[0.13571428571428568, 0.29999999999999993, 0.12142857142857139, 0.3785714285714285, 0.3285714285714285, 0.3142857142857142, 0.10714285714285711, 0.3928571428571428, 0.13571428571428568, 0.12142857142857139]",0.10714285714285711,0.23357142857142854,0.11253344174157333,0.8071428571428572,4.2,0.5999999999999999,63.89870676994324
svc,"[0.3642857142857142, 0.12142857142857139, 0.3785714285714285, 0.2, 0.3785714285714285, 0.2642857142857143, 0.3285714285714285, 0.13571428571428568, 0.2, 0.44285714285714284]",0.12142857142857139,0.2814285714285714,0.10696175169905647,0.757142857142857,4.4,0.6285714285714286,56.815941953659056
