classifier,all_fitness,best,avg,std_dev,acc,n_features,selected_rate,execution_time
knn,"[0.13571428571428568, 0.2285714285714286, 0.12142857142857139, 0.3142857142857142, 0.5071428571428571]",0.12142857142857139,0.2614285714285714,0.1411758203266337,0.7857142857142858,4.8,0.6857142857142856,10.338328313827514
svc,"[0.3142857142857142, 0.4285714285714286, 0.44285714285714284, 0.17142857142857146, 0.29999999999999993]",0.17142857142857146,0.3314285714285714,0.09872658596097712,0.6857142857142857,3.4,0.48571428571428565,9.260893440246582
