classifier,all_fitness,best,avg,std_dev,acc,n_features,selected_rate,execution_time
knn,"[0.2857142857142857, 0.22142857142857142, 0.17142857142857146, 0.18571428571428575, 0.2357142857142857, 0.3142857142857142, 0.4285714285714286, 0.29999999999999993, 0.18571428571428575, 0.22142857142857142]",0.17142857142857146,0.255,0.074713739413463,0.7642857142857142,3.0,0.42857142857142855,9.9985502243042
svc,"[0.18571428571428575, 0.4285714285714286, 0.2357142857142857, 0.2357142857142857, 0.4285714285714286, 0.4785714285714286, 0.3642857142857142, 0.35, 0.2857142857142857, 0.3642857142857142]",0.18571428571428575,0.33571428571428574,0.09191833109797379,0.6714285714285715,2.8,0.39999999999999997,9.427560901641845
