classifier,best,avg,std_dev,acc,n_features,selected_rate,execution_time
knn,0.14571428571428577,0.26142857142857145,0.11501463970703368,0.7428571428571428,4.8,0.6857142857142857,41.880990982055664
svc,0.2178571428571429,0.29000000000000004,0.10937671281457696,0.7142857142857142,5.0,0.7142857142857142,34.66131777763367
