classifier,all_fitness,best,avg,std_dev,acc,n_features,selected_rate,execution_time
knn,"[0.18571428571428575, 0.3142857142857142, 0.3785714285714285, 0.3642857142857142, 0.2357142857142857]",0.18571428571428575,0.2957142857142857,0.0743131817350854,0.7285714285714285,3.6,0.5142857142857142,19.956556463241576
svc,"[0.2, 0.25, 0.18571428571428575, 0.45714285714285713, 0.2785714285714286]",0.18571428571428575,0.2742857142857143,0.09737367535972555,0.7714285714285714,4.8,0.6857142857142857,17.91460871696472
