classifier,all_fitness,best,avg,std_dev,acc,n_features,selected_rate,execution_time
knn,"[0.14714285714285721, 0.3607142857142857, 0.2885714285714286, 0.4285714285714286, 0.28714285714285714]",0.14714285714285721,0.30242857142857144,0.09364675267041715,0.7,3.8,0.5428571428571428,18.784768104553223
svc,"[0.21642857142857144, 0.4992857142857143, 0.21642857142857144, 0.15000000000000008, 0.22071428571428575]",0.15000000000000008,0.26057142857142856,0.12222628729582866,0.7428571428571428,4.2,0.6,16.19922218322754
2857,16.043249797821044
