classifier,all_fitness,best,avg,std_dev,acc,n_features,selected_rate,execution_time
knn,"[0.2142857142857143, 0.2642857142857143, 0.2928571428571428, 0.3571428571428571, 0.3142857142857142]",0.2142857142857143,0.2885714285714286,0.04793703353017859,0.7714285714285715,5.8,0.8285714285714285,10.508025360107421
svc,"[0.2, 0.3571428571428571, 0.2785714285714286, 0.2928571428571428, 0.2642857142857143]",0.2,0.2785714285714286,0.05050762722761052,0.7857142857142857,6.0,0.8571428571428571,9.696591234207153
