classifier,best,avg,std_dev,acc,n_features,selected_rate,execution_time
knn,0.14857142857142863,0.2772857142857143,0.11421640755645415,0.7285714285714286,6.0,0.8571428571428571,1.3032747745513915
svc,0.0807142857142857,0.2914285714285714,0.1720482846322449,0.7142857142857143,6.0,0.8571428571428573,1.0032997131347656
