classifier,all_fitness,best,avg,std_dev,acc,n_features,selected_rate,execution_time
knn,"[0.3578571428571428, 0.1514285714285715, 0.2914285714285714, 0.2178571428571429, 0.29285714285714287]",0.1514285714285715,0.26228571428571434,0.07096621789015284,0.7428571428571429,5.4,0.7714285714285714,11.188467407226563
svc,"[0.29285714285714287, 0.0807142857142857, 0.010000000000000009, 0.5007142857142857, 0.3607142857142857]",0.010000000000000009,0.24899999999999997,0.18066803473639215,0.7571428571428571,6.0,0.8571428571428571,9.952032279968261
