classifier,all_fitness,best,avg,std_dev,acc,n_features,selected_rate,execution_time
knn,"[0.3607142857142857, 0.1514285714285715, 0.2914285714285714, 0.29285714285714287, 0.2178571428571429]",0.1514285714285715,0.2628571428571429,0.07174074639894366,0.7428571428571429,5.8,0.8285714285714286,10.805758190155029
svc,"[0.3578571428571428, 0.2192857142857143, 0.1514285714285715, 0.2192857142857143, 0.2192857142857143]",0.1514285714285715,0.23342857142857146,0.06753744237420437,0.7714285714285714,5.0,0.7142857142857143,9.3067617893219
