classifier,all_fitness,best,avg,std_dev,acc,n_features,selected_rate,execution_time
knn,"[0.2, 0.2642857142857143, 0.2642857142857143, 0.3285714285714285, 0.3928571428571428, 0.2142857142857143, 0.4714285714285714, 0.2642857142857143, 0.3928571428571428, 0.3928571428571428]",0.2,0.31857142857142856,0.08590455073355945,0.7285714285714286,5.2,0.7428571428571429,1.09310884475708
svc,"[0.45714285714285713, 0.4071428571428571, 0.2785714285714286, 0.44285714285714284, 0.2, 0.13571428571428568, 0.3928571428571428, 0.3928571428571428, 0.2642857142857143, 0.3285714285714285]",0.13571428571428568,0.32999999999999996,0.10216033816446356,0.7142857142857142,5.1,0.7285714285714286,0.9016681671142578
