classifier,best,avg,std_dev,acc,n_features,selected_rate,execution_time
knn,0.0807142857142857,0.21957142857142858,0.07643137511546433,0.7857142857142858,5.2,0.7428571428571428,66.65497636795044
svc,0.15000000000000008,0.2885714285714286,0.11748121864661551,0.7142857142857142,4.0,0.5714285714285714,59.58460774421692
