classifier,all_fitness,best,avg,std_dev,acc,n_features,selected_rate,execution_time
knn,"[0.14714285714285721, 0.3607142857142857, 0.29000000000000004, 0.28714285714285714, 0.2178571428571429]",0.14714285714285721,0.26057142857142856,0.07251375661182628,0.7428571428571429,4.2,0.6,39.86385145187378
svc,"[0.14857142857142863, 0.14571428571428577, 0.29000000000000004, 0.28714285714285714, 0.4328571428571429]",0.14571428571428577,0.2608571428571429,0.10676160740793728,0.7428571428571429,4.4,0.6285714285714286,34.230371427536014
