classifier,all_fitness,best,avg,std_dev,acc,n_features,selected_rate,execution_time
knn,"[0.25, 0.10714285714285711, 0.3642857142857142, 0.3428571428571428, 0.55, 0.3928571428571428, 0.3785714285714285, 0.2642857142857143, 0.18571428571428575, 0.3142857142857142]",0.10714285714285711,0.31499999999999995,0.11629703349613008,0.7214285714285713,4.5,0.6428571428571428,14.23156566619873
svc,"[0.2142857142857143, 0.14999999999999997, 0.2, 0.3642857142857142, 0.3142857142857142, 0.18571428571428575, 0.2857142857142857, 0.3428571428571428, 0.14999999999999997, 0.18571428571428575]",0.14999999999999997,0.23928571428571427,0.07614768143387624,0.8071428571428572,4.6,0.657142857142857,12.182499599456786
