classifier,all_fitness,best,avg,std_dev,acc,n_features,selected_rate,execution_time
knn,"[0.29999999999999993, 0.29999999999999993, 0.2357142857142857, 0.2357142857142857, 0.3142857142857142, 0.2142857142857143, 0.12142857142857139, 0.3642857142857142, 0.10714285714285711, 0.29999999999999993]",0.10714285714285711,0.24928571428571425,0.07956835079967153,0.7785714285714287,3.5,0.5,40.61933467388153
svc,"[0.18571428571428575, 0.2357142857142857, 0.3142857142857142, 0.2642857142857143, 0.3642857142857142, 0.3785714285714285, 0.2142857142857143, 0.3285714285714285, 0.2, 0.2357142857142857]",0.18571428571428575,0.27214285714285713,0.06596613231230775,0.7642857142857142,4.2,0.6,33.80038139820099
