classifier,all_fitness,best,avg,std_dev,acc,n_features,selected_rate,execution_time
knn,"[0.22214285714285717, 0.15000000000000008, 0.43428571428571433, 0.2192857142857143, 0.2192857142857143]",0.15000000000000008,0.24900000000000003,0.09655980487950122,0.7571428571428571,6.0,0.8571428571428571,11.161388301849366
svc,"[0.22071428571428575, 0.22214285714285717, 0.29285714285714287, 0.2914285714285714, 0.22071428571428575]",0.22071428571428575,0.24957142857142856,0.03476627500252248,0.7571428571428571,6.4,0.9142857142857143,9.603623628616333
