classifier,all_fitness,best,avg,std_dev,acc,n_features,selected_rate,execution_time
knn,"[0.2, 0.2142857142857143, 0.2, 0.4214285714285714, 0.4928571428571429]",0.2,0.3057142857142857,0.12579542835857893,0.7428571428571428,5.2,0.7428571428571428,10.670604181289672
svc,"[0.2642857142857143, 0.4285714285714286, 0.2, 0.3142857142857142, 0.4071428571428571]",0.2,0.32285714285714284,0.08588079065822363,0.7142857142857143,4.6,0.6571428571428573,10.064588594436646
