classifier,all_fitness,best,avg,std_dev,acc,n_features,selected_rate,execution_time
knn,"[0.3571428571428571, 0.2785714285714286, 0.45714285714285713, 0.3928571428571428, 0.5357142857142857, 0.4214285714285714, 0.18571428571428575, 0.2642857142857143, 0.2785714285714286, 0.2928571428571428]",0.18571428571428575,0.34642857142857136,0.10031837075134384,0.7071428571428571,5.8,0.8285714285714285,20.14635808467865
svc,"[0.18571428571428575, 0.3142857142857142, 0.2642857142857143, 0.3428571428571428, 0.3142857142857142, 0.4071428571428571, 0.3785714285714285, 0.2785714285714286, 0.2142857142857143, 0.5857142857142856]",0.18571428571428575,0.32857142857142857,0.10747567356459442,0.7142857142857142,5.0,0.7142857142857142,17.1901953458786
