classifier,all_fitness,best,avg,std_dev,acc,n_features,selected_rate,execution_time
knn,"[0.2178571428571429, 0.4992857142857143, 0.22071428571428575, 0.22071428571428575, 0.2192857142857143]",0.2178571428571429,0.27557142857142863,0.11186216007722564,0.7285714285714284,4.8,0.6857142857142857,67.43873744010925
svc,"[0.07499999999999998, 0.43000000000000005, 0.2914285714285714, 0.14857142857142863, 0.15000000000000008]",0.07499999999999998,0.21900000000000003,0.1266681346137639,0.7857142857142858,4.8,0.6857142857142857,59.37218174934387
