classifier,best,avg,std_dev,acc,n_features,selected_rate,execution_time
knn,0.14571428571428577,0.25885714285714284,0.0952918181810217,0.7428571428571429,3.0,0.4285714285714285,10.345230102539062
svc,0.14714285714285721,0.30271428571428577,0.14437225127695247,0.7,4.0,0.5714285714285714,9.838011693954467
