classifier,all_fitness,best,avg,std_dev,acc,n_features,selected_rate,execution_time
knn,"[0.2785714285714286, 0.14999999999999997, 0.2, 0.3428571428571428, 0.5071428571428571]",0.14999999999999997,0.2957142857142857,0.12458912063094368,0.7571428571428572,5.4,0.7714285714285714,1.1464869499206543
svc,"[0.3571428571428571, 0.14999999999999997, 0.45714285714285713, 0.2285714285714286, 0.3285714285714285]",0.14999999999999997,0.30428571428571427,0.10609968358644081,0.7571428571428572,6.0,0.8571428571428571,0.9443018913269043
