classifier,all_fitness,best,avg,std_dev,acc,n_features,selected_rate,execution_time
knn,"[0.2642857142857143, 0.5214285714285715, 0.07142857142857141, 0.3142857142857142, 0.44285714285714284, 0.12142857142857139, 0.3285714285714285, 0.2642857142857143, 0.14999999999999997, 0.2642857142857143]",0.07142857142857141,0.27428571428571424,0.13202504400642312,0.7714285714285715,4.8,0.6857142857142857,10.398790168762208
svc,"[0.17142857142857146, 0.3428571428571428, 0.16428571428571426, 0.3928571428571428, 0.2785714285714286, 0.18571428571428575, 0.2, 0.3785714285714285, 0.17142857142857146, 0.12142857142857139]",0.12142857142857139,0.24071428571428566,0.09400662156443651,0.8071428571428572,4.7,0.6714285714285714,8.878419399261475
