classifier,all_fitness,best,avg,std_dev,acc,n_features,selected_rate,execution_time
knn,"[0.5714285714285714, 0.3428571428571428, 0.14999999999999997, 0.4071428571428571, 0.2142857142857143, 0.4071428571428571, 0.2142857142857143, 0.2785714285714286, 0.3428571428571428, 0.09999999999999998]",0.09999999999999998,0.3028571428571428,0.1333707430512435,0.7571428571428572,5.9,0.8428571428571427,10.36196436882019
svc,"[0.4071428571428571, 0.2, 0.2642857142857143, 0.2785714285714286, 0.2785714285714286, 0.2785714285714286, 0.2, 0.4714285714285714, 0.3285714285714285, 0.14999999999999997]",0.14999999999999997,0.2857142857142857,0.0920846992541904,0.7714285714285715,5.6,0.8,9.112064003944397
