classifier,all_fitness,best,avg,std_dev,acc,n_features,selected_rate,execution_time
knn,"[0.29285714285714287, 0.4328571428571429, 0.36357142857142855, 0.1514285714285715, 0.29000000000000004]",0.1514285714285715,0.30614285714285716,0.09351808730433499,0.7,6.4,0.9142857142857143,10.373328495025635
svc,"[0.15000000000000008, 0.07785714285714283, 0.07785714285714283, 0.15000000000000008, 0.29285714285714287]",0.07785714285714283,0.14971428571428574,0.07850724651331266,0.8571428571428571,5.8,0.8285714285714285,9.639974069595336
