classifier,all_fitness,best,avg,std_dev,acc,n_features,selected_rate,execution_time
knn,"[0.29285714285714287, 0.2914285714285714, 0.07928571428571426, 0.29000000000000004, 0.6435714285714285]",0.07928571428571426,0.3194285714285714,0.18171035485415926,0.6857142857142857,5.8,0.8285714285714286,21.337383222579955
svc,"[0.1514285714285715, 0.14857142857142863, 0.2914285714285714, 0.15000000000000008, 0.43428571428571433]",0.14857142857142863,0.23514285714285724,0.11364678542191456,0.7714285714285714,6.2,0.8857142857142858,17.89592065811157
