classifier,all_fitness,best,avg,std_dev,acc,n_features,selected_rate,execution_time
knn,"[0.2642857142857143, 0.3785714285714285, 0.10714285714285711, 0.3785714285714285, 0.2357142857142857, 0.3642857142857142, 0.2642857142857143, 0.25, 0.25, 0.2642857142857143]",0.10714285714285711,0.2757142857142857,0.07793246683991915,0.7571428571428571,4.0,0.5714285714285714,17.56152136325836
svc,"[0.3142857142857142, 0.4285714285714286, 0.2, 0.4928571428571429, 0.3142857142857142, 0.25, 0.25, 0.3285714285714285, 0.2, 0.17142857142857146]",0.17142857142857146,0.295,0.09809668283725739,0.7357142857142855,4.0,0.5714285714285714,15.138538551330566
