classifier,all_fitness,best,avg,std_dev,acc,n_features,selected_rate,execution_time
knn,"[0.17142857142857146, 0.3285714285714285, 0.2142857142857143, 0.13571428571428568, 0.3785714285714285, 0.17142857142857146, 0.2, 0.2785714285714286, 0.3642857142857142, 0.14999999999999997]",0.13571428571428568,0.23928571428571427,0.08638133301748444,0.8071428571428572,4.6,0.6571428571428571,10.081281733512878
svc,"[0.18571428571428575, 0.18571428571428575, 0.2642857142857143, 0.18571428571428575, 0.25, 0.14999999999999997, 0.18571428571428575, 0.2642857142857143, 0.4928571428571429, 0.3428571428571428]",0.14999999999999997,0.2507142857142858,0.09722947818728345,0.7928571428571428,4.5,0.6428571428571428,8.937675833702087
