classifier,all_fitness,best,avg,std_dev,acc,n_features,selected_rate,execution_time
knn,"[0.2642857142857143, 0.3642857142857142, 0.2785714285714286, 0.3285714285714285, 0.29999999999999993]",0.2642857142857143,0.3071428571428571,0.03585685828003178,0.7285714285714286,4.4,0.6285714285714286,1.374751043319702
svc,"[0.3285714285714285, 0.25, 0.3285714285714285, 0.18571428571428575, 0.25]",0.18571428571428575,0.26857142857142857,0.0543232952623758,0.7714285714285715,4.4,0.6285714285714284,1.4218726634979248
