classifier,all_fitness,best,avg,std_dev,acc,n_features,selected_rate,execution_time
knn,"[0.4285714285714286, 0.2357142857142857, 0.2142857142857143, 0.2, 0.3142857142857142]",0.2,0.2785714285714286,0.08475655413823614,0.7571428571428572,4.2,0.6,10.383355712890625
svc,"[0.2, 0.17142857142857146, 0.3285714285714285, 0.12142857142857139, 0.2642857142857143]",0.12142857142857139,0.21714285714285714,0.0723652865252225,0.8285714285714285,4.4,0.6285714285714287,9.097483491897583
