classifier,all_fitness,best,avg,std_dev,acc,n_features,selected_rate,execution_time
knn,"[0.07142857142857141, 0.25, 0.3285714285714285, 0.44285714285714284, 0.2, 0.2357142857142857, 0.2142857142857143, 0.3285714285714285, 0.2928571428571428, 0.18571428571428575]",0.07142857142857141,0.255,0.09546075163144702,0.7928571428571428,4.8,0.6857142857142857,10.389637923240661
svc,"[0.25, 0.17142857142857146, 0.3428571428571428, 0.3928571428571428, 0.3571428571428571, 0.22142857142857142, 0.2142857142857143, 0.3571428571428571, 0.2, 0.18571428571428575]",0.17142857142857146,0.2692857142857143,0.07947853002348416,0.7785714285714285,4.9,0.7,9.589966416358948
