classifier,best,avg,std_dev,acc,n_features,selected_rate,execution_time
knn,0.0764285714285714,0.2905714285714286,0.13493566116138916,0.7142857142857142,5.4,0.7714285714285714,10.622992753982544
svc,0.15000000000000008,0.29085714285714287,0.08990970527168249,0.7142857142857143,5.6,0.8,9.36726622581482
