classifier,all_fitness,best,avg,std_dev,acc,n_features,selected_rate,execution_time
knn,"[0.2192857142857143, 0.2885714285714286, 0.5021428571428571, 0.2192857142857143, 0.43000000000000005]",0.2192857142857143,0.33185714285714285,0.11475848641421527,0.6714285714285714,4.6,0.6571428571428571,1.5931514739990233
svc,"[0.00714285714285715, 0.36357142857142855, 0.22071428571428575, 0.22214285714285717, 0.2192857142857143]",0.00714285714285715,0.20657142857142857,0.11403937737394367,0.7999999999999999,6.0,0.8571428571428571,1.1350644111633301
