classifier,best,avg,std_dev,acc,n_features,selected_rate,execution_time
knn,0.0764285714285714,0.28857142857142853,0.10955382611450196,0.7142857142857143,4.0,0.5714285714285714,18.483332490921022
svc,0.0807142857142857,0.3315714285714286,0.19129387585277138,0.6714285714285715,4.4,0.6285714285714284,16.233959484100343
