classifier,all_fitness,best,avg,std_dev,acc,n_features,selected_rate,execution_time
knn,"[0.3428571428571428, 0.3785714285714285, 0.2357142857142857, 0.3142857142857142, 0.2357142857142857]",0.2357142857142857,0.30142857142857143,0.057392312647430443,0.7285714285714285,4.0,0.5714285714285714,10.051520299911498
svc,"[0.15714285714285717, 0.5071428571428571, 0.45714285714285713, 0.2928571428571428, 0.14999999999999997]",0.14999999999999997,0.31285714285714283,0.1481449924078104,0.7285714285714286,4.8,0.6857142857142857,8.78536868095398
