classifier,all_fitness,best,avg,std_dev,acc,n_features,selected_rate,execution_time
knn,"[0.2, 0.29999999999999993, 0.45714285714285713, 0.2, 0.3285714285714285]",0.2,0.2971428571428571,0.09536182439016362,0.7428571428571429,4.6,0.6571428571428573,14.162231588363648
svc,"[0.35, 0.4285714285714286, 0.3928571428571428, 0.4071428571428571, 0.3642857142857142]",0.35,0.3885714285714285,0.02842821248876059,0.6285714285714286,3.8,0.5428571428571428,12.900962924957275
