classifier,all_fitness,best,avg,std_dev,acc,n_features,selected_rate,execution_time
knn,"[0.2642857142857143, 0.3285714285714285, 0.2357142857142857, 0.15714285714285717, 0.13571428571428568, 0.10714285714285711, 0.2642857142857143, 0.3285714285714285, 0.2142857142857143, 0.4714285714285714]",0.10714285714285711,0.2507142857142857,0.10264114224633636,0.7928571428571428,4.5,0.6428571428571427,15.680143237113953
svc,"[0.3285714285714285, 0.4142857142857143, 0.25, 0.14999999999999997, 0.08571428571428569, 0.17142857142857146, 0.3142857142857142, 0.10714285714285711, 0.2285714285714286, 0.3142857142857142]",0.08571428571428569,0.23642857142857138,0.10179260628295923,0.8071428571428572,4.4,0.6285714285714284,12.562317705154419
