classifier,all_fitness,best,avg,std_dev,acc,n_features,selected_rate,execution_time
knn,"[0.07785714285714283, 0.14714285714285721, 0.2885714285714286, 0.22214285714285717, 0.43000000000000005]",0.07785714285714283,0.23314285714285718,0.12120702478463394,0.7714285714285714,4.8,0.6857142857142856,10.546146345138549
svc,"[0.4328571428571429, 0.22214285714285717, 0.36357142857142855, 0.3621428571428571, 0.14714285714285721]",0.14714285714285721,0.3055714285714286,0.10471477294760936,0.7,6.0,0.8571428571428571,8.770378112792969
