classifier,all_fitness,best,avg,std_dev,acc,n_features,selected_rate,execution_time
knn,"[0.25, 0.29999999999999993, 0.17142857142857146, 0.29999999999999993, 0.3642857142857142]",0.17142857142857146,0.27714285714285714,0.06411087334947675,0.7428571428571429,3.2,0.45714285714285713,10.064070129394532
svc,"[0.2357142857142857, 0.25, 0.29999999999999993, 0.3142857142857142, 0.2357142857142857]",0.2357142857142857,0.2671428571428571,0.033380918415851175,0.7571428571428571,3.4,0.48571428571428565,9.938663387298584
