classifier,all_fitness,best,avg,std_dev,acc,n_features,selected_rate,execution_time
knn,"[0.14714285714285721, 0.07499999999999998, 0.2178571428571429, 0.07499999999999998, 0.35928571428571426]",0.07499999999999998,0.17485714285714288,0.1063709335777593,0.8285714285714286,3.6,0.5142857142857142,10.790448760986328
svc,"[0.005714285714285719, 0.21642857142857144, 0.35928571428571426, 0.14714285714285721, 0.2885714285714286]",0.005714285714285719,0.20342857142857146,0.12162958152538722,0.8,3.8,0.5428571428571429,9.965113210678101
