classifier,all_fitness,best,avg,std_dev,acc,n_features,selected_rate,execution_time
knn,"[0.12142857142857139, 0.2642857142857143, 0.2, 0.2785714285714286, 0.18571428571428575, 0.2, 0.3571428571428571, 0.2785714285714286, 0.13571428571428568, 0.07142857142857141]",0.07142857142857141,0.2092857142857143,0.0820682891355282,0.85,5.2,0.7428571428571429,9.994097757339478
svc,"[0.2785714285714286, 0.2285714285714286, 0.08571428571428569, 0.3428571428571428, 0.5714285714285714, 0.2642857142857143, 0.2785714285714286, 0.3285714285714285, 0.4928571428571429, 0.2142857142857143]",0.08571428571428569,0.30857142857142855,0.1316612846570738,0.7428571428571428,5.4,0.7714285714285714,8.760204172134399
