classifier,all_fitness,best,avg,std_dev,acc,n_features,selected_rate,execution_time
knn,"[0.2914285714285714, 0.2192857142857143, 0.22071428571428575, 0.29285714285714287, 0.3607142857142857]",0.2192857142857143,0.277,0.05285212331378474,0.7285714285714285,5.8,0.8285714285714285,10.860710859298706
svc,"[0.35928571428571426, 0.07928571428571426, 0.2192857142857143, 0.4314285714285715, 0.15000000000000008]",0.07928571428571426,0.24785714285714291,0.13032533858598266,0.7571428571428572,5.2,0.7428571428571429,9.292836093902588
