classifier,all_fitness,best,avg,std_dev,acc,n_features,selected_rate,execution_time
knn,"[0.18571428571428575, 0.13571428571428568, 0.4071428571428571, 0.3785714285714285, 0.3142857142857142, 0.13571428571428568, 0.44285714285714284, 0.2357142857142857, 0.25, 0.2642857142857143]",0.13571428571428568,0.275,0.10342353973553878,0.7642857142857142,4.4,0.6285714285714286,35.49792580604553
svc,"[0.2642857142857143, 0.2, 0.3142857142857142, 0.3285714285714285, 0.3142857142857142, 0.05714285714285713, 0.3642857142857142, 0.25, 0.2857142857142857, 0.3785714285714285]",0.05714285714285713,0.2757142857142857,0.08865203705200114,0.7571428571428572,4.0,0.5714285714285714,30.931468319892883
