classifier,all_fitness,best,avg,std_dev,acc,n_features,selected_rate,execution_time
knn,"[0.2357142857142857, 0.25, 0.2857142857142857, 0.2357142857142857, 0.3785714285714285, 0.5714285714285714, 0.4285714285714286, 0.09285714285714283, 0.22142857142857142, 0.028571428571428564]",0.028571428571428564,0.27285714285714285,0.14924298773394717,0.7428571428571428,2.9,0.41428571428571426,9.915893745422363
svc,"[0.2357142857142857, 0.4785714285714286, 0.29999999999999993, 0.29999999999999993, 0.2857142857142857, 0.29999999999999993, 0.2357142857142857, 0.3642857142857142, 0.4285714285714286, 0.4142857142857143]",0.2357142857142857,0.3342857142857142,0.07894715359798916,0.6714285714285714,2.7,0.3857142857142856,9.433723545074463
