classifier,all_fitness,best,avg,std_dev,acc,n_features,selected_rate,execution_time
knn,"[0.12142857142857139, 0.08571428571428569, 0.3928571428571428, 0.18571428571428575, 0.07142857142857141, 0.2642857142857143, 0.3928571428571428, 0.2642857142857143, 0.2142857142857143, 0.3285714285714285]",0.07142857142857141,0.23214285714285712,0.11181480680307129,0.8214285714285714,5.0,0.7142857142857142,2.174897885322571
svc,"[0.2785714285714286, 0.2285714285714286, 0.3928571428571428, 0.2, 0.2, 0.18571428571428575, 0.2642857142857143, 0.3142857142857142, 0.2928571428571428, 0.2142857142857143]",0.18571428571428575,0.2571428571428571,0.06144518047887587,0.8,5.4,0.7714285714285714,1.581426167488098
