classifier,all_fitness,best,avg,std_dev,acc,n_features,selected_rate,execution_time
knn,"[0.2642857142857143, 0.25, 0.18571428571428575, 0.2, 0.25, 0.3928571428571428, 0.2142857142857143, 0.2, 0.08571428571428569, 0.2857142857142857]",0.08571428571428569,0.23285714285714287,0.07506459803096942,0.8142857142857143,4.6,0.657142857142857,10.523010754585266
svc,"[0.29999999999999993, 0.05714285714285713, 0.2642857142857143, 0.25, 0.3642857142857142, 0.2928571428571428, 0.2785714285714286, 0.3285714285714285, 0.557142857142857, 0.2357142857142857]",0.05714285714285713,0.2928571428571428,0.11745602737768263,0.7428571428571429,4.3,0.6142857142857143,9.586342406272887
