classifier,all_fitness,best,avg,std_dev,acc,n_features,selected_rate,execution_time
knn,"[0.5533333333333333, 0.46333333333333326, 0.5599999999999999, 0.67, 0.35500000000000004, 0.17000000000000004, 0.26166666666666666, 0.0733333333333333, 0.5666666666666667, 0.6616666666666667]",0.0733333333333333,0.4335,0.19794422615137494,0.5888888888888888,38.1,0.635,1.2125436305999755
svc,"[0.3666666666666667, 0.25999999999999995, 0.6683333333333334, 0.4616666666666666, 0.5516666666666666, 0.6783333333333335, 0.26166666666666666, 0.2683333333333333, 0.45499999999999996, 0.4583333333333333]",0.25999999999999995,0.44299999999999995,0.14879478784180883,0.5777777777777777,37.8,0.6299999999999999,2.280226707458496
