classifier,best,avg,std_dev,acc,n_features,selected_rate,execution_time
knn,0.22649999999999998,0.3802333333333333,0.1315346426696109,0.6222222222222221,37.4,0.6233333333333333,1.183275079727173
svc,0.11600000000000005,0.44580000000000003,0.19681165277154364,0.5555555555555556,34.8,0.58,2.4351792335510254
