classifier,all_fitness,best,avg,std_dev,acc,n_features,selected_rate,execution_time
knn,"[0.22049999999999997, 0.22066666666666665, 0.7703333333333333, 0.44049999999999995, 0.4403333333333333]",0.22049999999999997,0.41846666666666665,0.20153878590043708,0.5777777777777777,2.8,0.04666666666666667,10.446276378631591
svc,"[0.33066666666666666, 0.44049999999999995, 0.22016666666666665, 0.4403333333333333, 0.22049999999999997]",0.22016666666666665,0.33043333333333325,0.09842439851084801,0.6666666666666666,2.6,0.043333333333333335,13.940286922454835
