classifier,all_fitness,best,avg,std_dev,acc,n_features,selected_rate,execution_time
knn,"[0.395, 0.1816666666666667, 0.3866666666666667, 0.4883333333333333, 0.4933333333333333, 0.6833333333333333, 0.3866666666666667, 0.3816666666666667, 0.5933333333333333, 0.3816666666666667]",0.1816666666666667,0.4371666666666667,0.13003001790185045,0.6111111111111112,52.3,0.8716666666666667,0.4973951578140259
svc,"[0.27999999999999997, 0.4883333333333333, 0.29166666666666663, 0.49499999999999994, 0.2933333333333333, 0.595, 0.48499999999999993, 0.18500000000000003, 0.6900000000000001, 0.595]",0.18500000000000003,0.43983333333333335,0.15876861220726918,0.6111111111111112,53.9,0.8983333333333332,0.8713953971862793
