classifier,all_fitness,best,avg,std_dev,acc,n_features,selected_rate,execution_time
knn,"[0.10666666666666672, 0.3166666666666667, 0.30833333333333335, 0.41666666666666663, 0.4066666666666666]",0.10666666666666672,0.31100000000000005,0.11145302946882049,0.6666666666666666,6.6,0.10999999999999999,18.535983514785766
svc,"[0.01333333333333333, 0.6083333333333334, 0.30833333333333335, 0.30833333333333335, 0.4066666666666666]",0.01333333333333333,0.329,0.1921243810081838,0.6444444444444445,5.4,0.09,35.10930342674256
