classifier,all_fitness,best,avg,std_dev,acc,n_features,selected_rate,execution_time
knn,"[0.3866666666666667, 0.29, 0.48666666666666664, 0.58, 0.29166666666666663, 0.37833333333333335, 0.6916666666666668, 0.395, 0.6900000000000001, 0.48]",0.29,0.46699999999999997,0.13967780385189657,0.5777777777777777,52.2,0.8700000000000001,0.4977546453475952
svc,"[0.2866666666666666, 0.59, 0.49499999999999994, 0.6833333333333333, 0.3916666666666667, 0.8883333333333332, 0.4966666666666666, 0.48166666666666663, 0.2933333333333333, 0.5833333333333333]",0.2866666666666666,0.5189999999999999,0.17209848601567906,0.5222222222222223,53.4,0.89,0.8724330425262451
