classifier,all_fitness,best,avg,std_dev,acc,n_features,selected_rate,execution_time
knn,"[0.6603333333333333, 0.44049999999999995, 0.5503333333333333, 0.6605000000000001, 0.3305]",0.3305,0.5284333333333333,0.12824094509944944,0.4666666666666666,2.6,0.043333333333333335,10.524784183502197
svc,"[0.44049999999999995, 0.5503333333333333, 0.7703333333333333, 0.5503333333333333, 0.2203333333333333]",0.2203333333333333,0.5063666666666666,0.17871654776333515,0.48888888888888893,2.2,0.03666666666666667,13.895333242416381
