classifier,best,avg,std_dev,acc,n_features,selected_rate,execution_time
knn,0.4443333333333333,0.4670333333333333,0.043735746884620105,0.5333333333333334,30.2,0.5033333333333333,8.358902406692504
svc,0.11583333333333339,0.31356666666666666,0.16138152172896233,0.6888888888888889,33.4,0.5566666666666666,11.563840532302857
