classifier,all_fitness,best,avg,std_dev,acc,n_features,selected_rate,execution_time
knn,"[0.5591666666666667, 0.11950000000000005, 0.4491666666666666, 0.11900000000000005, 0.3393333333333334]",0.11900000000000005,0.31723333333333337,0.17596674559573902,0.6888888888888889,55.4,0.9233333333333332,6.008809757232666
svc,"[0.44399999999999995, 0.4488333333333333, 0.6648333333333334, 0.44499999999999995, 0.22949999999999998]",0.22949999999999998,0.44643333333333324,0.13767524589893906,0.5555555555555556,38.6,0.6433333333333333,10.03237600326538
