classifier,best,avg,std_dev,acc,n_features,selected_rate,execution_time
knn,0.11316666666666671,0.3111333333333333,0.16161681018177945,0.6888888888888889,18.8,0.31333333333333335,5.859966897964478
svc,0.2223333333333333,0.5308333333333334,0.27320118756859185,0.4666666666666666,17.0,0.2833333333333333,9.153434038162231
