classifier,best,avg,std_dev,acc,n_features,selected_rate,execution_time
knn,0.11533333333333338,0.4679333333333333,0.21340838783890384,0.5333333333333333,35.6,0.5933333333333334,6.620508050918579
svc,0.2248333333333333,0.33563333333333334,0.06988779896694733,0.6666666666666666,33.8,0.5633333333333334,10.547391510009765
