classifier,all_fitness,best,avg,std_dev,acc,n_features,selected_rate,execution_time
knn,"[0.42666666666666664, 0.44166666666666665, 0.5316666666666666, 0.13333333333333336, 0.3383333333333334, 0.33333333333333337, 0.5383333333333333, 0.545, 0.5333333333333333, 0.5316666666666666]",0.13333333333333336,0.43533333333333335,0.1272525922023682,0.5555555555555556,21.2,0.35333333333333333,8.588585615158081
svc,"[0.43666666666666665, 0.6366666666666667, 0.6366666666666667, 0.3483333333333334, 0.235, 0.24499999999999997, 0.545, 0.13833333333333336, 0.44166666666666665, 0.5333333333333333]",0.13833333333333336,0.41966666666666663,0.16505352667140036,0.5777777777777777,23.8,0.39666666666666667,14.972594857215881
