classifier,all_fitness,best,avg,std_dev,acc,n_features,selected_rate,execution_time
knn,"[0.3666666666666667, 0.29166666666666663, 0.4916666666666666, 0.44166666666666665, 0.4433333333333333]",0.29166666666666663,0.4069999999999999,0.07016963572498987,0.6222222222222221,40.2,0.6699999999999999,5.330527448654175
svc,"[0.5533333333333333, 0.25166666666666665, 0.4966666666666666, 0.5483333333333333, 0.5466666666666666]",0.25166666666666665,0.4793333333333333,0.1156748316042287,0.5333333333333334,35.6,0.5933333333333334,9.8734610080719
