classifier,all_fitness,best,avg,std_dev,acc,n_features,selected_rate,execution_time
knn,"[0.6583333333333334, 0.35000000000000003, 0.46333333333333326, 0.3566666666666667, 0.255]",0.255,0.4166666666666667,0.13766707021732624,0.6,34.0,0.5666666666666667,1.212967300415039
svc,"[0.15500000000000003, 0.255, 0.3583333333333334, 0.2733333333333333, 0.5549999999999999]",0.15500000000000003,0.31933333333333336,0.1344023809312915,0.711111111111111,35.6,0.5933333333333334,2.354757213592529
