classifier,best,avg,std_dev,acc,n_features,selected_rate,execution_time
knn,0.2278333333333333,0.35783333333333334,0.0812974647684525,0.6444444444444444,35.0,0.5833333333333333,8.231772899627686
svc,0.22849999999999998,0.3373666666666667,0.06930940292148917,0.6666666666666666,44.2,0.7366666666666666,13.31903305053711
