classifier,all_fitness,best,avg,std_dev,acc,n_features,selected_rate,execution_time
knn,"[0.26166666666666666, 0.6966666666666668, 0.5766666666666667, 0.5733333333333333, 0.4766666666666666, 0.4616666666666666, 0.5633333333333334, 0.26166666666666666, 0.2583333333333333, 0.46833333333333327]",0.2583333333333333,0.45983333333333326,0.14588894177878367,0.5666666666666667,41.9,0.6983333333333334,9.57160120010376
svc,"[0.5633333333333334, 0.55, 0.2683333333333333, 0.46833333333333327, 0.57, 0.37333333333333335, 0.16333333333333336, 0.765, 0.46833333333333327, 0.5633333333333334]",0.16333333333333336,0.4753333333333333,0.16267349712435233,0.5444444444444445,39.2,0.6533333333333333,16.960189723968504
