classifier,all_fitness,best,avg,std_dev,acc,n_features,selected_rate,execution_time
knn,"[0.45999999999999996, 0.36833333333333335, 0.4566666666666666, 0.4433333333333333, 0.4666666666666666, 0.5483333333333333, 0.4566666666666666, 0.3483333333333334, 0.5466666666666666, 0.25999999999999995]",0.25999999999999995,0.43549999999999994,0.08398098329714623,0.5777777777777777,33.3,0.5549999999999999,7.456165385246277
svc,"[0.8533333333333333, 0.35500000000000004, 0.1616666666666667, 0.2683333333333333, 0.6633333333333334, 0.16333333333333336, 0.6733333333333333, 0.47, 0.45999999999999996, 0.5666666666666667]",0.1616666666666667,0.46349999999999997,0.21856279290959943,0.5555555555555556,38.1,0.635,12.822903943061828
