classifier,best,avg,std_dev,acc,n_features,selected_rate,execution_time
knn,0.11616666666666671,0.3592,0.14638713513602666,0.6444444444444444,43.2,0.72,6.821189498901367
svc,0.11450000000000005,0.27233333333333337,0.2571686217251241,0.7333333333333333,50.0,0.8333333333333334,10.187833786010742
