classifier,all_fitness,best,avg,std_dev,acc,n_features,selected_rate,execution_time
knn,"[0.3335, 0.33316666666666667, 0.33216666666666667, 0.33433333333333337, 0.4438333333333333]",0.33216666666666667,0.35540000000000005,0.04422211613610948,0.6444444444444445,20.4,0.33999999999999997,5.360791206359863
svc,"[0.44349999999999995, 0.5536666666666668, 0.33216666666666667, 0.33266666666666667, 0.33283333333333337]",0.33216666666666667,0.3989666666666667,0.08848373359613118,0.5999999999999999,17.8,0.2966666666666667,8.8523690700531
