classifier,all_fitness,best,avg,std_dev,acc,n_features,selected_rate,execution_time
knn,"[0.3016666666666667, 0.3033333333333334, 0.20166666666666666, 0.205, 0.30833333333333335, 0.2033333333333333, 0.3066666666666667, 0.20166666666666666, 0.20166666666666666, 0.4066666666666666]",0.20166666666666666,0.264,0.06776675684532449,0.711111111111111,2.4,0.039999999999999994,10.439634418487548
svc,"[0.3033333333333334, 0.4033333333333333, 0.4033333333333333, 0.4016666666666666, 0.3016666666666667, 0.5083333333333333, 0.4016666666666666, 0.5033333333333333, 0.6050000000000001, 0.5033333333333333]",0.3016666666666667,0.4335,0.09106911294908572,0.5222222222222223,2.1,0.034999999999999996,13.538429260253906
