classifier,best,avg,std_dev,acc,n_features,selected_rate,execution_time
knn,0.22666666666666666,0.42489999999999994,0.14612443707714023,0.5777777777777777,41.4,0.6900000000000001,11.017021417617798
svc,0.3358333333333334,0.5562,0.18428472535725796,0.4444444444444445,37.2,0.62,18.592688846588135
