classifier,all_fitness,best,avg,std_dev,acc,n_features,selected_rate,execution_time
knn,"[0.22516666666666665, 0.2253333333333333, 0.33333333333333337, 0.44299999999999995, 0.22549999999999998]",0.22516666666666665,0.2904666666666667,0.08698399597371664,0.711111111111111,26.8,0.44666666666666666,8.417759704589844
svc,"[0.2258333333333333, 0.3363333333333334, 0.22516666666666665, 0.5555000000000001, 0.44449999999999995]",0.22516666666666665,0.3574666666666667,0.12811654416541562,0.6444444444444445,32.8,0.5466666666666666,11.723033380508422
