classifier,all_fitness,best,avg,std_dev,acc,n_features,selected_rate,execution_time
knn,"[0.44899999999999995, 0.2253333333333333, 0.11900000000000005, 0.5595000000000001, 0.4448333333333333]",0.11900000000000005,0.35953333333333337,0.1619462668088812,0.6444444444444445,45.2,0.7533333333333333,6.722158813476563
svc,"[0.2248333333333333, 0.44899999999999995, 0.2293333333333333, 0.4451666666666666, 0.3395]",0.2248333333333333,0.3375666666666667,0.09840949592843612,0.6666666666666667,45.4,0.7566666666666666,10.152807760238648
