classifier,all_fitness,best,avg,std_dev,acc,n_features,selected_rate,execution_time
knn,"[0.35000000000000003, 0.4433333333333333, 0.35500000000000004, 0.5416666666666666, 0.3716666666666667]",0.35000000000000003,0.41233333333333333,0.07282093716019374,0.5999999999999999,31.4,0.5233333333333333,7.287783145904541
svc,"[0.7716666666666667, 0.2533333333333333, 0.25999999999999995, 0.5733333333333333, 0.48]",0.2533333333333333,0.46766666666666656,0.1963658716670378,0.5555555555555556,40.6,0.6766666666666667,13.487964200973511
