classifier,all_fitness,best,avg,std_dev,acc,n_features,selected_rate,execution_time
knn,"[0.22416666666666665, 0.4443333333333333, 0.33333333333333337, 0.33366666666666667, 0.11300000000000004]",0.11300000000000004,0.2897,0.11248636460576998,0.711111111111111,22.2,0.37,5.309178352355957
svc,"[0.22299999999999998, 0.5535, 0.4426666666666666, 0.4421666666666666, 0.4428333333333333]",0.22299999999999998,0.4208333333333333,0.10784644433431988,0.5777777777777778,17.0,0.2833333333333333,8.923502111434937
