classifier,all_fitness,best,avg,std_dev,acc,n_features,selected_rate,execution_time
knn,"[0.44999999999999996, 0.335, 0.235, 0.24, 0.3433333333333334, 0.3466666666666667, 0.14000000000000004, 0.4383333333333333, 0.545, 0.35000000000000003]",0.14000000000000004,0.3423333333333333,0.11177904792739807,0.6666666666666667,25.4,0.42333333333333345,4.73779661655426
svc,"[0.5566666666666666, 0.24, 0.6366666666666667, 0.4616666666666666, 0.45499999999999996, 0.44499999999999995, 0.4383333333333333, 0.3416666666666667, 0.5533333333333333, 0.3616666666666667]",0.24,0.449,0.10993230240066434,0.5555555555555556,29.4,0.49000000000000005,8.398810482025146
