classifier,all_fitness,best,avg,std_dev,acc,n_features,selected_rate,execution_time
knn,"[0.44549999999999995, 0.6651666666666667, 0.2258333333333333, 0.3355, 0.44599999999999995]",0.2258333333333333,0.4236000000000001,0.1457457298783665,0.5777777777777777,33.6,0.56,6.706540250778199
svc,"[0.4461666666666666, 0.3363333333333334, 0.33516666666666667, 0.11500000000000005, 0.44549999999999995]",0.11500000000000005,0.33563333333333334,0.12080403782802769,0.6666666666666666,33.8,0.5633333333333332,10.362724542617798
