classifier,all_fitness,best,avg,std_dev,acc,n_features,selected_rate,execution_time
knn,"[0.36500000000000005, 0.3566666666666667, 0.2533333333333333, 0.45999999999999996, 0.5516666666666666, 0.24333333333333332, 0.44499999999999995, 0.6566666666666667, 0.17000000000000004, 0.36000000000000004]",0.17000000000000004,0.38616666666666666,0.14008935640432424,0.6333333333333335,33.7,0.5616666666666666,7.653178119659424
svc,"[0.6500000000000001, 0.44999999999999996, 0.3516666666666667, 0.1616666666666667, 0.46333333333333326, 0.6716666666666667, 0.4666666666666666, 0.255, 0.45499999999999996, 0.26166666666666666]",0.1616666666666667,0.41866666666666663,0.1568753928724607,0.5999999999999999,35.2,0.5866666666666667,11.098953127861023
