classifier,all_fitness,best,avg,std_dev,acc,n_features,selected_rate,execution_time
knn,"[0.255, 0.26166666666666666, 0.14833333333333337, 0.2483333333333333, 0.4516666666666666, 0.3483333333333334, 0.55, 0.35500000000000004, 0.13666666666666671, 0.2383333333333333]",0.13666666666666671,0.29933333333333334,0.12268115856425006,0.7222222222222222,29.6,0.49333333333333335,19.364876890182494
svc,"[0.5583333333333333, 0.1466666666666667, 0.45499999999999996, 0.4566666666666666, 0.3583333333333334, 0.5483333333333333, 0.25666666666666665, 0.3583333333333334, 0.4583333333333333, 0.4533333333333333]",0.1466666666666667,0.4050000000000001,0.12144957801491117,0.611111111111111,33.0,0.55,33.835926342010495
