classifier,all_fitness,best,avg,std_dev,acc,n_features,selected_rate,execution_time
knn,"[0.44199999999999995, 0.333, 0.33066666666666666, 0.11150000000000004, 0.4408333333333333]",0.11150000000000004,0.3316,0.1204715088493725,0.6666666666666666,9.6,0.16,21.016962718963622
svc,"[0.3305, 0.2208333333333333, 0.4416666666666666, 0.5508333333333334, 0.22099999999999997]",0.2208333333333333,0.35296666666666665,0.12837295492258313,0.6444444444444445,5.8,0.09666666666666665,35.04302201271057
