classifier,all_fitness,best,avg,std_dev,acc,n_features,selected_rate,execution_time
knn,"[0.46333333333333326, 0.5566666666666666, 0.37, 0.4583333333333333, 0.36500000000000005, 0.15833333333333338, 0.16000000000000003, 0.4583333333333333, 0.46333333333333326, 0.2683333333333333]",0.15833333333333338,0.37216666666666665,0.12926297484843316,0.6555555555555556,37.3,0.6216666666666667,1.3273324012756347
svc,"[0.36500000000000005, 0.4666666666666666, 0.6633333333333334, 0.17333333333333334, 0.36500000000000005, 0.8666666666666666, 0.3666666666666667, 0.5733333333333333, 0.2633333333333333, 0.46333333333333326]",0.17333333333333334,0.45666666666666667,0.19160578743288986,0.5666666666666667,40.0,0.6666666666666666,1.9718742847442627
