classifier,all_fitness,best,avg,std_dev,acc,n_features,selected_rate,execution_time
knn,"[0.2716666666666666, 0.24666666666666665, 0.46833333333333327, 0.5633333333333334, 0.2533333333333333, 0.25666666666666665, 0.4716666666666666, 0.46499999999999997, 0.05499999999999999, 0.2666666666666666]",0.05499999999999999,0.3318333333333333,0.14597269531586302,0.7,37.1,0.6183333333333334,7.732792043685913
svc,"[0.36833333333333335, 0.6583333333333334, 0.2683333333333333, 0.25666666666666665, 0.33333333333333337, 0.46833333333333327, 0.16666666666666669, 0.57, 0.5533333333333333, 0.6666666666666667]",0.16666666666666669,0.43099999999999994,0.16825278600962307,0.5888888888888888,36.6,0.6100000000000001,11.081954336166381
