classifier,all_fitness,best,avg,std_dev,acc,n_features,selected_rate,execution_time
knn,"[0.22449999999999998, 0.6645000000000001, 0.22416666666666665, 0.335, 0.22466666666666665]",0.22416666666666665,0.3345666666666666,0.17043299758751732,0.6666666666666666,27.4,0.45666666666666667,9.773836755752564
svc,"[0.5551666666666667, 0.4446666666666666, 0.5553333333333333, 0.0046666666666666705, 0.11533333333333338]",0.0046666666666666705,0.3350333333333333,0.2308334753308829,0.6666666666666667,30.2,0.5033333333333333,13.006015062332153
