classifier,all_fitness,best,avg,std_dev,acc,n_features,selected_rate,execution_time
knn,"[0.36000000000000004, 0.25166666666666665, 0.4566666666666666, 0.26166666666666666, 0.4533333333333333]",0.25166666666666665,0.3566666666666667,0.0887756222794924,0.6666666666666666,34.0,0.5666666666666667,5.4633935451507565
svc,"[0.45999999999999996, 0.4533333333333333, 0.4516666666666666, 0.5533333333333333, 0.3566666666666667]",0.3566666666666667,0.45500000000000007,0.06225396015962,0.5555555555555556,33.0,0.55,10.004009246826172
