classifier,all_fitness,best,avg,std_dev,acc,n_features,selected_rate,execution_time
knn,"[0.336, 0.22666666666666666, 0.2268333333333333, 0.4466666666666666, 0.44649999999999995]",0.22666666666666666,0.3365333333333333,0.09831284532326157,0.6666666666666666,39.2,0.6533333333333333,2.20942964553833
svc,"[0.005833333333333339, 0.557, 0.6658333333333334, 0.44549999999999995, 0.33566666666666667]",0.005833333333333339,0.4019666666666667,0.2266598381324363,0.5999999999999999,35.8,0.5966666666666667,2.162048673629761
