classifier,all_fitness,best,avg,std_dev,acc,n_features,selected_rate,execution_time
knn,"[0.42, 0.21833333333333332, 0.5116666666666667, 0.5116666666666667, 0.21499999999999997]",0.21499999999999997,0.3753333333333333,0.13380915099083804,0.6,9.2,0.15333333333333335,8.474042272567749
svc,"[0.1116666666666667, 0.21833333333333332, 0.4116666666666666, 0.3116666666666667, 0.21333333333333332]",0.1116666666666667,0.25333333333333335,0.10135745326976864,0.7333333333333333,8.0,0.13333333333333333,15.714791202545166
