classifier,all_fitness,best,avg,std_dev,acc,n_features,selected_rate,execution_time
knn,"[0.24, 0.24166666666666664, 0.3466666666666667, 0.2333333333333333, 0.13500000000000004, 0.2533333333333333, 0.4433333333333333, 0.3466666666666667, 0.44999999999999996, 0.4533333333333333]",0.13500000000000004,0.31433333333333324,0.10474095028529512,0.7,26.6,0.44333333333333336,31.475515818595888
svc,"[0.14500000000000005, 0.36333333333333334, 0.7483333333333334, 0.5516666666666666, 0.5549999999999999, 0.6450000000000001, 0.4483333333333333, 0.4483333333333333, 0.14833333333333337, 0.545]",0.14500000000000005,0.45983333333333337,0.18654527302745813,0.5444444444444445,29.9,0.49833333333333335,55.219316363334656
