classifier,all_fitness,best,avg,std_dev,acc,n_features,selected_rate,execution_time
knn,"[0.4933333333333333, 0.4516666666666666, 0.35000000000000003, 0.3416666666666667, 0.4433333333333333, 0.4333333333333333, 0.4466666666666666, 0.5599999999999999, 0.4516666666666666, 0.6900000000000001]",0.3416666666666667,0.4661666666666666,0.09541444684462971,0.5444444444444444,33.7,0.5616666666666668,6.134330701828003
svc,"[0.29166666666666663, 0.29666666666666663, 0.6400000000000001, 0.14500000000000005, 0.5916666666666667, 0.5483333333333333, 0.3816666666666667, 0.4483333333333333, 0.2483333333333333, 0.25166666666666665]",0.14500000000000005,0.3843333333333333,0.15779769044923034,0.6444444444444445,38.6,0.6433333333333333,9.807857418060303
