classifier,all_fitness,best,avg,std_dev,acc,n_features,selected_rate,execution_time
knn,"[0.2633333333333333, 0.2666666666666666, 0.25999999999999995, 0.5466666666666666, 0.4583333333333333, 0.3583333333333334, 0.15500000000000003, 0.5566666666666666, 0.26166666666666666, 0.565]",0.15500000000000003,0.36916666666666664,0.14287377879326446,0.6555555555555556,35.5,0.5916666666666666,9.63527717590332
svc,"[0.4616666666666666, 0.5666666666666667, 0.17000000000000004, 0.29499999999999993, 0.77, 0.2533333333333333, 0.2683333333333333, 0.36500000000000005, 0.675, 0.6683333333333334]",0.17000000000000004,0.4493333333333334,0.19893913083598658,0.5777777777777777,41.6,0.6933333333333334,17.091332864761352
