classifier,all_fitness,best,avg,std_dev,acc,n_features,selected_rate,execution_time
knn,"[0.2268333333333333, 0.33816666666666667, 0.7756666666666667, 0.4446666666666666, 0.22566666666666665]",0.22566666666666665,0.40219999999999995,0.20361656230386677,0.6,37.2,0.6199999999999999,9.167401647567749
svc,"[0.009166666666666674, 0.5586666666666668, 0.4453333333333333, 0.4488333333333333, 0.5573333333333333]",0.009166666666666674,0.4038666666666667,0.20349183439800891,0.6,47.2,0.7866666666666666,14.113456678390502
