classifier,all_fitness,best,avg,std_dev,acc,n_features,selected_rate,execution_time
knn,"[0.43499999999999994, 0.33333333333333337, 0.33, 0.43999999999999995, 0.535, 0.4333333333333333, 0.44166666666666665, 0.235, 0.24, 0.4433333333333333]",0.235,0.3866666666666667,0.09282600210429545,0.6111111111111112,22.0,0.3666666666666666,8.647922611236572
svc,"[0.3466666666666667, 0.03833333333333333, 0.335, 0.4466666666666666, 0.44166666666666665, 0.545, 0.335, 0.53, 0.43499999999999994, 0.2333333333333333]",0.03833333333333333,0.36866666666666664,0.14252056381838768,0.6333333333333333,23.2,0.3866666666666667,14.964845943450928
