classifier,all_fitness,best,avg,std_dev,acc,n_features,selected_rate,execution_time
knn,"[0.336, 0.5563333333333333, 0.2253333333333333, 0.3365, 0.33616666666666667]",0.2253333333333333,0.3580666666666667,0.10803654731411753,0.6444444444444444,36.4,0.6066666666666667,10.795806694030762
svc,"[0.4496666666666666, 0.3365, 0.44599999999999995, 0.7758333333333334, 0.33616666666666667]",0.33616666666666667,0.4688333333333333,0.16140029602065653,0.5333333333333333,41.0,0.6833333333333333,18.019896602630617
