classifier,best,avg,std_dev,acc,n_features,selected_rate,execution_time
knn,0.33033333333333337,0.44060000000000005,0.09846158867520091,0.5555555555555556,3.6,0.06,11.216679000854493
svc,0.0005000000000000004,0.3523333333333333,0.1891930524916576,0.6444444444444445,2.0,0.03333333333333334,14.193137836456298
