classifier,all_fitness,best,avg,std_dev,acc,n_features,selected_rate,execution_time
knn,"[0.33483333333333337, 0.33466666666666667, 0.5541666666666667, 0.4446666666666666, 0.4443333333333333]",0.33466666666666667,0.4225333333333333,0.08210274051455287,0.5777777777777777,27.2,0.4533333333333333,9.823863410949707
svc,"[0.11583333333333339, 0.11533333333333338, 0.44399999999999995, 0.33516666666666667, 0.8848333333333332]",0.11533333333333338,0.3790333333333333,0.2831220663326058,0.6222222222222221,30.2,0.5033333333333333,13.058482217788697
