classifier,all_fitness,best,avg,std_dev,acc,n_features,selected_rate,execution_time
knn,"[0.505, 0.3033333333333334, 0.4033333333333333, 0.4066666666666666, 0.40499999999999997]",0.3033333333333334,0.4046666666666666,0.06378261692829967,0.5555555555555556,2.8,0.04666666666666667,9.034675741195679
svc,"[0.5033333333333333, 0.20833333333333331, 0.2033333333333333, 0.40499999999999997, 0.4033333333333333]",0.2033333333333333,0.3446666666666667,0.11901167076290366,0.6222222222222221,2.8,0.04666666666666667,13.982755184173584
