classifier,all_fitness,best,avg,std_dev,acc,n_features,selected_rate,execution_time
knn,"[0.22416666666666665, 0.2238333333333333, 0.33433333333333337, 0.6653333333333333, 0.11400000000000005]",0.11400000000000005,0.31233333333333335,0.189754958945595,0.6888888888888889,26.0,0.4333333333333333,35.840387678146364
svc,"[0.4438333333333333, 0.5543333333333333, 0.2248333333333333, 0.4433333333333333, 0.22366666666666665]",0.22366666666666665,0.378,0.1318898951566967,0.6222222222222221,24.0,0.4,56.83152441978454
