classifier,best,avg,std_dev,acc,n_features,selected_rate,execution_time
knn,0.2248333333333333,0.37836666666666663,0.11200225196148714,0.6222222222222221,26.2,0.4366666666666667,33.18416347503662
svc,0.11400000000000005,0.2464666666666667,0.08241692113206418,0.7555555555555554,26.8,0.44666666666666666,56.45493149757385
