classifier,all_fitness,best,avg,std_dev,acc,n_features,selected_rate,execution_time
knn,"[0.552, 0.22166666666666665, 0.551, 0.662, 0.4421666666666666]",0.22166666666666665,0.4857666666666667,0.14923149801566693,0.5111111111111111,10.6,0.1766666666666667,10.000733804702758
svc,"[0.22166666666666665, 0.33216666666666667, 0.552, 0.11283333333333338, 0.6613333333333333]",0.11283333333333338,0.376,0.2036604745376208,0.6222222222222222,12.0,0.19999999999999998,16.375296306610107
