classifier,all_fitness,best,avg,std_dev,acc,n_features,selected_rate,execution_time
knn,"[0.4516666666666666, 0.25666666666666665, 0.35500000000000004, 0.5549999999999999, 0.1566666666666667, 0.3433333333333334, 0.5583333333333333, 0.3483333333333334, 0.2583333333333333, 0.34500000000000003]",0.1566666666666667,0.36283333333333334,0.12194500126423112,0.6555555555555556,31.7,0.5283333333333333,8.64013204574585
svc,"[0.24999999999999997, 0.6416666666666667, 0.3533333333333334, 0.5549999999999999, 0.44499999999999995, 0.75, 0.4483333333333333, 0.5599999999999999, 0.2483333333333333, 0.7516666666666667]",0.2483333333333333,0.5003333333333333,0.17480592413047996,0.5,30.2,0.5033333333333333,12.54578173160553
