classifier,all_fitness,best,avg,std_dev,acc,n_features,selected_rate,execution_time
knn,"[0.33, 0.5433333333333333, 0.5666666666666667, 0.45499999999999996, 0.3516666666666667]",0.33,0.4493333333333333,0.0963477497863281,0.5555555555555556,29.6,0.49333333333333335,7.030792188644409
svc,"[0.3666666666666667, 0.5633333333333334, 0.24666666666666665, 0.66, 0.6433333333333334]",0.24666666666666665,0.4960000000000001,0.16249991452989207,0.5111111111111112,33.6,0.5599999999999999,11.567242050170899
