classifier,best,avg,std_dev,acc,n_features,selected_rate,execution_time
knn,0.3345,0.48823333333333324,0.20364578725489668,0.5111111111111112,25.4,0.42333333333333334,7.848898553848267
svc,0.335,0.5545333333333333,0.1551394498149613,0.4444444444444445,27.2,0.4533333333333333,11.376212358474731
