classifier,all_fitness,best,avg,std_dev,acc,n_features,selected_rate,execution_time
knn,"[0.11500000000000005, 0.4456666666666666, 0.6663333333333333, 0.5553333333333333, 0.7758333333333334]",0.11500000000000005,0.5116333333333334,0.22685370714282901,0.48888888888888893,33.8,0.5633333333333334,6.680648612976074
svc,"[0.2248333333333333, 0.33466666666666667, 0.33566666666666667, 0.4456666666666666, 0.5556666666666668]",0.2248333333333333,0.3793,0.11248616705078801,0.6222222222222223,31.8,0.5299999999999999,10.436764669418334
