classifier,all_fitness,best,avg,std_dev,acc,n_features,selected_rate,execution_time
knn,"[0.33366666666666667, 0.4453333333333333, 0.33333333333333337, 0.2233333333333333, 0.5546666666666668]",0.2233333333333333,0.37806666666666666,0.1128070919756378,0.6222222222222221,24.4,0.4066666666666666,36.42796630859375
svc,"[0.33433333333333337, 0.3345, 0.22416666666666665, 0.5545, 0.33416666666666667]",0.22416666666666665,0.35633333333333334,0.10787966547140486,0.6444444444444444,26.0,0.4333333333333333,59.46909761428833
