classifier,all_fitness,best,avg,std_dev,acc,n_features,selected_rate,execution_time
knn,"[0.33166666666666667, 0.3315, 0.44199999999999995, 0.33116666666666666, 0.33133333333333337]",0.33116666666666666,0.3535333333333333,0.04423364732367831,0.6444444444444444,9.2,0.15333333333333332,20.237230396270753
svc,"[0.6608333333333334, 0.22049999999999997, 0.22049999999999997, 0.6608333333333334, 0.3305]",0.22049999999999997,0.41863333333333336,0.20179335965288853,0.5777777777777777,3.8,0.06333333333333332,34.404482221603395
