classifier,best,avg,std_dev,acc,n_features,selected_rate,execution_time
knn,0.22566666666666665,0.4461666666666667,0.18418514236133887,0.5555555555555556,37.0,0.6166666666666667,4.060854482650757
svc,0.22499999999999998,0.44556666666666667,0.18426582850750048,0.5555555555555556,33.4,0.5566666666666666,5.246006202697754
