classifier,best,avg,std_dev,acc,n_features,selected_rate,execution_time
knn,0.11333333333333338,0.3554333333333334,0.18939654461238492,0.6444444444444445,20.6,0.3433333333333334,9.349074745178223
svc,0.3325,0.4211666666666667,0.0824957237949001,0.5777777777777777,19.0,0.3166666666666667,15.752474546432495
