classifier,all_fitness,best,avg,std_dev,acc,n_features,selected_rate,execution_time
knn,"[0.25166666666666665, 0.44166666666666665, 0.3516666666666667, 0.3433333333333334, 0.46333333333333326, 0.3483333333333334, 0.6516666666666667, 0.14166666666666672, 0.35500000000000004, 0.35000000000000003]",0.14166666666666672,0.36983333333333335,0.12706833244798293,0.6444444444444446,29.9,0.49833333333333335,10.14157168865204
svc,"[0.4433333333333333, 0.655, 0.25999999999999995, 0.14166666666666672, 0.3566666666666667, 0.6583333333333334, 0.3416666666666667, 0.2483333333333333, 0.24333333333333332, 0.5516666666666666]",0.14166666666666672,0.39,0.17169902607631635,0.6222222222222222,30.0,0.5,13.280442094802856
