classifier,all_fitness,best,avg,std_dev,acc,n_features,selected_rate,execution_time
knn,"[0.34, 0.6450000000000001, 0.15000000000000002, 0.44166666666666665, 0.14833333333333337, 0.14333333333333337, 0.4433333333333333, 0.33666666666666667, 0.4466666666666666, 0.3516666666666667]",0.14333333333333337,0.3446666666666667,0.15390256658028806,0.6666666666666667,26.8,0.44666666666666666,4.754547953605652
svc,"[0.3566666666666667, 0.44999999999999996, 0.14166666666666672, 0.25666666666666665, 0.1616666666666667, 0.44166666666666665, 0.25166666666666665, 0.7450000000000001, 0.6616666666666667, 0.4433333333333333]",0.14166666666666672,0.391,0.1899374165935249,0.6222222222222222,30.6,0.51,8.430537581443787
