classifier,all_fitness,best,avg,std_dev,acc,n_features,selected_rate,execution_time
knn,"[0.2583333333333333, 0.2633333333333333, 0.5683333333333334, 0.5583333333333333, 0.565, 0.5616666666666666, 0.4533333333333333, 0.7633333333333334, 0.45999999999999996, 0.5666666666666667]",0.2583333333333333,0.5018333333333332,0.1442383251582063,0.5111111111111111,37.1,0.6183333333333333,6.178948521614075
svc,"[0.3583333333333334, 0.5583333333333333, 0.2683333333333333, 0.35500000000000004, 0.5566666666666666, 0.048333333333333325, 0.26166666666666666, 0.46333333333333326, 0.5616666666666666, 0.4616666666666666]",0.048333333333333325,0.3893333333333333,0.15694868234199638,0.6333333333333333,35.6,0.5933333333333334,9.96093385219574
