classifier,best,avg,std_dev,acc,n_features,selected_rate,execution_time
knn,0.22116666666666665,0.3971,0.11208714863394861,0.6,6.6,0.11000000000000001,21.737605094909668
svc,0.22066666666666665,0.28686666666666666,0.053984195217983345,0.711111111111111,5.2,0.08666666666666667,35.556933069229125
