classifier,all_fitness,best,avg,std_dev,acc,n_features,selected_rate,execution_time
knn,"[0.5416666666666666, 0.6483333333333334, 0.6400000000000001, 0.4533333333333333, 0.3316666666666667]",0.3316666666666667,0.5229999999999999,0.11933798873600795,0.4666666666666666,25.8,0.43000000000000005,30.667937421798705
svc,"[0.44499999999999995, 0.4483333333333333, 0.35000000000000003, 0.6466666666666667, 0.23666666666666664]",0.23666666666666664,0.4253333333333334,0.13503662054749777,0.5777777777777777,27.2,0.4533333333333333,57.04172430038452
