classifier,all_fitness,best,avg,std_dev,acc,n_features,selected_rate,execution_time
knn,"[0.22549999999999998, 0.4463333333333333, 0.3365, 0.11666666666666671, 0.336]",0.11666666666666671,0.2922,0.11215957877556026,0.711111111111111,37.2,0.62,10.791573810577393
svc,"[0.336, 0.11633333333333339, 0.5558333333333334, 0.3363333333333334, 0.3358333333333334]",0.11633333333333339,0.33606666666666674,0.13898219710132342,0.6666666666666666,36.4,0.6066666666666667,18.174809885025024
