classifier,all_fitness,best,avg,std_dev,acc,n_features,selected_rate,execution_time
knn,"[0.255, 0.66, 0.4483333333333333, 0.45999999999999996, 0.35000000000000003, 0.44999999999999996, 0.3483333333333334, 0.4566666666666666, 0.3433333333333334, 0.16333333333333336]",0.16333333333333336,0.3935,0.12815669662131934,0.6222222222222223,32.1,0.5349999999999999,7.394162392616272
svc,"[0.24333333333333332, 0.25666666666666665, 0.5583333333333333, 0.2583333333333333, 0.1766666666666667, 0.6583333333333334, 0.5633333333333334, 0.35000000000000003, 0.6516666666666667, 0.4533333333333333]",0.1766666666666667,0.4170000000000001,0.1730057802502564,0.5999999999999999,34.2,0.5700000000000001,12.784259033203124
