classifier,all_fitness,best,avg,std_dev,acc,n_features,selected_rate,execution_time
knn,"[0.039999999999999994, 0.2389855072463768, 0.07246376811594199, 0.24231884057971012, 0.11826086956521743, 0.12159420289855077, 0.04333333333333333, 0.07246376811594199, 0.15405797101449276, 0.059999999999999984]",0.039999999999999994,0.11634782608695653,0.07109763840026867,0.9173913043478261,12.6,0.42000000000000004,7.716077446937561
svc,"[0.11826086956521743, 0.11826086956521743, 0.11826086956521743, 0.13492753623188408, 0.16739130434782612, 0.11492753623188409, 0.12159420289855077, 0.16405797101449276, 0.2323188405797101, 0.10826086956521744]",0.10826086956521744,0.13982608695652177,0.036427748851231644,0.8913043478260869,12.6,0.42000000000000004,13.310127663612366
