classifier,all_fitness,best,avg,std_dev,acc,n_features,selected_rate,execution_time
knn,"[0.0010000000000000009, 0.04371014492753621, 0.04371014492753621, 0.04371014492753621, 0.04371014492753621]",0.0010000000000000009,0.03516811594202897,0.017084057971014484,0.9652173913043478,2.2,0.07333333333333333,6.734207105636597
svc,"[0.04371014492753621, 0.17317391304347826, 0.25926086956521743, 0.1297971014492754, 0.04371014492753621]",0.04371014492753621,0.1299304347826087,0.08180984575993298,0.8695652173913043,2.4,0.08,17.8184513092041
