classifier,all_fitness,best,avg,std_dev,acc,n_features,selected_rate,execution_time
knn,"[0.10826086956521744, 0.13492753623188408, 0.12159420289855077, 0.17072463768115945, 0.12826086956521743, 0.092463768115942, 0.08913043478260865, 0.16739130434782612, 0.2389855072463768, 0.1865217391304348]",0.08913043478260865,0.14382608695652174,0.044572849588004525,0.8913043478260869,13.8,0.45999999999999996,7.616827893257141
svc,"[0.04333333333333333, 0.04333333333333333, 0.24565217391304345, 0.1249275362318841, 0.08913043478260865, 0.11826086956521743, 0.1249275362318841, 0.04999999999999999, 0.21985507246376812, 0.039999999999999994]",0.039999999999999994,0.10994202898550727,0.06986268525479315,0.9304347826086955,14.2,0.47333333333333344,13.140770840644837
