classifier,all_fitness,best,avg,std_dev,acc,n_features,selected_rate,execution_time
knn,"[0.17784057971014494, 0.04604347826086954, 0.04837681159420287, 0.08975362318840585, 0.04804347826086954]",0.04604347826086954,0.08201159420289854,0.05063984664740812,0.9217391304347826,13.6,0.4533333333333333,6.032957077026367
svc,"[0.0040000000000000036, 0.1755072463768116, 0.0036666666666666696, 0.17617391304347826, 0.09142028985507253]",0.0036666666666666696,0.09015362318840581,0.07692694734547381,0.9130434782608695,12.2,0.4066666666666666,10.95559983253479
