classifier,all_fitness,best,avg,std_dev,acc,n_features,selected_rate,execution_time
knn,"[0.04771014492753621, 0.0046666666666666705, 0.04704347826086954, 0.04671014492753621, 0.04604347826086954]",0.0046666666666666705,0.038434782608695636,0.016892610883385274,0.9652173913043478,12.0,0.4,7.371425437927246
svc,"[0.04604347826086954, 0.09008695652173919, 0.08908695652173919, 0.26226086956521744, 0.04637681159420287]",0.04604347826086954,0.10677101449275365,0.0801292357728492,0.8956521739130434,10.4,0.3466666666666666,12.733605909347535
