classifier,all_fitness,best,avg,std_dev,acc,n_features,selected_rate,execution_time
knn,"[0.062463768115941995, 0.07579710144927532, 0.05913043478260867, 0.06579710144927534, 0.10159420289855077, 0.1340579710144928, 0.10826086956521744, 0.023333333333333327, 0.1473913043478261, 0.13739130434782612]",0.023333333333333327,0.09152173913043479,0.038559890487128386,0.9260869565217392,7.5,0.25,9.729384517669677
svc,"[0.019999999999999997, 0.019999999999999997, 0.0949275362318841, 0.0949275362318841, 0.14072463768115945, 0.14405797101449277, 0.14405797101449277, 0.1798550724637681, 0.04579710144927534, 0.055797101449275334]",0.019999999999999997,0.0940144927536232,0.054131862697733166,0.9173913043478261,5.9,0.19666666666666668,19.945547556877138
