classifier,all_fitness,best,avg,std_dev,acc,n_features,selected_rate,execution_time
knn,"[0.19985507246376813, 0.082463768115942, 0.11159420289855077, 0.15405797101449276, 0.039999999999999994, 0.05913043478260867, 0.07913043478260867, 0.08913043478260865, 0.11826086956521743, 0.16072463768115944]",0.039999999999999994,0.10943478260869566,0.047212331024830294,0.9217391304347826,11.7,0.38999999999999996,6.8270779848098755
svc,"[0.07246376811594199, 0.08579710144927533, 0.1573913043478261, 0.029999999999999992, 0.11826086956521743, 0.12826086956521743, 0.15405797101449276, 0.15405797101449276, 0.082463768115942, 0.11826086956521743]",0.029999999999999992,0.11010144927536233,0.039687502801221124,0.9217391304347826,11.9,0.3966666666666666,12.299081134796143
