classifier,best,avg,std_dev,acc,n_features,selected_rate,execution_time
knn,0.0046666666666666705,0.049376811594202895,0.0466823612100025,0.9565217391304348,19.0,0.6333333333333333,10.897047424316407
svc,0.04737681159420287,0.12578840579710143,0.05790114383556613,0.8782608695652174,15.8,0.5266666666666667,22.719495582580567
