classifier,best,avg,std_dev,acc,n_features,selected_rate,execution_time
knn,0.04604347826086954,0.08054492753623188,0.050266061781521494,0.9217391304347826,9.2,0.30666666666666664,7.129540252685547
svc,0.0040000000000000036,0.08061159420289857,0.04982021649746871,0.9217391304347824,9.4,0.31333333333333335,12.174079084396363
