classifier,all_fitness,best,avg,std_dev,acc,n_features,selected_rate,execution_time
knn,"[0.07579710144927532, 0.07246376811594199, 0.11492753623188409, 0.082463768115942, 0.11159420289855077, 0.07913043478260867, 0.15405797101449276, 0.033333333333333326, 0.039999999999999994, 0.14405797101449277]",0.033333333333333326,0.09078260869565216,0.03808221354448565,0.9391304347826086,10.8,0.36,8.038599181175233
svc,"[0.07246376811594199, 0.11492753623188409, 0.07579710144927532, 0.082463768115942, 0.039999999999999994, 0.082463768115942, 0.16405797101449276, 0.11826086956521743, 0.19318840579710145, 0.14405797101449277]",0.039999999999999994,0.10876811594202898,0.04480531528839897,0.9217391304347826,11.5,0.38333333333333336,15.966608476638793
