classifier,all_fitness,best,avg,std_dev,acc,n_features,selected_rate,execution_time
knn,"[0.13739130434782612, 0.04913043478260867, 0.009999999999999998, 0.1665217391304348, 0.04913043478260867]",0.009999999999999998,0.08243478260869566,0.05925536674186287,0.9217391304347826,3.6,0.12,5.5521790981292725
svc,"[0.055797101449275334, 0.08826086956521743, 0.1665217391304348, 0.04913043478260867, 0.04579710144927534]",0.04579710144927534,0.08110144927536232,0.04529180053792558,0.9217391304347826,3.2,0.10666666666666666,12.283929586410522
