classifier,all_fitness,best,avg,std_dev,acc,n_features,selected_rate,execution_time
knn,"[0.13246376811594204, 0.0040000000000000036, 0.17584057971014494, 0.04737681159420287, 0.13246376811594204]",0.0040000000000000036,0.09842898550724637,0.06298006912770415,0.9043478260869566,11.2,0.37333333333333335,7.588002872467041
svc,"[0.0040000000000000036, 0.09008695652173919, 0.1327971014492754, 0.04804347826086954, 0.17617391304347826]",0.0040000000000000036,0.09022028985507247,0.06068550044527289,0.9130434782608695,12.4,0.4133333333333334,12.828636884689331
