classifier,all_fitness,best,avg,std_dev,acc,n_features,selected_rate,execution_time
knn,"[0.08913043478260865, 0.15405797101449276, 0.08913043478260865, 0.11159420289855077, 0.1965217391304348, 0.12159420289855077, 0.092463768115942, 0.1249275362318841, 0.1249275362318841, 0.25565217391304346]",0.08913043478260865,0.136,0.050638817670562414,0.9,13.8,0.45999999999999996,6.033254766464234
svc,"[0.039999999999999994, 0.13492753623188408, 0.1249275362318841, 0.08579710144927533, 0.12826086956521743, 0.17072463768115945, 0.08913043478260865, 0.21652173913043476, 0.13492753623188408, 0.1249275362318841]",0.039999999999999994,0.1250144927536232,0.04552276113262921,0.917391304347826,15.2,0.5066666666666666,11.769904088973998
