classifier,all_fitness,best,avg,std_dev,acc,n_features,selected_rate,execution_time
knn,"[0.04771014492753621, 0.13446376811594205, 0.13546376811594205, 0.04904347826086954, 0.13346376811594204]",0.04771014492753621,0.10002898550724637,0.042180672798569394,0.9043478260869566,16.0,0.5333333333333334,10.590152931213378
svc,"[0.04704347826086954, 0.13446376811594205, 0.04804347826086954, 0.13446376811594205, 0.04837681159420287]",0.04704347826086954,0.08247826086956521,0.04244825754218884,0.9217391304347826,15.0,0.5,21.906470251083373
