classifier,all_fitness,best,avg,std_dev,acc,n_features,selected_rate,execution_time
knn,"[0.13013043478260872, 0.04371014492753621, 0.2595942028985508, 0.08675362318840585, 0.1297971014492754]",0.04371014492753621,0.1299971014492754,0.07226465769615789,0.8695652173913043,2.6,0.08666666666666667,6.846365833282471
svc,"[0.04371014492753621, 0.17284057971014494, 0.08675362318840585, 0.08675362318840585, 0.08708695652173919]",0.04371014492753621,0.0954289855072464,0.04216042376035865,0.9043478260869564,2.2,0.07333333333333333,17.830030536651613
