classifier,all_fitness,best,avg,std_dev,acc,n_features,selected_rate,execution_time
knn,"[0.09142028985507253, 0.052043478260869545, 0.052710144927536215, 0.13846376811594205, 0.053043478260869546]",0.052043478260869545,0.07753623188405798,0.033973642130162074,0.9304347826086957,26.0,0.8666666666666666,6.5339860916137695
svc,"[0.052710144927536215, 0.13313043478260872, 0.30930434782608696, 0.0046666666666666705, 0.17784057971014494]",0.0046666666666666705,0.13553043478260868,0.10580908036214351,0.8695652173913043,19.2,0.64,12.066013669967651
