classifier,all_fitness,best,avg,std_dev,acc,n_features,selected_rate,execution_time
knn,"[0.08742028985507252, 0.1297971014492754, 0.08708695652173919, 0.04371014492753621, 0.08675362318840585]",0.04371014492753621,0.08695362318840584,0.027224391993737756,0.9130434782608695,2.6,0.08666666666666667,5.994781112670898
svc,"[0.04471014492753621, 0.04437681159420287, 0.0010000000000000009, 0.04371014492753621, 0.08708695652173919]",0.0010000000000000009,0.04417681159420289,0.027225208242971012,0.9565217391304348,3.4,0.11333333333333333,12.470751333236695
