classifier,all_fitness,best,avg,std_dev,acc,n_features,selected_rate,execution_time
knn,"[0.04537681159420287, 0.08708695652173919, 0.0010000000000000009, 0.08742028985507252, 0.08675362318840585]",0.0010000000000000009,0.061527536231884096,0.03430598393139843,0.9391304347826086,3.8,0.12666666666666665,12.302937602996826
svc,"[0.04437681159420287, 0.04371014492753621, 0.04371014492753621, 0.17317391304347826, 0.2589275362318841]",0.04371014492753621,0.11277971014492753,0.08857405153031478,0.8869565217391304,2.6,0.08666666666666667,20.455824899673463
