classifier,all_fitness,best,avg,std_dev,acc,n_features,selected_rate,execution_time
knn,"[0.1965217391304348, 0.18985507246376812, 0.082463768115942, 0.1249275362318841, 0.07579710144927532, 0.11826086956521743, 0.082463768115942, 0.17072463768115945, 0.19985507246376813, 0.16405797101449276]",0.07579710144927532,0.14049275362318842,0.04714429266648187,0.8913043478260869,12.8,0.42666666666666664,7.926331543922425
svc,"[0.029999999999999992, 0.11826086956521743, 0.16405797101449276, 0.05913043478260867, 0.19985507246376813, 0.1865217391304348, 0.2389855072463768, 0.092463768115942, 0.1965217391304348, 0.15405797101449276]",0.029999999999999992,0.1439855072463768,0.06381965144140886,0.8826086956521738,11.5,0.38333333333333336,16.35356469154358
