classifier,all_fitness,best,avg,std_dev,acc,n_features,selected_rate,execution_time
knn,"[0.11492753623188409, 0.1340579710144928, 0.06913043478260866, 0.07579710144927532, 0.22898550724637678]",0.06913043478260866,0.12457971014492752,0.05751162909900491,0.8956521739130434,9.2,0.30666666666666664,6.765768575668335
svc,"[0.07246376811594199, 0.18318840579710147, 0.1965217391304348, 0.1340579710144928, 0.1865217391304348]",0.07246376811594199,0.15455072463768116,0.04639407287466366,0.8608695652173912,8.8,0.29333333333333333,12.619150733947754
