classifier,all_fitness,best,avg,std_dev,acc,n_features,selected_rate,execution_time
knn,"[0.04771014492753621, 0.050043478260869544, 0.04737681159420287, 0.04871014492753621, 0.007333333333333339]",0.007333333333333339,0.04023478260869563,0.016476876288177948,0.9652173913043478,17.4,0.58,11.920468950271607
svc,"[0.13446376811594205, 0.006666666666666672, 0.04637681159420287, 0.09008695652173919, 0.049376811594202874]",0.006666666666666672,0.06539420289855073,0.04346832968702961,0.9391304347826088,15.4,0.5133333333333333,21.781782150268555
