classifier,all_fitness,best,avg,std_dev,acc,n_features,selected_rate,execution_time
knn,"[0.09308695652173919, 0.05071014492753621, 0.09342028985507253, 0.051710144927536214, 0.09242028985507253]",0.05071014492753621,0.07626956521739134,0.020465908251189473,0.9304347826086955,22.2,0.74,8.587478876113892
svc,"[0.09175362318840585, 0.08942028985507253, 0.2619275362318841, 0.04871014492753621, 0.13313043478260872]",0.04871014492753621,0.12498840579710149,0.07349371783796703,0.8782608695652174,13.4,0.44666666666666666,16.689241647720337
