classifier,all_fitness,best,avg,std_dev,acc,n_features,selected_rate,execution_time
knn,"[0.04333333333333333, 0.07579710144927532, 0.092463768115942, 0.092463768115942, 0.07913043478260867, 0.1249275362318841, 0.07579710144927532, 0.082463768115942, 0.17072463768115945, 0.11826086956521743]",0.04333333333333333,0.09553623188405795,0.03316154852803393,0.9434782608695652,13.4,0.44666666666666666,6.103879237174988
svc,"[0.1249275362318841, 0.2847826086956522, 0.09579710144927532, 0.20318840579710146, 0.092463768115942, 0.092463768115942, 0.082463768115942, 0.19318840579710145, 0.20318840579710146, 0.39884057971014486]",0.082463768115942,0.17713043478260868,0.0974675296941268,0.8565217391304347,14.4,0.48,11.709710001945496
