classifier,all_fitness,best,avg,std_dev,acc,n_features,selected_rate,execution_time
knn,"[0.09008695652173919, 0.08908695652173919, 0.09208695652173919, 0.04604347826086954, 0.0046666666666666705]",0.0046666666666666705,0.06439420289855075,0.034469888170781726,0.9391304347826086,12.4,0.4133333333333333,36.8418511390686
svc,"[0.04804347826086954, 0.13246376811594204, 0.04571014492753621, 0.04771014492753621, 0.13546376811594205]",0.04571014492753621,0.08187826086956522,0.042545705781492055,0.9217391304347826,13.2,0.43999999999999995,69.63340845108033
