classifier,best,avg,std_dev,acc,n_features,selected_rate,execution_time
knn,0.007000000000000005,0.06646086956521739,0.04365745045769725,0.9391304347826088,18.6,0.6200000000000001,1.2254514694213867
svc,0.0043333333333333375,0.056718840579710175,0.04990426255471587,0.9478260869565217,15.2,0.5066666666666666,2.8865691661834716
