classifier,all_fitness,best,avg,std_dev,acc,n_features,selected_rate,execution_time
knn,"[0.15072463768115946, 0.18985507246376812, 0.033333333333333326, 0.1865217391304348, 0.06913043478260866, 0.082463768115942, 0.18318840579710147, 0.11159420289855077, 0.07246376811594199, 0.07579710144927532]",0.033333333333333326,0.11550724637681158,0.05461853353028578,0.9086956521739132,10.0,0.33333333333333337,36.058275365829466
svc,"[0.10159420289855077, 0.13739130434782612, 0.11159420289855077, 0.1965217391304348, 0.15405797101449276, 0.15072463768115946, 0.033333333333333326, 0.062463768115941995, 0.11826086956521743, 0.15072463768115946]",0.033333333333333326,0.1216666666666667,0.04517985482118682,0.9,9.5,0.3166666666666667,68.01822903156281
