classifier,all_fitness,best,avg,std_dev,acc,n_features,selected_rate,execution_time
knn,"[0.16072463768115944, 0.04333333333333333, 0.19985507246376813, 0.1573913043478261, 0.1249275362318841]",0.04333333333333333,0.13724637681159424,0.05262757676113154,0.8956521739130434,13.0,0.4333333333333334,10.435067558288575
svc,"[0.16405797101449276, 0.1049275362318841, 0.12826086956521743, 0.11826086956521743, 0.19985507246376813]",0.1049275362318841,0.14307246376811597,0.03450997012788134,0.8869565217391304,12.4,0.4133333333333333,22.639634227752687
