classifier,best,avg,std_dev,acc,n_features,selected_rate,execution_time
knn,0.006666666666666672,0.07460289855072463,0.05123098791828425,0.9304347826086957,17.2,0.5733333333333333,8.81865963935852
svc,0.04671014492753621,0.04837681159420287,0.0014452988925785864,0.9565217391304348,16.0,0.5333333333333333,16.147488594055176
