classifier,all_fitness,best,avg,std_dev,acc,n_features,selected_rate,execution_time
knn,"[0.08775362318840585, 0.0006666666666666673, 0.08675362318840585, 0.08742028985507252, 0.04404347826086954]",0.0006666666666666673,0.06132753623188407,0.03465295230640062,0.9391304347826088,3.2,0.10666666666666666,38.553707647323606
svc,"[0.0010000000000000009, 0.04371014492753621, 0.1297971014492754, 0.0010000000000000009, 0.12946376811594204]",0.0010000000000000009,0.06099420289855073,0.05817089931030849,0.9391304347826088,2.2,0.07333333333333333,44.07024574279785
