classifier,best,avg,std_dev,acc,n_features,selected_rate,execution_time
knn,0.052043478260869545,0.09408695652173918,0.02729645413451317,0.9130434782608695,24.0,0.8,6.5110303401947025
svc,0.04637681159420287,0.11917971014492754,0.09741913361882797,0.8869565217391303,21.8,0.7266666666666668,11.975255012512207
