classifier,all_fitness,best,avg,std_dev,acc,n_features,selected_rate,execution_time
knn,"[0.06913043478260866, 0.052463768115942, 0.06579710144927534, 0.033333333333333326, 0.11492753623188409, 0.1049275362318841, 0.10159420289855077, 0.1049275362318841, 0.05913043478260867, 0.10826086956521744]",0.033333333333333326,0.08144927536231886,0.027199466246291992,0.9391304347826088,8.0,0.26666666666666666,9.43290867805481
svc,"[0.0949275362318841, 0.14405797101449277, 0.016666666666666663, 0.07579710144927532, 0.05913043478260867, 0.10159420289855077, 0.1049275362318841, 0.052463768115942, 0.1865217391304348, 0.019999999999999997]",0.016666666666666663,0.08560869565217391,0.050268092438566926,0.9304347826086955,6.9,0.23000000000000004,19.593442702293395
