classifier,all_fitness,best,avg,std_dev,acc,n_features,selected_rate,execution_time
knn,"[0.04333333333333333, 0.18405797101449278, 0.13826086956521744, 0.08579710144927533, 0.10579710144927532, 0.08579710144927533, 0.10246376811594199, 0.17405797101449277, 0.25565217391304346, 0.20318840579710146]",0.04333333333333333,0.1378405797101449,0.06182621095675071,0.9086956521739129,16.7,0.5566666666666666,10.47023148536682
svc,"[0.08913043478260865, 0.14826086956521742, 0.18072463768115943, 0.2098550724637681, 0.21318840579710144, 0.21985507246376812, 0.11826086956521743, 0.08913043478260865, 0.10246376811594199, 0.08579710144927533]",0.08579710144927533,0.14566666666666667,0.05292794299572255,0.9,16.7,0.5566666666666666,22.122006559371947
