classifier,all_fitness,best,avg,std_dev,acc,n_features,selected_rate,execution_time
knn,"[0.13246376811594204, 0.0036666666666666696, 0.08942028985507253, 0.08942028985507253, 0.09042028985507253]",0.0036666666666666696,0.08107826086956527,0.04209388951560031,0.9217391304347826,10.8,0.36,36.58600111007691
svc,"[0.09008695652173919, 0.13313043478260872, 0.1337971014492754, 0.0046666666666666705, 0.08908695652173919]",0.0046666666666666705,0.09015362318840583,0.0470338633052454,0.9130434782608695,12.2,0.4066666666666666,70.0746729850769
