classifier,all_fitness,best,avg,std_dev,acc,n_features,selected_rate,execution_time
knn,"[0.06913043478260866, 0.11826086956521743, 0.15072463768115946, 0.06579710144927534, 0.2389855072463768, 0.1049275362318841, 0.1573913043478261, 0.04333333333333333, 0.1473913043478261, 0.11159420289855077]",0.04333333333333333,0.12075362318840581,0.053803878883429516,0.9043478260869564,10.4,0.3466666666666666,32.91121921539307
svc,"[0.14405797101449277, 0.15405797101449276, 0.11159420289855077, 0.1049275362318841, 0.18318840579710147, 0.07246376811594199, 0.1049275362318841, 0.1473913043478261, 0.06579710144927534, 0.10826086956521744]",0.06579710144927534,0.11966666666666667,0.035129971417999305,0.9,8.9,0.29666666666666663,66.3365288734436
