classifier,best,avg,std_dev,acc,n_features,selected_rate,execution_time
knn,0.0030000000000000027,0.0983623188405797,0.08381041958743536,0.9043478260869564,11.0,0.36666666666666664,5.007417297363281
svc,0.003333333333333336,0.08121159420289854,0.0629099519487203,0.9217391304347826,11.2,0.37333333333333335,6.824313449859619
