classifier,all_fitness,best,avg,std_dev,acc,n_features,selected_rate,execution_time
knn,"[0.09159420289855078, 0.12405797101449278, 0.006666666666666665, 0.009999999999999998, 0.2023188405797101]",0.006666666666666665,0.08692753623188407,0.07358702752263965,0.9130434782608695,2.6,0.08666666666666667,21.23689274787903
svc,"[0.08826086956521743, 0.08492753623188411, 0.08492753623188411, 0.12072463768115944, 0.08826086956521743]",0.08492753623188411,0.0934202898550725,0.013733319874458864,0.9043478260869564,2.2,0.07333333333333333,44.68774833679199
