classifier,all_fitness,best,avg,std_dev,acc,n_features,selected_rate,execution_time
knn,"[0.01333333333333333, 0.08492753623188411, 0.0949275362318841, 0.0949275362318841, 0.17318840579710146, 0.04579710144927534, 0.08826086956521743, 0.09826086956521743, 0.13739130434782612, 0.09826086956521743]",0.01333333333333333,0.09292753623188407,0.04138359039879595,0.9130434782608695,4.4,0.14666666666666667,20.90052945613861
svc,"[0.16318840579710145, 0.09159420289855078, 0.04579710144927534, 0.10159420289855077, 0.1273913043478261, 0.019999999999999997, 0.1340579710144928, 0.055797101449275334, 0.14072463768115945, 0.13739130434782612]",0.019999999999999997,0.10175362318840582,0.04504875885335915,0.9043478260869566,4.7,0.15666666666666668,44.07752413749695
