classifier,all_fitness,best,avg,std_dev,acc,n_features,selected_rate,execution_time
knn,"[0.04913043478260867, 0.08826086956521743, 0.05913043478260867, 0.1798550724637681, 0.016666666666666663, 0.055797101449275334, 0.08826086956521743, 0.16318840579710145, 0.06913043478260866, 0.016666666666666663]",0.016666666666666663,0.0786086956521739,0.05207983466509818,0.9304347826086957,4.8,0.16,20.156457567214964
svc,"[0.09826086956521743, 0.16318840579710145, 0.09159420289855078, 0.01333333333333333, 0.019999999999999997, 0.09159420289855078, 0.1665217391304348, 0.12405797101449278, 0.009999999999999998, 0.1273913043478261]",0.009999999999999998,0.09059420289855073,0.0556935779707065,0.9130434782608695,3.7,0.12333333333333334,42.85440435409546
