classifier,best,avg,std_dev,acc,n_features,selected_rate,execution_time
knn,0.0010000000000000009,0.1215217391304348,0.068953815031769,0.8782608695652174,3.0,0.1,6.952114248275757
svc,0.0006666666666666673,0.10403768115942028,0.09279925806727436,0.8956521739130435,2.2,0.07333333333333333,19.576592254638673
