classifier,all_fitness,best,avg,std_dev,acc,n_features,selected_rate,execution_time
knn,"[0.05666666666666665, 0.092463768115942, 0.20652173913043478, 0.05333333333333332, 0.082463768115942, 0.1773913043478261, 0.11492753623188409, 0.12826086956521743, 0.04333333333333333, 0.19985507246376813]",0.04333333333333333,0.11552173913043477,0.05792285862191782,0.9260869565217391,14.7,0.49000000000000005,1.3454114198684692
svc,"[0.08579710144927533, 0.16405797101449276, 0.17072463768115945, 0.08913043478260865, 0.20318840579710146, 0.16739130434782612, 0.17072463768115945, 0.08579710144927533, 0.14159420289855074, 0.09913043478260866]",0.08579710144927533,0.13775362318840584,0.04158830690929366,0.9043478260869566,15.5,0.5166666666666666,2.2511737823486326
