classifier,all_fitness,best,avg,std_dev,acc,n_features,selected_rate,execution_time
knn,"[0.082463768115942, 0.1049275362318841, 0.11826086956521743, 0.19318840579710145, 0.1965217391304348, 0.13492753623188408, 0.046666666666666655, 0.24898550724637677, 0.08913043478260865, 0.06666666666666665]",0.046666666666666655,0.12817391304347828,0.06182103840724493,0.9086956521739131,13.8,0.4600000000000001,5.946849894523621
svc,"[0.19318840579710145, 0.17405797101449277, 0.24898550724637677, 0.1473913043478261, 0.13826086956521744, 0.16739130434782612, 0.16072463768115944, 0.20318840579710146, 0.11826086956521743, 0.082463768115942]",0.082463768115942,0.1633913043478261,0.04405507236841477,0.8695652173913043,13.8,0.4600000000000001,11.610506629943847
