classifier,best,avg,std_dev,acc,n_features,selected_rate,execution_time
knn,0.0030000000000000027,0.02955942028985506,0.021282213879181913,0.9739130434782609,11.2,0.37333333333333335,36.47228579521179
svc,0.0023333333333333353,0.05531884057971015,0.06381040626661222,0.9478260869565217,11.0,0.36666666666666664,72.7477749824524
