classifier,all_fitness,best,avg,std_dev,acc,n_features,selected_rate,execution_time
knn,"[0.10913043478260864, 0.16159420289855075, 0.08999999999999998, 0.07999999999999999, 0.21985507246376812, 0.11913043478260865, 0.18739130434782608, 0.11913043478260865, 0.12246376811594198, 0.11579710144927532]",0.07999999999999999,0.13244927536231882,0.0416368235912031,0.9391304347826088,23.3,0.7766666666666666,0.5476528882980347
svc,"[0.11579710144927532, 0.1549275362318841, 0.1940579710144928, 0.1649275362318841, 0.1682608695652174, 0.25898550724637676, 0.11246376811594197, 0.2073913043478261, 0.10579710144927532, 0.15826086956521743]",0.10579710144927532,0.16408695652173913,0.04506639597536928,0.9043478260869564,23.4,0.78,1.1492817878723145
