classifier,all_fitness,best,avg,std_dev,acc,n_features,selected_rate,execution_time
knn,"[0.04437681159420287, 0.0010000000000000009, 0.0010000000000000009, 0.04371014492753621, 0.1297971014492754]",0.0010000000000000009,0.04397681159420289,0.047030555879187724,0.9565217391304348,2.8,0.09333333333333334,5.975602531433106
svc,"[0.0013333333333333346, 0.0006666666666666673, 0.08642028985507252, 0.08742028985507252, 0.04404347826086954]",0.0006666666666666673,0.04397681159420292,0.038426615741065345,0.9565217391304348,2.8,0.09333333333333334,11.959115695953368
