classifier,all_fitness,best,avg,std_dev,acc,n_features,selected_rate,execution_time
knn,"[0.1337971014492754, 0.08942028985507253, 0.0040000000000000036, 0.17617391304347826, 0.04704347826086954]",0.0040000000000000036,0.09008695652173915,0.060968336702219836,0.9130434782608695,12.0,0.4,7.514231967926025
svc,"[0.08842028985507253, 0.04771014492753621, 0.13246376811594204, 0.04637681159420287, 0.04537681159420287]",0.04537681159420287,0.0720695652173913,0.03429521243997913,0.9304347826086955,9.6,0.31999999999999995,12.81107783317566
