classifier,all_fitness,best,avg,std_dev,acc,n_features,selected_rate,execution_time
knn,"[0.062463768115941995, 0.055797101449275334, 0.11492753623188409, 0.029999999999999992, 0.06913043478260866, 0.023333333333333327, 0.06579710144927534, 0.033333333333333326, 0.17318840579710146, 0.2614492753623189]",0.023333333333333327,0.08894202898550725,0.0715054619305849,0.9304347826086957,7.9,0.2633333333333333,5.1716145277023315
svc,"[0.062463768115941995, 0.023333333333333327, 0.082463768115942, 0.18985507246376812, 0.023333333333333327, 0.1049275362318841, 0.14405797101449277, 0.1049275362318841, 0.09826086956521743, 0.15072463768115946]",0.023333333333333327,0.09843478260869568,0.05107558923796222,0.9217391304347826,8.4,0.28,11.064704513549804
