classifier,all_fitness,best,avg,std_dev,acc,n_features,selected_rate,execution_time
knn,"[0.12405797101449278, 0.16318840579710145, 0.19898550724637679, 0.12072463768115944, 0.08492753623188411, 0.12405797101449278, 0.12405797101449278, 0.08492753623188411, 0.08492753623188411, 0.12405797101449278]",0.08492753623188411,0.12339130434782612,0.03427180482196834,0.8695652173913043,1.8,0.06,6.899279522895813
svc,"[0.15985507246376812, 0.23811594202898556, 0.0033333333333333327, 0.19898550724637679, 0.042463768115942005, 0.1273913043478261, 0.08159420289855077, 0.12072463768115944, 0.042463768115942005, 0.04579710144927534]",0.0033333333333333327,0.10607246376811594,0.07246366521731826,0.8869565217391304,1.3,0.043333333333333335,17.976888632774354
