classifier,all_fitness,best,avg,std_dev,acc,n_features,selected_rate,execution_time
knn,"[0.04704347826086954, 0.04637681159420287, 0.0040000000000000036, 0.04737681159420287, 0.17584057971014494]",0.0040000000000000036,0.06412753623188405,0.0582797816301666,0.9391304347826088,11.6,0.38666666666666666,7.521730661392212
svc,"[0.13313043478260872, 0.21921739130434778, 0.1327971014492754, 0.13246376811594204, 0.22121739130434778]",0.13246376811594204,0.16776521739130434,0.042832209180092666,0.8347826086956521,12.6,0.42000000000000004,12.486768913269042
