classifier,best,avg,std_dev,acc,n_features,selected_rate,execution_time
knn,0.0006666666666666673,0.04384347826086958,0.0384249964589074,0.9565217391304348,2.4,0.08,23.149548053741455
svc,0.08642028985507252,0.11264637681159424,0.051619432522109716,0.8869565217391304,2.2,0.07333333333333333,44.93981986045837
