classifier,all_fitness,best,avg,std_dev,acc,n_features,selected_rate,execution_time
knn,"[0.12405797101449278, 0.006666666666666665, 0.1665217391304348, 0.12072463768115944, 0.04913043478260867, 0.12405797101449278, 0.08826086956521743, 0.009999999999999998, 0.04579710144927534, 0.042463768115942005]",0.006666666666666665,0.07776811594202898,0.051821482790006375,0.9217391304347828,2.2,0.07333333333333333,6.947127461433411
svc,"[0.08492753623188411, 0.08159420289855077, 0.12072463768115944, 0.12072463768115944, 0.042463768115942005, 0.04579710144927534, 0.0033333333333333327, 0.12405797101449278, 0.042463768115942005, 0.042463768115942005]",0.0033333333333333327,0.07085507246376813,0.03965242022552536,0.9260869565217392,1.3,0.043333333333333335,17.765737080574034
