classifier,all_fitness,best,avg,std_dev,acc,n_features,selected_rate,execution_time
knn,"[0.12159420289855077, 0.1249275362318841, 0.15405797101449276, 0.092463768115942, 0.059999999999999984]",0.059999999999999984,0.11060869565217393,0.031950050282988404,0.9304347826086957,14.4,0.48,6.13828935623169
svc,"[0.07579710144927532, 0.17405797101449277, 0.062463768115941995, 0.15405797101449276, 0.09913043478260866]",0.062463768115941995,0.1131014492753623,0.04369007342953426,0.9217391304347826,12.8,0.42666666666666664,11.988554573059082
