classifier,best,avg,std_dev,acc,n_features,selected_rate,execution_time
knn,0.0020000000000000018,0.061660869565217394,0.04400563023686383,0.9391304347826088,4.2,0.13999999999999999,5.9519171714782715
svc,0.0006666666666666673,0.0785449275362319,0.05049477574612799,0.9217391304347826,3.2,0.10666666666666666,11.672460842132569
