classifier,all_fitness,best,avg,std_dev,acc,n_features,selected_rate,execution_time
knn,"[0.0050000000000000044, 0.1327971014492754, 0.17684057971014494, 0.09142028985507253, 0.13813043478260872]",0.0050000000000000044,0.10883768115942032,0.058552784724843085,0.8956521739130435,16.6,0.5533333333333333,1.656476879119873
svc,"[0.04804347826086954, 0.22021739130434778, 0.04804347826086954, 0.09042028985507253, 0.13446376811594205]",0.04804347826086954,0.1082376811594203,0.06448473723179626,0.8956521739130435,14.8,0.49333333333333335,2.329710578918457
