classifier,all_fitness,best,avg,std_dev,acc,n_features,selected_rate,execution_time
knn,"[0.11579710144927532, 0.15159420289855075, 0.08333333333333331, 0.1549275362318841, 0.17159420289855076, 0.10913043478260864, 0.1940579710144928, 0.23318840579710146, 0.11913043478260865, 0.09913043478260866]",0.08333333333333331,0.1431884057971015,0.044402495431046414,0.9260869565217392,23.0,0.7666666666666667,0.5233731508255005
svc,"[0.15159420289855075, 0.1549275362318841, 0.1940579710144928, 0.1940579710144928, 0.17826086956521742, 0.15159420289855075, 0.11579710144927532, 0.18072463768115943, 0.06333333333333331, 0.11579710144927532]",0.06333333333333331,0.1500144927536232,0.03937643820533152,0.9173913043478261,22.7,0.7566666666666666,1.0539223194122314
