classifier,all_fitness,best,avg,std_dev,acc,n_features,selected_rate,execution_time
knn,"[0.17684057971014494, 0.22421739130434779, 0.050043478260869544, 0.09075362318840585, 0.09275362318840585]",0.050043478260869544,0.12692173913043478,0.0637874506920013,0.8782608695652174,19.2,0.6399999999999999,8.692622423171997
svc,"[0.04671014492753621, 0.04637681159420287, 0.09108695652173919, 0.09042028985507253, 0.2195507246376811]",0.04637681159420287,0.09882898550724638,0.06351690730134373,0.9043478260869566,12.4,0.4133333333333333,16.72758107185364
