classifier,all_fitness,best,avg,std_dev,acc,n_features,selected_rate,execution_time
knn,"[0.1249275362318841, 0.07579710144927532, 0.07246376811594199, 0.039999999999999994, 0.18318840579710147]",0.039999999999999994,0.09927536231884057,0.049966172131632465,0.9304347826086957,11.0,0.3666666666666666,5.838684892654419
svc,"[0.039999999999999994, 0.07579710144927532, 0.10826086956521744, 0.18985507246376812, 0.11826086956521743]",0.039999999999999994,0.10643478260869565,0.049908683679037766,0.9217391304347826,10.8,0.36,11.280543613433839
