classifier,all_fitness,best,avg,std_dev,acc,n_features,selected_rate,execution_time
knn,"[0.05333333333333332, 0.09579710144927532, 0.059999999999999984, 0.039999999999999994, 0.11826086956521743]",0.039999999999999994,0.0734782608695652,0.0290237428970461,0.9739130434782608,15.0,0.5,1.2950989246368407
svc,"[0.12159420289855077, 0.16739130434782612, 0.16739130434782612, 0.08579710144927533, 0.12826086956521743]",0.08579710144927533,0.13408695652173916,0.030790522741506572,0.9043478260869564,14.4,0.48,2.4967278480529784
