classifier,best,avg,std_dev,acc,n_features,selected_rate,execution_time
knn,0.0030000000000000027,0.03009275362318841,0.034412025369383675,0.9739130434782609,12.8,0.42666666666666664,7.512358903884888
svc,0.0043333333333333375,0.1333304347826087,0.11198862478616067,0.8695652173913043,12.6,0.42000000000000004,12.372649717330933
