classifier,best,avg,std_dev,acc,n_features,selected_rate,execution_time
knn,0.003333333333333336,0.03903478260869565,0.032208425933491575,0.9652173913043478,13.8,0.45999999999999996,6.220395851135254
svc,0.04704347826086954,0.10777101449275366,0.04410691922432871,0.8956521739130434,13.4,0.44666666666666666,10.972538805007934
