classifier,all_fitness,best,avg,std_dev,acc,n_features,selected_rate,execution_time
knn,"[0.04637681159420287, 0.09008695652173919, 0.09042028985507253, 0.09075362318840585, 0.09008695652173919]",0.04637681159420287,0.08154492753623194,0.01758579557026382,0.9217391304347826,12.2,0.4066666666666666,6.25881142616272
svc,"[0.09042028985507253, 0.0050000000000000044, 0.1755072463768116, 0.08942028985507253, 0.04671014492753621]",0.0050000000000000044,0.08141159420289859,0.05664311056408477,0.9217391304347826,11.8,0.3933333333333333,10.744010639190673
