classifier,all_fitness,best,avg,std_dev,acc,n_features,selected_rate,execution_time
knn,"[0.04471014492753621, 0.04471014492753621, 0.0020000000000000018, 0.04471014492753621, 0.04504347826086954]",0.0020000000000000018,0.03623478260869563,0.017117878131732007,0.9652173913043478,5.4,0.18,9.641058492660523
svc,"[0.08775362318840585, 0.08775362318840585, 0.08742028985507252, 0.21588405797101445, 0.13113043478260872]",0.08742028985507252,0.12198840579710149,0.04987778164964267,0.8782608695652174,4.4,0.14666666666666667,24.779657888412476
