classifier,all_fitness,best,avg,std_dev,acc,n_features,selected_rate,execution_time
knn,"[0.11492753623188409, 0.13492753623188408, 0.1249275362318841, 0.11492753623188409, 0.12826086956521743, 0.17072463768115945, 0.10913043478260864, 0.12159420289855077, 0.13826086956521744, 0.12826086956521743]",0.10913043478260864,0.12859420289855075,0.016503301433412002,0.9130434782608695,15.1,0.5033333333333333,1.2267482042312623
svc,"[0.046666666666666655, 0.16739130434782612, 0.13159420289855076, 0.033333333333333326, 0.2914492753623189, 0.17072463768115945, 0.09913043478260866, 0.12826086956521743, 0.1249275362318841, 0.092463768115942]",0.033333333333333326,0.12859420289855072,0.069126547151648,0.9130434782608695,15.1,0.5033333333333333,2.012892317771912
