classifier,best,avg,std_dev,acc,n_features,selected_rate,execution_time
knn,0.001666666666666668,0.07073623188405796,0.05155362872932111,0.9304347826086957,5.6,0.18666666666666665,9.9383713722229
svc,0.0030000000000000027,0.11344637681159422,0.09251130276034546,0.8869565217391304,4.6,0.15333333333333332,23.840149641036987
