classifier,all_fitness,best,avg,std_dev,acc,n_features,selected_rate,execution_time
knn,"[0.401, 0.21714285714285717, 0.28903361344537815, 0.2866806722689076, 0.21861344537815128]",0.21714285714285717,0.28249411764705884,0.06701561599532262,0.72,18.0,0.5294117647058824,13.667020320892334
svc,"[0.13788235294117646, 0.14672268907563032, 0.07571428571428569, 0.00470588235294118, 0.07512605042016804]",0.00470588235294118,0.08803025210084034,0.051363773535770436,0.9161904761904763,17.2,0.5058823529411764,19.83373475074768
