classifier,best,avg,std_dev,acc,n_features,selected_rate,execution_time
knn,0.13435294117647056,0.1989966386554622,0.055110687447291654,0.8019047619047619,9.8,0.28823529411764703,5.829925584793091
svc,0.0020588235294117666,0.05804033613445377,0.028038186254213348,0.9438095238095239,8.2,0.24117647058823527,10.086343765258789
