classifier,all_fitness,best,avg,std_dev,acc,n_features,selected_rate,execution_time
knn,"[0.0688235294117647, 0.26596638655462185, 0.26596638655462185, 0.14033613445378154, 0.07310924369747897]",0.0688235294117647,0.16284033613445376,0.08794001653408402,0.8295238095238096,3.2,0.09411764705882353,6.7872332572937015
svc,"[0.08941176470588234, 0.1432773109243698, 0.1521008403361345, 0.15798319327731097, 0.14033613445378154]",0.08941176470588234,0.13662184873949584,0.024424534186078296,0.8723809523809523,7.4,0.21764705882352944,13.920273351669312
