classifier,all_fitness,best,avg,std_dev,acc,n_features,selected_rate,execution_time
knn,"[0.27223529411764713, 0.5020588235294118, 0.3626890756302521, 0.3632773109243697, 0.3606302521008403]",0.27223529411764713,0.3721781512605042,0.07370235438967833,0.6323809523809524,28.0,0.8235294117647058,6.365924739837647
svc,"[0.07511764705882353, 0.15084033613445386, 0.14848739495798327, 0.0795378151260504, 0.15084033613445386]",0.07511764705882353,0.120964705882353,0.03566719798463879,0.8866666666666665,29.8,0.8764705882352942,10.675133991241456
