classifier,best,avg,std_dev,acc,n_features,selected_rate,execution_time
knn,0.14701680672268913,0.24336470588235298,0.07361111649744596,0.76,19.6,0.5764705882352941,10.366554975509644
svc,0.004117647058823533,0.1285731092436975,0.0991480950949801,0.8752380952380951,17.2,0.5058823529411763,19.38214874267578
