classifier,all_fitness,best,avg,std_dev,acc,n_features,selected_rate,execution_time
knn,"[0.3397058823529412, 0.2919747899159664, 0.2919747899159664, 0.08042016806722688, 0.2922689075630252]",0.08042016806722688,0.25926890756302523,0.09130753311042673,0.7476190476190476,32.0,0.9411764705882353,0.788504695892334
svc,"[0.27370588235294124, 0.009705882352941186, 0.07983193277310922, 0.14966386554621855, 0.14966386554621855]",0.009705882352941186,0.13251428571428575,0.08761348912784818,0.8752380952380954,30.6,0.9,1.0493599414825439
