classifier,all_fitness,best,avg,std_dev,acc,n_features,selected_rate,execution_time
knn,"[0.44823529411764707, 0.21411764705882347, 0.3941176470588236, 0.3341176470588235, 0.2770588235294117, 0.27411764705882347, 0.5770588235294117, 0.3311764705882353, 0.27411764705882347, 0.27117647058823524]",0.21411764705882347,0.3395294117647058,0.10206680762124914,0.7266666666666666,31.8,0.9352941176470588,1.2918392658233642
svc,"[0.15999999999999998, 0.21411764705882347, 0.0941176470588235, 0.20823529411764702, 0.14823529411764702, 0.21411764705882347, 0.1541176470588235, 0.1541176470588235, 0.27117647058823524, 0.0941176470588235]",0.0941176470588235,0.17123529411764699,0.05307593958962759,0.9133333333333334,31.7,0.9323529411764706,1.5785465240478516
