classifier,all_fitness,best,avg,std_dev,acc,n_features,selected_rate,execution_time
knn,"[0.3311764705882353, 0.3547478991596638, 0.07159663865546216, 0.21302521008403363, 0.0721848739495798]",0.07159663865546216,0.20854621848739496,0.12147656171273383,0.7904761904761906,3.8,0.11176470588235295,7.3919029712677
svc,"[0.2690000000000001, 0.1428991596638656, 0.0733613445378151, 0.21567226890756305, 0.0008823529411764714]",0.0008823529411764714,0.14036302521008406,0.09609315126152387,0.8609523809523809,9.2,0.2705882352941177,13.77114143371582
