classifier,all_fitness,best,avg,std_dev,acc,n_features,selected_rate,execution_time
knn,"[0.27311764705882363, 0.15084033613445386, 0.1514285714285715, 0.5038235294117647, 0.15113445378151266]",0.15084033613445386,0.24606890756302527,0.13726390927513415,0.7609523809523809,32.0,0.9411764705882353,7.864642810821533
svc,"[0.14111764705882351, 0.15054621848739502, 0.008823529411764713, 0.00941176470588236, 0.08012605042016804]",0.008823529411764713,0.07800504201680673,0.06122261225094651,0.9304761904761906,31.2,0.9176470588235295,11.97361354827881
