classifier,all_fitness,best,avg,std_dev,acc,n_features,selected_rate,execution_time
knn,"[0.13317647058823529, 0.21420168067226894, 0.28403361344537814, 0.5668907563025211, 0.21331932773109247]",0.13317647058823529,0.2823243697478992,0.15008560376341856,0.7161904761904762,4.6,0.13529411764705884,21.447606563568115
svc,"[0.19947058823529407, 0.001470588235294119, 0.28403361344537814, 0.284327731092437, 0.28491596638655464]",0.001470588235294119,0.21084369747899157,0.10973587791112384,0.7885714285714286,5.2,0.15294117647058822,39.68922905921936
