classifier,all_fitness,best,avg,std_dev,acc,n_features,selected_rate,execution_time
knn,"[0.2476470588235294, 0.07352941176470587, 0.31647058823529417, 0.24470588235294113, 0.2505882352941176, 0.3047058823529412, 0.3223529411764706, 0.38529411764705884, 0.31352941176470595, 0.601764705882353]",0.07352941176470587,0.30605882352941177,0.12588676462857612,0.74,24.5,0.7205882352941175,5.118381786346435
svc,"[0.25647058823529406, 0.06176470588235293, 0.3047058823529412, 0.2476470588235294, 0.23588235294117643, 0.06470588235294117, 0.35882352941176476, 0.0588235294117647, 0.11294117647058821, 0.3647058823529412]",0.0588235294117647,0.2066470588235294,0.11599339260504318,0.8400000000000001,21.3,0.6264705882352942,9.527161288261414
