classifier,all_fitness,best,avg,std_dev,acc,n_features,selected_rate,execution_time
knn,"[0.39117647058823535, 0.2810924369747899, 0.34537815126050414, 0.4126050420168067, 0.28697478991596637]",0.2810924369747899,0.3434453781512604,0.05318245671668568,0.7190476190476189,30.8,0.9058823529411765,0.7844902038574219
svc,"[0.15705882352941172, 0.22563025210084037, 0.35420168067226887, 0.15546218487394953, 0.09117647058823528]",0.09117647058823528,0.19670588235294117,0.08949964721277438,0.8866666666666667,32.2,0.9470588235294117,1.0338350296020509
