classifier,all_fitness,best,avg,std_dev,acc,n_features,selected_rate,execution_time
knn,"[0.44823529411764707, 0.58, 0.4570588235294118, 0.2052941176470588, 0.2799999999999999, 0.3370588235294118, 0.21999999999999997, 0.3370588235294118, 0.21411764705882347, 0.2770588235294117]",0.2052941176470588,0.33558823529411763,0.11781084187657698,0.7333333333333333,32.5,0.9558823529411764,7.745257782936096
svc,"[0.27411764705882347, 0.14823529411764702, 0.0852941176470588, 0.21411764705882347, 0.15117647058823527, 0.15117647058823527, 0.27411764705882347, 0.21705882352941172, 0.2770588235294117, 0.3311764705882353]",0.0852941176470588,0.21235294117647055,0.07328099212093388,0.8666666666666666,31.4,0.9235294117647058,11.730083441734314
