classifier,all_fitness,best,avg,std_dev,acc,n_features,selected_rate,execution_time
knn,"[0.13523529411764704, 0.35621848739495793, 0.42605042016806727, 0.14378151260504207, 0.2866806722689076]",0.13523529411764704,0.2695932773109244,0.11502644167820436,0.7304761904761905,9.4,0.27647058823529413,9.569312143325806
svc,"[0.46494117647058825, 0.14466386554621855, 0.003235294117647062, 0.14348739495798327, 0.0017647058823529428]",0.0017647058823529428,0.151618487394958,0.1689729663583267,0.8495238095238096,9.0,0.2647058823529412,17.97892017364502
