classifier,all_fitness,best,avg,std_dev,acc,n_features,selected_rate,execution_time
knn,"[0.19470588235294115, 0.19470588235294115, 0.36882352941176477, 0.2635294117647059, 0.12588235294117645, 0.1552941176470588, 0.0688235294117647, 0.1376470588235294, 0.24588235294117652, 0.36294117647058827]",0.0688235294117647,0.2118235294117647,0.09404131095476057,0.78,4.7,0.13823529411764707,6.9455115556716915
svc,"[0.2547058823529412, 0.14058823529411762, 0.06588235294117646, 0.12588235294117645, 0.3058823529411765, 0.1376470588235294, 0.20941176470588233, 0.1376470588235294, 0.19764705882352937, 0.02941176470588235]",0.02941176470588235,0.1604705882352941,0.07909426726499749,0.8400000000000001,5.6,0.16470588235294117,13.635316681861877
