classifier,best,avg,std_dev,acc,n_features,selected_rate,execution_time
knn,0.07983193277310922,0.19032268907563027,0.09547570705507673,0.8171428571428571,31.6,0.9294117647058823,7.261155366897583
svc,0.07894957983193275,0.1618016806722689,0.06737162856132091,0.8457142857142858,30.8,0.9058823529411765,11.205054521560669
