classifier,all_fitness,best,avg,std_dev,acc,n_features,selected_rate,execution_time
knn,"[0.4541176470588235, 0.41848739495798315, 0.2928571428571428, 0.28697478991596637, 0.41848739495798315]",0.28697478991596637,0.3741848739495798,0.07004923062265214,0.6914285714285714,32.8,0.9647058823529411,7.412699556350708
svc,"[0.09117647058823528, 0.1525210084033613, 0.08823529411764704, 0.2138655462184874, 0.28403361344537814]",0.08823529411764704,0.16596638655462184,0.07490077705539895,0.9142857142857144,30.2,0.8882352941176471,12.37582712173462
