classifier,best,avg,std_dev,acc,n_features,selected_rate,execution_time
knn,0.001176470588235295,0.1556285714285714,0.13785525501026552,0.8438095238095238,3.4,0.1,21.433946418762208
svc,0.07159663865546216,0.15386050420168065,0.11189154155175596,0.8457142857142859,3.8,0.11176470588235295,39.70347619056702
