classifier,all_fitness,best,avg,std_dev,acc,n_features,selected_rate,execution_time
knn,"[0.08941176470588234, 0.16705882352941173, 0.24588235294117652, 0.4, 0.4, 0.2799999999999999, 0.18470588235294116, 0.29294117647058826, 0.1729411764705882, 0.27117647058823524]",0.08941176470588234,0.25041176470588233,0.09543419262039822,0.7933333333333334,21.9,0.6441176470588236,9.029807662963867
svc,"[0.2505882352941176, 0.30764705882352944, 0.06176470588235293, 0.2799999999999999, 0.19058823529411761, 0.24470588235294113, 0.06176470588235293, 0.0941176470588235, 0.1541176470588235, 0.04999999999999999]",0.04999999999999999,0.16952941176470587,0.09347937988491269,0.8933333333333333,25.0,0.7352941176470589,16.79846112728119
