classifier,all_fitness,best,avg,std_dev,acc,n_features,selected_rate,execution_time
knn,"[0.1334705882352941, 0.4254621848739496, 0.001176470588235295, 0.1428991596638656, 0.2127310924369748]",0.001176470588235295,0.18314789915966387,0.1391350246729492,0.8161904761904764,4.0,0.11764705882352941,38.21933679580688
svc,"[0.19947058823529407, 0.001470588235294119, 0.001176470588235295, 0.28403361344537814, 0.35504201680672265]",0.001176470588235295,0.16823865546218486,0.14491429438819478,0.8314285714285715,4.6,0.13529411764705884,42.48993439674378
