classifier,all_fitness,best,avg,std_dev,acc,n_features,selected_rate,execution_time
knn,"[0.5371176470588236, 0.15113445378151266, 0.3629831932773109, 0.2919747899159664, 0.07983193277310922]",0.07983193277310922,0.2846084033613446,0.16106302345413162,0.721904761904762,31.6,0.9294117647058823,2.462742471694946
svc,"[0.14111764705882351, 0.1514285714285715, 0.2212605042016807, 0.00852941176470589, 0.00941176470588236]",0.00852941176470589,0.10634957983193279,0.08415602153581904,0.9019047619047619,31.4,0.9235294117647058,0.9588120460510254
