classifier,all_fitness,best,avg,std_dev,acc,n_features,selected_rate,execution_time
knn,"[0.26870588235294124, 0.49823529411764705, 0.1478991596638656, 0.4988235294117647, 0.28491596638655464]",0.1478991596638656,0.33971596638655466,0.1380454658812733,0.660952380952381,13.8,0.4058823529411765,5.4424621105194095
svc,"[0.20094117647058818, 0.00470588235294118, 0.07365546218487393, 0.21655462184873953, 0.0020588235294117666]",0.0020588235294117666,0.09958319327731091,0.09288779243971265,0.9028571428571428,11.6,0.3411764705882353,9.489120960235596
