classifier,all_fitness,best,avg,std_dev,acc,n_features,selected_rate,execution_time
knn,"[0.12588235294117645, 0.311764705882353, 0.19470588235294115, 0.12588235294117645, 0.12588235294117645, 0.24588235294117652, 0.1917647058823529, 0.13176470588235292, 0.3835294117647059, 0.21235294117647055]",0.12588235294117645,0.20494117647058824,0.08331878996508338,0.7866666666666666,4.4,0.12941176470588234,5.6970375061035154
svc,"[0.15823529411764703, 0.0776470588235294, 0.19764705882352937, 0.1552941176470588, 0.2635294117647059, 0.02941176470588235, 0.023529411764705875, 0.14352941176470585, 0.08352941176470587, 0.10117647058823527]",0.023529411764705875,0.12335294117647058,0.07125277873534934,0.8933333333333333,9.3,0.2735294117647059,10.759883952140807
