classifier,all_fitness,best,avg,std_dev,acc,n_features,selected_rate,execution_time
knn,"[0.3311764705882353, 0.27411764705882347, 0.27411764705882347, 0.5111764705882353, 0.27411764705882347, 0.38823529411764707, 0.15705882352941172, 0.21705882352941172, 0.1541176470588235, 0.52]",0.1541176470588235,0.3101176470588235,0.12301708886268257,0.76,32.0,0.9411764705882353,0.5184879779815674
svc,"[0.32529411764705884, 0.15117647058823527, 0.09705882352941174, 0.09117647058823528, 0.09999999999999998, 0.14823529411764702, 0.27411764705882347, 0.21117647058823524, 0.32823529411764707, 0.0852941176470588]",0.0852941176470588,0.18117647058823524,0.09212936594378664,0.9,31.0,0.911764705882353,0.9716138124465943
