classifier,all_fitness,best,avg,std_dev,acc,n_features,selected_rate,execution_time
knn,"[0.20823529411764702, 0.4096638655462184, 0.4067226890756302, 0.1525210084033613, 0.3424369747899159]",0.1525210084033613,0.30391596638655455,0.10517692983133299,0.759047619047619,29.6,0.8705882352941176,0.5223503589630127
svc,"[0.39117647058823535, 0.2810924369747899, 0.2899159663865546, 0.09705882352941174, 0.0941176470588235]",0.0941176470588235,0.230672268907563,0.11688740336762733,0.8476190476190476,31.8,0.9352941176470588,1.017384147644043
