classifier,all_fitness,best,avg,std_dev,acc,n_features,selected_rate,execution_time
knn,"[0.13670588235294115, 0.14554621848739502, 0.5724789915966386, 0.3591596638655462, 0.3591596638655462]",0.13670588235294115,0.31461008403361346,0.1616775799071836,0.6876190476190476,18.2,0.5352941176470589,10.580480289459228
svc,"[0.0052941176470588285, 0.07512605042016804, 0.2872689075630252, 0.14584033613445385, 0.14672268907563032]",0.0052941176470588285,0.13205042016806726,0.09360102583457887,0.8714285714285713,16.2,0.4764705882352941,19.525212621688844
