classifier,best,avg,std_dev,acc,n_features,selected_rate,execution_time
knn,0.07247899159663863,0.19516806722689078,0.10688813021984217,0.8047619047619048,6.4,0.18823529411764706,6.73888897895813
svc,0.07159663865546216,0.18037815126050422,0.10799804364419009,0.819047619047619,4.2,0.12352941176470589,11.257257986068726
