classifier,all_fitness,best,avg,std_dev,acc,n_features,selected_rate,execution_time
knn,"[0.19941176470588232, 0.1876470588235294, 0.3223529411764706, 0.43352941176470594, 0.31647058823529417, 0.32529411764705884, 0.43058823529411766, 0.37058823529411766, 0.32529411764705884, 0.17588235294117643]",0.17588235294117643,0.30870588235294116,0.08905338393520722,0.74,25.4,0.7470588235294117,5.514635491371155
svc,"[0.301764705882353, 0.301764705882353, 0.1788235294117647, 0.1276470588235294, 0.1817647058823529, 0.11588235294117645, 0.12470588235294117, 0.13352941176470587, 0.07352941176470587, 0.24176470588235288]",0.07352941176470587,0.17811764705882352,0.0753936841682163,0.8733333333333334,21.8,0.6411764705882353,9.641347813606263
