classifier,all_fitness,best,avg,std_dev,acc,n_features,selected_rate,execution_time
knn,"[0.3835294117647059, 0.34495798319327725, 0.1609243697478992, 0.1521008403361345, 0.09957983193277309]",0.09957983193277309,0.22821848739495804,0.11368367626939047,0.7771428571428572,9.4,0.27647058823529413,9.008792352676391
svc,"[0.3235294117647059, 0.09075630252100839, 0.09075630252100839, 0.09075630252100839, 0.026470588235294114]",0.026470588235294114,0.12445378151260504,0.10260445701455403,0.8904761904761905,8.8,0.2588235294117647,18.081103992462157
