classifier,all_fitness,best,avg,std_dev,acc,n_features,selected_rate,execution_time
knn,"[0.07511764705882353, 0.0795378151260504, 0.2922689075630252, 0.15084033613445386, 0.43310924369747905]",0.07511764705882353,0.2061747899159664,0.13797553642559743,0.800952380952381,31.0,0.9117647058823529,7.634472227096557
svc,"[0.20741176470588232, 0.22067226890756306, 0.22155462184873953, 0.15113445378151266, 0.009117647058823538]",0.009117647058823538,0.16197815126050424,0.0806752602036456,0.8457142857142858,31.4,0.9235294117647059,12.077924966812134
