classifier,all_fitness,best,avg,std_dev,acc,n_features,selected_rate,execution_time
knn,"[0.0588235294117647, 0.12016806722689072, 0.16680672268907565, 0.24873949579831933, 0.36260504201680666]",0.0588235294117647,0.19142857142857142,0.10569230643511132,0.8428571428571429,17.0,0.4999999999999999,9.419216060638428
svc,"[0.10705882352941173, 0.12310924369747897, 0.11134453781512602, 0.24873949579831933, 0.17563025210084038]",0.10705882352941173,0.1531764705882353,0.05369776567827629,0.8866666666666665,17.4,0.5117647058823529,19.3840060710907
