classifier,all_fitness,best,avg,std_dev,acc,n_features,selected_rate,execution_time
knn,"[0.076, 0.5757142857142857, 0.21949579831932775, 0.15084033613445386, 0.2910924369747899]",0.076,0.26262857142857143,0.1720582026358319,0.7438095238095238,30.6,0.9,6.3782984733581545
svc,"[0.14082352941176468, 0.2200840336134454, 0.07836134453781511, 0.15084033613445386, 0.15054621848739502]",0.07836134453781511,0.1481310924369748,0.044970249673481025,0.8590476190476191,29.2,0.8588235294117647,10.635728549957275
