classifier,all_fitness,best,avg,std_dev,acc,n_features,selected_rate,execution_time
knn,"[0.3311764705882353, 0.32823529411764707, 0.4541176470588235, 0.07941176470588233, 0.3941176470588236, 0.2594117647058823, 0.52, 0.2770588235294117, 0.21117647058823524, 0.2770588235294117]",0.07941176470588233,0.3131764705882353,0.11844499986525218,0.7533333333333334,31.0,0.9117647058823529,5.790596199035645
svc,"[0.14235294117647054, 0.19941176470588232, 0.14823529411764702, 0.1452941176470588, 0.09117647058823528, 0.20235294117647054, 0.2623529411764705, 0.3223529411764706, 0.1452941176470588, 0.08823529411764704]",0.08823529411764704,0.17470588235294113,0.06984857571498337,0.9,28.8,0.8470588235294118,10.067215394973754
