classifier,all_fitness,best,avg,std_dev,acc,n_features,selected_rate,execution_time
knn,"[0.1985882352941176, 0.49558823529411766, 0.28403361344537814, 0.21302521008403363, 0.1426050420168068]",0.1426050420168068,0.2667680672268907,0.12297154907222677,0.7314285714285714,3.0,0.08823529411764705,6.72742977142334
svc,"[0.26458823529411774, 0.28403361344537814, 0.21331932773109247, 0.21361344537815127, 0.21331932773109247]",0.21331932773109247,0.23777478991596643,0.030458986977898554,0.7609523809523809,3.8,0.11176470588235295,11.722999906539917
