classifier,all_fitness,best,avg,std_dev,acc,n_features,selected_rate,execution_time
knn,"[0.2664705882352942, 0.21823529411764703, 0.2664705882352942, 0.2329411764705882, 0.1641176470588235, 0.035294117647058816, 0.2841176470588236, 0.22999999999999995, 0.21529411764705877, 0.15235294117647058]",0.035294117647058816,0.2065294117647059,0.06980221687717991,0.8133333333333332,13.1,0.3852941176470589,31.761599016189574
svc,"[0.15823529411764703, 0.20647058823529407, 0.09529411764705881, 0.09529411764705881, 0.035294117647058816, 0.09235294117647058, 0.15235294117647058, 0.08352941176470587, 0.14941176470588233, 0.09235294117647058]",0.035294117647058816,0.11605882352941174,0.04685104866751302,0.9066666666666666,10.9,0.3205882352941177,62.8458235502243
