classifier,all_fitness,best,avg,std_dev,acc,n_features,selected_rate,execution_time
knn,"[0.008823529411764704, 0.2046218487394958, 0.0760504201680672, 0.20756302521008405, 0.14033613445378154]",0.008823529411764704,0.12747899159663867,0.07649025511253237,0.8714285714285713,4.0,0.11764705882352941,18.557524967193604
svc,"[0.251764705882353, 0.07899159663865545, 0.2689075630252101, 0.02058823529411764, 0.33319327731092435]",0.02058823529411764,0.19068907563025211,0.11963814991367056,0.8038095238095238,4.8,0.1411764705882353,37.8047523021698
