classifier,best,avg,std_dev,acc,n_features,selected_rate,execution_time
knn,0.0745378151260504,0.19781848739495794,0.09336458353494673,0.8028571428571428,9.0,0.2647058823529412,3.3437168121337892
svc,0.07365546218487393,0.15415294117647063,0.061948883666756896,0.8466666666666667,8.0,0.2352941176470588,4.404233121871949
