classifier,all_fitness,best,avg,std_dev,acc,n_features,selected_rate,execution_time
knn,"[0.16117647058823525, 0.15798319327731097, 0.28067226890756297, 0.45924369747899163, 0.23403361344537815]",0.15798319327731097,0.2586218487394958,0.11042071294136697,0.759047619047619,14.2,0.4176470588235294,5.019831418991089
svc,"[0.19352941176470584, 0.032352941176470584, 0.14621848739495802, 0.10840336134453779, 0.23109243697478993]",0.032352941176470584,0.14231932773109243,0.0689365505743099,0.8876190476190476,14.0,0.4117647058823529,9.659713792800904
