classifier,all_fitness,best,avg,std_dev,acc,n_features,selected_rate,execution_time
knn,"[0.2654705882352942, 0.14584033613445385, 0.28638655462184875, 0.1440756302521009, 0.28491596638655464]",0.1440756302521009,0.22533781512605047,0.06604625051521198,0.7752380952380953,9.6,0.2823529411764706,5.460897731781006
svc,"[0.07070588235294117, 0.07365546218487393, 0.14495798319327738, 0.0745378151260504, 0.14495798319327738]",0.07070588235294117,0.10176302521008404,0.03529136459850932,0.900952380952381,12.6,0.37058823529411766,9.446089029312134
