classifier,best,avg,std_dev,acc,n_features,selected_rate,execution_time
knn,0.15054621848739502,0.2882621848739496,0.11855130970587333,0.7180952380952381,31.2,0.9176470588235294,6.311414384841919
svc,0.007941176470588241,0.15797310924369748,0.1416455132865872,0.8485714285714285,27.4,0.8058823529411765,10.547660875320435
