classifier,best,avg,std_dev,acc,n_features,selected_rate,execution_time
knn,0.07570588235294118,0.23475462184873946,0.13066428535151395,0.7723809523809525,32.0,0.9411764705882352,0.7366668224334717
svc,0.00941176470588236,0.13475294117647058,0.09376127889312172,0.8733333333333334,31.8,0.9352941176470588,1.02761549949646
