classifier,all_fitness,best,avg,std_dev,acc,n_features,selected_rate,execution_time
knn,"[0.26517647058823535, 0.21302521008403363, 0.28491596638655464, 0.28344537815126053, 0.4254621848739496]",0.21302521008403363,0.29440504201680673,0.07051683191324104,0.7038095238095238,4.0,0.11764705882352941,6.690441226959228
svc,"[0.20094117647058818, 0.2846218487394958, 0.07247899159663863, 0.21361344537815127, 0.001176470588235295]",0.001176470588235295,0.15456638655462185,0.10277977064650766,0.8457142857142858,6.2,0.1823529411764706,11.47594895362854
