classifier,all_fitness,best,avg,std_dev,acc,n_features,selected_rate,execution_time
knn,"[0.3982352941176471, 0.23109243697478993, 0.3042016806722689, 0.16680672268907565, 0.48823529411764705]",0.16680672268907565,0.3177142857142857,0.11490872451948181,0.6914285714285715,13.6,0.4,30.812031841278078
svc,"[0.3982352941176471, 0.10840336134453779, 0.11134453781512602, 0.2924369747899159, 0.42100840336134454]",0.10840336134453779,0.2662857142857143,0.13488313170660635,0.7485714285714286,13.6,0.4,64.1891212940216
