classifier,all_fitness,best,avg,std_dev,acc,n_features,selected_rate,execution_time
knn,"[0.20352941176470585, 0.28067226890756297, 0.3390756302521008, 0.41218487394957987, 0.1609243697478992]",0.1609243697478992,0.27927731092436975,0.09053990073301392,0.7171428571428572,8.4,0.24705882352941178,5.174558973312378
svc,"[0.1552941176470588, 0.1432773109243698, 0.08781512605042013, 0.08487394957983191, 0.011764705882352938]",0.011764705882352938,0.09660504201680672,0.051059714200495515,0.9161904761904763,7.2,0.21176470588235294,10.193599700927734
