classifier,all_fitness,best,avg,std_dev,acc,n_features,selected_rate,execution_time
knn,"[0.5064705882352941, 0.4423529411764706, 0.16117647058823525, 0.3311764705882353, 0.23882352941176466, 0.41882352941176476, 0.24470588235294113, 0.1729411764705882, 0.20647058823529407, 0.24470588235294113]",0.16117647058823525,0.29676470588235293,0.11484855380638752,0.7333333333333333,19.3,0.5676470588235294,4.8789557933807375
svc,"[0.07352941176470587, 0.10999999999999999, 0.035294117647058816, 0.2811764705882353, 0.33235294117647063, 0.20647058823529407, 0.22411764705882348, 0.1452941176470588, 0.035294117647058816, 0.29882352941176477]",0.035294117647058816,0.17423529411764707,0.10449973096437283,0.86,16.4,0.48235294117647054,9.302690601348877
