classifier,all_fitness,best,avg,std_dev,acc,n_features,selected_rate,execution_time
knn,"[0.3441176470588236, 0.2782352941176471, 0.15235294117647058, 0.2870588235294118, 0.02941176470588235, 0.15823529411764703, 0.3894117647058824, 0.21529411764705877, 0.21529411764705877, 0.16705882352941173]",0.02941176470588235,0.22364705882352945,0.0997109316784964,0.7933333333333333,12.8,0.37647058823529417,30.985317635536195
svc,"[0.09823529411764703, 0.1464705882352941, 0.21235294117647055, 0.21529411764705877, 0.09529411764705881, 0.032352941176470584, 0.21235294117647055, 0.14941176470588233, 0.09529411764705881, 0.09235294117647058]",0.032352941176470584,0.1349411764705882,0.0596768692185103,0.8866666666666667,11.2,0.3294117647058824,63.35075852870941
