classifier,all_fitness,best,avg,std_dev,acc,n_features,selected_rate,execution_time
knn,"[0.13523529411764704, 0.21478991596638658, 0.4970588235294118, 0.07394957983193275, 0.4263445378151261]",0.07394957983193275,0.26947563025210086,0.16470785992638898,0.7304761904761904,9.0,0.2647058823529412,5.726473951339722
svc,"[0.0017647058823529428, 0.0721848739495798, 0.4269327731092437, 0.14348739495798327, 0.21420168067226894]",0.0017647058823529428,0.17171428571428574,0.14596395163980255,0.8285714285714286,6.8,0.2,10.102179384231567
