classifier,best,avg,std_dev,acc,n_features,selected_rate,execution_time
knn,0.07130252100840334,0.19469747899159667,0.08661243643081126,0.8047619047619048,4.8,0.1411764705882353,7.427834987640381
svc,0.07189075630252098,0.1832621848739496,0.11415029079771433,0.8180952380952382,10.8,0.31764705882352945,13.698031282424926
