classifier,all_fitness,best,avg,std_dev,acc,n_features,selected_rate,execution_time
knn,"[0.3341176470588236, 0.21567226890756305, 0.5689495798319328, 0.1443697478991597, 0.003823529411764709]",0.003823529411764709,0.2533865546218488,0.1906233286944531,0.7476190476190476,12.0,0.3529411764705882,35.007484436035156
svc,"[0.06952941176470588, 0.28785714285714287, 0.35710084033613443, 0.07394957983193275, 0.07571428571428569]",0.06952941176470588,0.17283025210084033,0.12415055148918246,0.8295238095238096,13.8,0.40588235294117647,65.93968873023987
