classifier,all_fitness,best,avg,std_dev,acc,n_features,selected_rate,execution_time
knn,"[0.1464705882352941, 0.1288235294117647, 0.08352941176470587, 0.14058823529411762, 0.3235294117647059, 0.0864705882352941, 0.3058823529411765, 0.20647058823529407, 0.014705882352941175, 0.301764705882353]",0.014705882352941175,0.17382352941176468,0.10112661220223751,0.8333333333333333,8.1,0.23823529411764705,19.465661931037904
svc,"[0.16117647058823525, 0.14058823529411762, 0.14941176470588233, 0.02058823529411764, 0.2547058823529412, 0.08058823529411763, 0.2005882352941176, 0.08058823529411763, 0.1376470588235294, 0.19764705882352937]",0.02058823529411764,0.14235294117647057,0.06477482957687193,0.8666666666666668,7.6,0.22352941176470584,36.85281102657318
