classifier,all_fitness,best,avg,std_dev,acc,n_features,selected_rate,execution_time
knn,"[0.19352941176470584, 0.3341176470588235, 0.4, 0.20823529411764702, 0.3311764705882353, 0.31352941176470595, 0.3370588235294118, 0.3370588235294118, 0.2770588235294117, 0.0852941176470588]",0.0852941176470588,0.28170588235294114,0.08837457634379155,0.7866666666666666,30.5,0.8970588235294118,5.792381620407104
svc,"[0.1452941176470588, 0.08235294117647056, 0.14823529411764702, 0.2652941176470588, 0.20823529411764702, 0.2052941176470588, 0.1452941176470588, 0.09117647058823528, 0.15117647058823527, 0.08235294117647056]",0.08235294117647056,0.15247058823529408,0.05686978996251544,0.9266666666666667,29.4,0.8647058823529413,10.044068479537964
