classifier,all_fitness,best,avg,std_dev,acc,n_features,selected_rate,execution_time
knn,"[0.1376470588235294, 0.2046218487394958, 0.20756302521008405, 0.26302521008403357, 0.20168067226890757]",0.1376470588235294,0.2029075630252101,0.03974715653009595,0.7876190476190476,4.0,0.11764705882352941,5.963386201858521
svc,"[0.3205882352941177, 0.0760504201680672, 0.07310924369747897, 0.014705882352941175, 0.2747899159663865]",0.014705882352941175,0.1518487394957983,0.12193523444110133,0.8476190476190476,5.0,0.14705882352941177,11.375232696533203
