classifier,best,avg,std_dev,acc,n_features,selected_rate,execution_time
knn,0.07542016806722687,0.1996420168067227,0.08210701276437127,0.8028571428571428,15.2,0.4470588235294118,34.267744588851926
svc,0.004411764705882356,0.08667731092436973,0.05049254933462404,0.9161904761904761,12.6,0.37058823529411766,63.339899921417235
