classifier,all_fitness,best,avg,std_dev,acc,n_features,selected_rate,execution_time
knn,"[0.1376470588235294, 0.0688235294117647, 0.13470588235294115, 0.1288235294117647, 0.13176470588235292, 0.311764705882353, 0.008823529411764704, 0.06588235294117646, 0.06588235294117646, 0.13176470588235292]",0.008823529411764704,0.11858823529411766,0.07646751125031213,0.8800000000000001,3.6,0.10588235294117647,7.120427894592285
svc,"[0.251764705882353, 0.14941176470588233, 0.19470588235294115, 0.1376470588235294, 0.19764705882352937, 0.005882352941176469, 0.18882352941176467, 0.017647058823529408, 0.24588235294117652, 0.10117647058823527]",0.005882352941176469,0.14905882352941174,0.08132688536847471,0.8533333333333333,5.8,0.17058823529411765,13.627120900154114
