classifier,best,avg,std_dev,acc,n_features,selected_rate,execution_time
knn,0.13435294117647056,0.24236638655462187,0.07514131790796014,0.759047619047619,13.0,0.3823529411764707,5.563709783554077
svc,0.003235294117647062,0.2106050420168067,0.1437203225245486,0.7904761904761906,10.8,0.3176470588235294,9.958227920532227
