classifier,all_fitness,best,avg,std_dev,acc,n_features,selected_rate,execution_time
knn,"[0.19058823529411761, 0.24176470588235288, 0.23588235294117643, 0.29882352941176477, 0.23588235294117643, 0.19352941176470584, 0.30764705882352944, 0.24176470588235288, 0.24470588235294113, 0.21823529411764703]",0.19058823529411761,0.24088235294117646,0.036284391870687424,0.8,20.7,0.6088235294117647,9.723389101028442
svc,"[0.30764705882352944, 0.3441176470588236, 0.05588235294117646, 0.22411764705882348, 0.05588235294117646, 0.12470588235294117, 0.2329411764705882, 0.17588235294117643, 0.23588235294117643, 0.22999999999999995]",0.05588235294117646,0.19870588235294115,0.09164388728182894,0.8400000000000001,18.6,0.5470588235294118,18.501074934005736
