classifier,all_fitness,best,avg,std_dev,acc,n_features,selected_rate,execution_time
knn,"[0.19947058823529407, 0.0721848739495798, 0.14231092436974796, 0.4964705882352941, 0.2837394957983193]",0.0721848739495798,0.23883529411764703,0.14630873430543484,0.76,4.2,0.12352941176470589,21.412433671951295
svc,"[0.06717647058823528, 0.07159663865546216, 0.07189075630252098, 0.35504201680672265, 0.14231092436974796]",0.06717647058823528,0.14160336134453783,0.11032380602752957,0.858095238095238,3.8,0.11176470588235295,39.738539171218875
