classifier,best,avg,std_dev,acc,n_features,selected_rate,execution_time
knn,0.07512605042016804,0.1722403361344538,0.07333131839059463,0.8304761904761906,15.0,0.44117647058823534,7.284549188613892
svc,0.07483193277310922,0.15827394957983193,0.08277968947098809,0.8447619047619048,15.6,0.4588235294117647,11.022465467453003
