classifier,all_fitness,best,avg,std_dev,acc,n_features,selected_rate,execution_time
knn,"[0.14058823529411762, 0.0864705882352941, 0.2664705882352942, 0.08941176470588234, 0.251764705882353, 0.45529411764705885, 0.21529411764705877, 0.1376470588235294, 0.2664705882352942, 0.2694117647058824]",0.0864705882352941,0.2178823529411765,0.10539535061280385,0.7866666666666667,8.8,0.2588235294117647,8.938041734695435
svc,"[0.09823529411764703, 0.08058823529411763, 0.15235294117647058, 0.08352941176470587, 0.1464705882352941, 0.026470588235294114, 0.08352941176470587, 0.023529411764705875, 0.20647058823529407, 0.09235294117647058]",0.023529411764705875,0.09935294117647057,0.053354886792464265,0.9200000000000002,9.3,0.2735294117647059,16.587597370147705
