classifier,all_fitness,best,avg,std_dev,acc,n_features,selected_rate,execution_time
knn,"[0.4158823529411765, 0.3441176470588236, 0.22999999999999995, 0.23882352941176466, 0.1729411764705882, 0.361764705882353, 0.13352941176470587, 0.24470588235294113, 0.12176470588235291, 0.1729411764705882]",0.12176470588235291,0.24364705882352938,0.09534232622267078,0.7933333333333333,19.6,0.5764705882352941,1.1957366466522217
svc,"[0.17588235294117643, 0.11588235294117645, 0.2270588235294117, 0.0588235294117647, 0.1729411764705882, 0.1729411764705882, 0.04705882352941175, 0.1729411764705882, 0.05588235294117646, 0.11588235294117645]",0.04705882352941175,0.13152941176470587,0.05905202679427785,0.9133333333333333,18.2,0.5352941176470588,2.0609485387802122
