classifier,all_fitness,best,avg,std_dev,acc,n_features,selected_rate,execution_time
knn,"[0.18882352941176467, 0.14033613445378154, 0.40336134453781514, 0.20168067226890757, 0.011764705882352938]",0.011764705882352938,0.18919327731092433,0.12640565741563511,0.8028571428571428,4.0,0.11764705882352941,8.994028663635254
svc,"[0.07470588235294116, 0.017647058823529408, 0.2689075630252101, 0.2046218487394958, 0.20756302521008405]",0.017647058823529408,0.1546890756302521,0.09328732477098027,0.8438095238095238,4.8,0.1411764705882353,17.816350650787353
