classifier,all_fitness,best,avg,std_dev,acc,n_features,selected_rate,execution_time
knn,"[0.3294117647058824, 0.251764705882353, 0.2605882352941177, 0.08352941176470587, 0.1376470588235294, 0.31764705882352945, 0.19764705882352937, 0.1376470588235294, 0.251764705882353, 0.251764705882353]",0.08352941176470587,0.22194117647058825,0.07670103286727356,0.7733333333333333,6.1,0.17941176470588235,18.126176023483275
svc,"[0.3294117647058824, 0.15823529411764703, 0.20941176470588233, 0.0864705882352941, 0.08352941176470587, 0.08352941176470587, 0.31764705882352945, 0.20941176470588233, 0.2694117647058824, 0.20941176470588233]",0.08352941176470587,0.19564705882352942,0.08788999100597944,0.8133333333333332,9.4,0.27647058823529413,33.432750010490416
