classifier,all_fitness,best,avg,std_dev,acc,n_features,selected_rate,execution_time
knn,"[0.21235294117647055, 0.20352941176470585, 0.09823529411764703, 0.0864705882352941, 0.1464705882352941, 0.20352941176470585, 0.2635294117647059, 0.07470588235294116, 0.15235294117647058, 0.15235294117647058]",0.07470588235294116,0.15935294117647056,0.058344787143764704,0.8533333333333333,9.3,0.2735294117647059,8.949597907066345
svc,"[0.15235294117647058, 0.08352941176470587, 0.09235294117647058, 0.0864705882352941, 0.20941176470588233, 0.14941176470588233, 0.14941176470588233, 0.15235294117647058, 0.1464705882352941, 0.0864705882352941]",0.08352941176470587,0.1308235294117647,0.0396107356738402,0.8866666666666667,9.8,0.28823529411764703,16.48603229522705
