classifier,all_fitness,best,avg,std_dev,acc,n_features,selected_rate,execution_time
knn,"[0.2476470588235294, 0.06176470588235293, 0.12176470588235291, 0.24470588235294113, 0.29882352941176477, 0.24470588235294113, 0.2958823529411765, 0.29882352941176477, 0.41000000000000003, 0.0588235294117647]",0.0588235294117647,0.22829411764705881,0.10781839466609446,0.8133333333333332,20.5,0.6029411764705882,5.688370132446289
svc,"[0.17588235294117643, 0.10411764705882351, 0.16117647058823525, 0.04999999999999999, 0.10411764705882351, 0.04999999999999999, 0.10411764705882351, 0.16705882352941173, 0.16705882352941173, 0.1729411764705882]",0.04999999999999999,0.1256470588235294,0.04721019771369411,0.9133333333333334,16.2,0.4764705882352941,9.925593996047974
