classifier,all_fitness,best,avg,std_dev,acc,n_features,selected_rate,execution_time
knn,"[0.1985882352941176, 0.424873949579832, 0.14201680672268913, 0.2837394957983193, 0.07130252100840334]",0.07130252100840334,0.22410420168067224,0.12214959561446626,0.7742857142857144,2.2,0.06470588235294118,7.058212661743164
svc,"[0.19888235294117643, 0.49588235294117644, 0.07130252100840334, 0.0008823529411764714, 0.14201680672268913]",0.0008823529411764714,0.18179327731092437,0.17056560106495047,0.8171428571428571,2.6,0.07647058823529412,13.338443422317505
