classifier,all_fitness,best,avg,std_dev,acc,n_features,selected_rate,execution_time
knn,"[0.39529411764705885, 0.22411764705882348, 0.3441176470588236, 0.10999999999999999, 0.3411764705882353, 0.2811764705882353, 0.16999999999999998, 0.21529411764705877, 0.09823529411764703, 0.10117647058823527]",0.09823529411764703,0.22805882352941173,0.10367972043300343,0.7933333333333333,14.3,0.42058823529411765,7.500699090957641
svc,"[0.2782352941176471, 0.10117647058823527, 0.04117647058823528, 0.04117647058823528, 0.09823529411764703, 0.1641176470588235, 0.22117647058823525, 0.09823529411764703, 0.10411764705882351, 0.10117647058823527]",0.04117647058823528,0.12488235294117644,0.07163636064241374,0.9066666666666666,13.9,0.40882352941176475,11.580079317092896
