classifier,all_fitness,best,avg,std_dev,acc,n_features,selected_rate,execution_time
knn,"[0.3995294117647059, 0.14584033613445385, 0.07659663865546217, 0.07806722689075628, 0.1478991596638656]",0.07659663865546217,0.16958655462184874,0.11910571385397245,0.8342857142857142,18.8,0.5529411764705883,1.3612171173095704
svc,"[0.007058823529411771, 0.07542016806722687, 0.1464285714285715, 0.21802521008403364, 0.07689075630252099]",0.007058823529411771,0.10476470588235295,0.07176115650601161,0.9,19.6,0.5764705882352941,2.0391822814941407
