classifier,all_fitness,best,avg,std_dev,acc,n_features,selected_rate,execution_time
knn,"[0.23588235294117643, 0.2270588235294117, 0.10117647058823527, 0.3470588235294118, 0.2841176470588236, 0.2782352941176471, 0.16999999999999998, 0.3047058823529412, 0.2870588235294118, 0.1729411764705882]",0.10117647058823527,0.24082352941176471,0.0707939160289414,0.7866666666666667,16.6,0.488235294117647,5.647848773002624
svc,"[0.4158823529411765, 0.27529411764705886, 0.2811764705882353, 0.04705882352941175, 0.17588235294117643, 0.1729411764705882, 0.05294117647058823, 0.10999999999999999, 0.3411764705882353, 0.22999999999999995]",0.04705882352941175,0.21023529411764708,0.1153595852542588,0.8200000000000001,16.4,0.48235294117647065,9.97651994228363
