classifier,best,avg,std_dev,acc,n_features,selected_rate,execution_time
knn,0.010000000000000009,0.14512773109243698,0.09248308710802752,0.8609523809523809,25.4,0.7470588235294118,6.209550952911377
svc,0.0061764705882353,0.10593949579831934,0.07367101321402521,0.900952380952381,26.8,0.7882352941176471,10.554000186920167
