classifier,all_fitness,best,avg,std_dev,acc,n_features,selected_rate,execution_time
knn,"[0.39982352941176474, 0.07424369747899158, 0.2866806722689076, 0.14554621848739502, 0.21567226890756305]",0.07424369747899158,0.22439327731092437,0.11268833472832471,0.7771428571428571,12.8,0.3764705882352941,7.279824829101562
svc,"[0.07129411764705881, 0.004117647058823533, 0.14554621848739502, 0.21655462184873953, 0.14495798319327738]",0.004117647058823533,0.11649411764705886,0.0725780019675843,0.8866666666666665,14.6,0.4294117647058823,10.99557089805603
