classifier,all_fitness,best,avg,std_dev,acc,n_features,selected_rate,execution_time
knn,"[0.1288235294117647, 0.13470588235294115, 0.1288235294117647, 0.10411764705882351, 0.3835294117647059, 0.1552941176470588, 0.3264705882352942, 0.07176470588235292, 0.06588235294117646, 0.2005882352941176]",0.06588235294117646,0.16999999999999998,0.10034818277112512,0.8333333333333334,6.8,0.2,19.491808080673216
svc,"[0.1729411764705882, 0.19470588235294115, 0.14941176470588233, 0.08941176470588234, 0.1376470588235294, 0.13470588235294115, 0.0776470588235294, 0.15235294117647058, 0.09235294117647058, 0.02058823529411764]",0.02058823529411764,0.12217647058823526,0.049144973025757384,0.8933333333333333,8.9,0.26176470588235295,36.78998408317566
