classifier,all_fitness,best,avg,std_dev,acc,n_features,selected_rate,execution_time
knn,"[0.29882352941176477, 0.25352941176470584, 0.35882352941176476, 0.1788235294117647, 0.2476470588235294, 0.23588235294117643, 0.24176470588235288, 0.1817647058823529, 0.29294117647058826, 0.35000000000000003]",0.1788235294117647,0.264,0.0584101948725726,0.7733333333333333,20.4,0.6,5.878239178657532
svc,"[0.23588235294117643, 0.04999999999999999, 0.41000000000000003, 0.2329411764705882, 0.04705882352941175, 0.3382352941176471, 0.16705882352941173, 0.10999999999999999, 0.16999999999999998, 0.16999999999999998]",0.04705882352941175,0.1931176470588235,0.11044642033450376,0.8400000000000001,16.7,0.4911764705882352,9.960976433753967
