classifier,all_fitness,best,avg,std_dev,acc,n_features,selected_rate,execution_time
knn,"[0.4001176470588236, 0.2869747899159664, 0.07894957983193275, 0.2860924369747899, 0.4988235294117647]",0.07894957983193275,0.3101915966386554,0.14018656180506978,0.6914285714285715,16.0,0.4705882352941176,7.6582776546478275
svc,"[0.13582352941176468, 0.07512605042016804, 0.2860924369747899, 0.0050000000000000044, 0.0745378151260504]",0.0050000000000000044,0.11531596638655461,0.09490296355037244,0.8876190476190476,13.8,0.40588235294117647,13.38341040611267
