classifier,all_fitness,best,avg,std_dev,acc,n_features,selected_rate,execution_time
knn,"[0.2476470588235294, 0.17588235294117643, 0.1876470588235294, 0.1729411764705882, 0.1876470588235294, 0.35294117647058826, 0.4670588235294118, 0.35882352941176476, 0.1817647058823529, 0.2476470588235294]",0.1729411764705882,0.25799999999999995,0.09632672199468961,0.78,20.4,0.6000000000000001,9.746068453788757
svc,"[0.3647058823529412, 0.17588235294117643, 0.11882352941176469, 0.05294117647058823, 0.05588235294117646, 0.23882352941176466, 0.17588235294117643, 0.23588235294117643, 0.4158823529411765, 0.41882352941176476]",0.05294117647058823,0.2253529411764706,0.1296661803983612,0.8133333333333332,19.5,0.5735294117647058,18.426542377471925
