classifier,all_fitness,best,avg,std_dev,acc,n_features,selected_rate,execution_time
knn,"[0.3382352941176471, 0.10252100840336131, 0.29537815126050415, 0.23697478991596638, 0.4180672268907563]",0.10252100840336131,0.278235294117647,0.10585347078404403,0.7333333333333334,13.0,0.38235294117647056,7.201773595809937
svc,"[0.2811764705882353, 0.04117647058823528, 0.10840336134453779, 0.16386554621848742, 0.17563025210084038]",0.04117647058823528,0.15405042016806725,0.07943203511688805,0.8752380952380954,14.2,0.4176470588235294,12.030149698257446
