classifier,all_fitness,best,avg,std_dev,acc,n_features,selected_rate,execution_time
knn,"[0.2958823529411765, 0.35882352941176476, 0.29294117647058826, 0.10999999999999999, 0.10705882352941173, 0.06176470588235293, 0.10705882352941173, 0.35882352941176476, 0.21823529411764703, 0.41882352941176476]",0.06176470588235293,0.23294117647058826,0.12252815508660589,0.7999999999999999,18.0,0.5294117647058825,9.760534644126892
svc,"[0.1276470588235294, 0.05294117647058823, 0.1788235294117647, 0.10705882352941173, 0.16999999999999998, 0.17588235294117643, 0.11294117647058821, 0.11588235294117645, 0.10999999999999999, 0.1641176470588235]",0.05294117647058823,0.13152941176470584,0.0381965414474493,0.9133333333333334,18.2,0.5352941176470589,18.555621910095216
