classifier,all_fitness,best,avg,std_dev,acc,n_features,selected_rate,execution_time
knn,"[0.2654705882352942, 0.2139075630252101, 0.21420168067226894, 0.07247899159663863, 0.14495798319327738]",0.07247899159663863,0.18220336134453785,0.06691656809533642,0.818095238095238,7.2,0.21176470588235294,5.4142176628112795
svc,"[0.2648823529411765, 0.07306722689075627, 0.07247899159663863, 0.2846218487394958, 0.4973529411764706]",0.07247899159663863,0.23848067226890754,0.15796143479700903,0.7609523809523809,6.2,0.1823529411764706,10.641937685012817
