classifier,all_fitness,best,avg,std_dev,acc,n_features,selected_rate,execution_time
knn,"[0.32529411764705884, 0.18445378151260508, 0.1785714285714286, 0.5058823529411764, 0.22815126050420168]",0.1785714285714286,0.28447058823529414,0.12253945521700757,0.7466666666666666,19.2,0.5647058823529412,5.493137836456299
svc,"[0.2782352941176471, 0.22521008403361345, 0.16680672268907565, 0.1697478991596639, 0.2546218487394958]",0.16680672268907565,0.21892436974789917,0.0446456724767244,0.8038095238095238,14.4,0.4235294117647059,10.615209817886353
