classifier,best,avg,std_dev,acc,n_features,selected_rate,execution_time
knn,0.07659663865546217,0.2390638655462185,0.13382924063113494,0.7638095238095237,17.8,0.5235294117647059,6.452293539047242
svc,0.07483193277310922,0.15774453781512604,0.10411314015516689,0.8447619047619048,13.8,0.40588235294117647,10.459202241897582
