classifier,all_fitness,best,avg,std_dev,acc,n_features,selected_rate,execution_time
knn,"[0.22117647058823525, 0.3864705882352942, 0.20647058823529407, 0.21529411764705877, 0.16117647058823525, 0.04411764705882352, 0.20352941176470585, 0.10411764705882351, 0.10117647058823527, 0.1376470588235294]",0.04411764705882352,0.1781176470588235,0.08909184250751628,0.8400000000000001,11.6,0.34117647058823525,4.868117141723633
svc,"[0.15235294117647058, 0.14941176470588233, 0.27235294117647063, 0.023529411764705875, 0.20941176470588233, 0.20647058823529407, 0.02058823529411764, 0.21529411764705877, 0.3923529411764706, 0.20352941176470585]",0.02058823529411764,0.1845294117647059,0.10410470175422262,0.8266666666666668,9.7,0.2852941176470588,9.18031666278839
