classifier,best,avg,std_dev,acc,n_features,selected_rate,execution_time
knn,0.0721848739495798,0.18314789915966384,0.09665960848480382,0.8161904761904764,4.0,0.11764705882352941,21.46620512008667
svc,0.0017647058823529428,0.12474957983193277,0.09800968268424214,0.8752380952380951,4.2,0.12352941176470589,37.38495688438415
