classifier,best,avg,std_dev,acc,n_features,selected_rate,execution_time
knn,0.14613445378151266,0.21443193277310924,0.07769484007682839,0.7885714285714286,17.4,0.5117647058823529,10.348204040527344
svc,0.07571428571428569,0.15821512605042018,0.06963202942052064,0.8447619047619048,15.4,0.45294117647058824,19.20706977844238
