classifier,all_fitness,best,avg,std_dev,acc,n_features,selected_rate,execution_time
knn,"[0.13352941176470587, 0.29294117647058826, 0.2476470588235294, 0.10999999999999999, 0.17588235294117643, 0.2329411764705882, 0.16999999999999998, 0.24176470588235288, 0.1364705882352941, 0.301764705882353]",0.10999999999999999,0.20429411764705882,0.06476524015380421,0.8400000000000001,20.5,0.6029411764705882,1.2479279518127442
svc,"[0.13352941176470587, 0.10411764705882351, 0.11588235294117645, 0.05588235294117646, 0.17588235294117643, 0.2329411764705882, 0.16999999999999998, 0.12470588235294117, 0.16999999999999998, 0.1876470588235294]",0.05588235294117646,0.14705882352941174,0.04766375887437542,0.9,19.4,0.5705882352941176,1.9141684770584106
