classifier,all_fitness,best,avg,std_dev,acc,n_features,selected_rate,execution_time
knn,"[0.06688235294117646, 0.21361344537815127, 0.1428991596638656, 0.1428991596638656, 0.42605042016806727]",0.06688235294117646,0.19846890756302524,0.12289321952462129,0.800952380952381,4.8,0.1411764705882353,9.757013654708862
svc,"[0.20005882352941173, 0.001470588235294119, 0.14319327731092443, 0.07159663865546216, 0.28403361344537814]",0.001470588235294119,0.1400705882352941,0.0982164283197736,0.86,5.0,0.14705882352941177,17.95348529815674
