classifier,all_fitness,best,avg,std_dev,acc,n_features,selected_rate,execution_time
knn,"[0.3411764705882353, 0.22411764705882348, 0.21823529411764703, 0.2694117647058824, 0.2635294117647059, 0.2664705882352942, 0.14352941176470585, 0.2870588235294118, 0.2782352941176471, 0.2329411764705882]",0.14352941176470585,0.2524705882352941,0.04955776748743937,0.76,12.4,0.36470588235294116,4.874727010726929
svc,"[0.1788235294117647, 0.08941176470588234, 0.032352941176470584, 0.21235294117647055, 0.20352941176470585, 0.02941176470588235, 0.026470588235294114, 0.15235294117647058, 0.14058823529411762, 0.1464705882352941]",0.026470588235294114,0.12117647058823529,0.06833410695260735,0.9000000000000001,10.6,0.31176470588235294,9.21601037979126
