classifier,best,avg,std_dev,acc,n_features,selected_rate,execution_time
knn,0.0721848739495798,0.18055462184873955,0.08754269752272786,0.819047619047619,4.8,0.1411764705882353,9.752848672866822
svc,0.0017647058823529428,0.16941680672268905,0.13168302042706406,0.8304761904761904,5.4,0.15882352941176472,18.039491891860962
