classifier,all_fitness,best,avg,std_dev,acc,n_features,selected_rate,execution_time
knn,"[0.15823529411764703, 0.2811764705882353, 0.2811764705882353, 0.16117647058823525, 0.10117647058823527, 0.08941176470588234, 0.20647058823529407, 0.16117647058823525, 0.3470588235294118, 0.3264705882352942]",0.08941176470588234,0.2113529411764706,0.08735444641206584,0.8066666666666666,12.7,0.3735294117647059,31.054796242713927
svc,"[0.04117647058823528, 0.15235294117647058, 0.0864705882352941, 0.02941176470588235, 0.032352941176470584, 0.0864705882352941, 0.14941176470588233, 0.1464705882352941, 0.09529411764705881, 0.14941176470588233]",0.02941176470588235,0.09688235294117646,0.0480556554503343,0.9266666666666667,10.5,0.3088235294117647,60.548533058166505
