classifier,all_fitness,best,avg,std_dev,acc,n_features,selected_rate,execution_time
knn,"[0.24882352941176475, 0.24294117647058827, 0.12294117647058822, 0.0688235294117647, 0.06294117647058822, 0.19470588235294115, 0.36294117647058827, 0.24588235294117652, 0.30294117647058827, 0.12588235294117645]",0.06294117647058822,0.19788235294117648,0.09533448672889364,0.7866666666666667,2.0,0.058823529411764705,6.512469339370727
svc,"[0.06588235294117646, 0.18588235294117644, 0.1288235294117647, 0.1917647058823529, 0.1376470588235294, 0.12588235294117645, 0.371764705882353, 0.1288235294117647, 0.3058823529411765, 0.12588235294117645]",0.06588235294117646,0.17682352941176468,0.08865906082146341,0.8133333333333335,3.0,0.08823529411764705,12.7765456199646
