classifier,all_fitness,best,avg,std_dev,acc,n_features,selected_rate,execution_time
knn,"[0.13176470588235292, 0.2718487394957983, 0.20756302521008405, 0.07310924369747897, 0.20168067226890757]",0.07310924369747897,0.17719327731092438,0.06837960481898754,0.8161904761904761,4.0,0.11764705882352941,18.461043310165405
svc,"[0.371764705882353, 0.14033613445378154, 0.07899159663865545, 0.14033613445378154, 0.46176470588235297]",0.07899159663865545,0.23863865546218488,0.14988110911038466,0.7485714285714286,4.2,0.12352941176470589,37.83685297966004
