classifier,all_fitness,best,avg,std_dev,acc,n_features,selected_rate,execution_time
knn,"[0.13699999999999998, 0.35739495798319326, 0.0733613445378151, 0.14554621848739502, 0.14525210084033618]",0.0733613445378151,0.17171092436974789,0.09668578968922968,0.8304761904761906,13.2,0.388235294117647,34.719579982757566
svc,"[0.071, 0.2860924369747899, 0.0745378151260504, 0.07483193277310922, 0.07394957983193275]",0.071,0.11608235294117646,0.0850159556507114,0.8866666666666667,13.2,0.38823529411764707,62.44689588546753
