classifier,all_fitness,best,avg,std_dev,acc,n_features,selected_rate,execution_time
knn,"[0.3264705882352942, 0.353781512605042, 0.48823529411764705, 0.035294117647058816, 0.2865546218487395]",0.035294117647058816,0.2980672268907563,0.14782217247597623,0.7047619047619047,11.0,0.3235294117647059,31.080415344238283
svc,"[0.33529411764705885, 0.04999999999999999, 0.23403361344537815, 0.23403361344537815, 0.16386554621848742]",0.04999999999999999,0.20344537815126054,0.09419916937559207,0.819047619047619,13.8,0.40588235294117647,61.7807873249054
