classifier,best,avg,std_dev,acc,n_features,selected_rate,execution_time
knn,0.0005882352941176475,0.19864705882352943,0.17546561460313911,0.8,2.2,0.06470588235294118,7.382384204864502
svc,0.07130252100840334,0.18267731092436973,0.11557092901242205,0.8161904761904761,2.4,0.07058823529411765,13.319219923019409
