classifier,all_fitness,best,avg,std_dev,acc,n_features,selected_rate,execution_time
knn,"[0.270764705882353, 0.1464285714285715, 0.2887394957983193, 0.21802521008403364, 0.14672268907563032]",0.1464285714285715,0.21413613445378155,0.05986061851295572,0.7895238095238095,19.6,0.5764705882352941,2.050446128845215
svc,"[0.07129411764705881, 0.00470588235294118, 0.3591596638655462, 0.07571428571428569, 0.0052941176470588285]",0.00470588235294118,0.10323361344537814,0.13158681294547803,0.900952380952381,17.6,0.5176470588235293,1.6285168647766113
