classifier,all_fitness,best,avg,std_dev,acc,n_features,selected_rate,execution_time
knn,"[0.07188235294117647, 0.14525210084033618, 0.14672268907563032, 0.07512605042016804, 0.3588655462184874]",0.07188235294117647,0.1595697478991597,0.104793773139338,0.8438095238095238,16.8,0.49411764705882355,7.292476844787598
svc,"[0.06835294117647057, 0.003235294117647062, 0.003235294117647062, 0.07600840336134451, 0.1440756302521009]",0.003235294117647062,0.058981512605042016,0.05260043591400493,0.9438095238095239,11.4,0.3352941176470588,11.622483253479004
