classifier,all_fitness,best,avg,std_dev,acc,n_features,selected_rate,execution_time
knn,"[0.19764705882352937, 0.4004201680672269, 0.22226890756302523, 0.19873949579831934, 0.27773109243697475]",0.19764705882352937,0.2593613445378151,0.07628178002633129,0.7314285714285714,6.0,0.1764705882352941,4.962948751449585
svc,"[0.20647058823529407, 0.14621848739495802, 0.08487394957983191, 0.07310924369747897, 0.09075630252100839]",0.07310924369747897,0.12028571428571429,0.04990378710029416,0.8885714285714286,6.8,0.2,10.352489042282105
