classifier,all_fitness,best,avg,std_dev,acc,n_features,selected_rate,execution_time
knn,"[0.16999999999999998, 0.24285714285714285, 0.12016806722689072, 0.17268907563025213, 0.1172268907563025]",0.1172268907563025,0.16458823529411765,0.045688468982978805,0.8733333333333333,17.2,0.5058823529411764,1.34021897315979
svc,"[0.23882352941176466, 0.12310924369747897, 0.11134453781512602, 0.05588235294117646, 0.1260504201680672]",0.05588235294117646,0.13104201680672267,0.05956788587257883,0.9171428571428573,19.2,0.5647058823529412,1.9098524570465087
