classifier,all_fitness,best,avg,std_dev,acc,n_features,selected_rate,execution_time
knn,"[0.556470588235294, 0.3424369747899159, 0.06176470588235293, 0.4126050420168067, 0.4067226890756302]",0.06176470588235293,0.356,0.16292559201889675,0.6933333333333334,27.2,0.8,0.5194738388061524
svc,"[0.07352941176470587, 0.07941176470588233, 0.07941176470588233, 0.19915966386554623, 0.3247899159663865]",0.07352941176470587,0.15126050420168066,0.09876577515478226,0.9142857142857143,25.2,0.7411764705882353,1.0206573009490967
