classifier,all_fitness,best,avg,std_dev,acc,n_features,selected_rate,execution_time
knn,"[0.4051176470588236, 0.29138655462184876, 0.15054621848739502, 0.2916806722689076, 0.14701680672268913]",0.14701680672268913,0.2571495798319328,0.09772678247973188,0.7485714285714286,28.0,0.8235294117647058,6.19309024810791
svc,"[0.07570588235294118, 0.15054621848739502, 0.00852941176470589, 0.1464285714285715, 0.008235294117647066]",0.008235294117647066,0.07788907563025213,0.0626799832097688,0.9295238095238094,27.6,0.8117647058823529,10.58213405609131
