classifier,all_fitness,best,avg,std_dev,acc,n_features,selected_rate,execution_time
knn,"[0.33882352941176475, 0.5710084033613445, 0.07571428571428569, 0.43016806722689077, 0.14995798319327738]",0.07571428571428569,0.3131344537815126,0.1810252280282636,0.6904761904761905,22.8,0.6705882352941177,6.234973907470703
svc,"[0.14141176470588235, 0.07806722689075628, 0.0807142857142857, 0.0035294117647058855, 0.15113445378151266]",0.0035294117647058855,0.09097142857142856,0.053069107427241274,0.9161904761904761,27.2,0.8,10.584234189987182
