classifier,all_fitness,best,avg,std_dev,acc,n_features,selected_rate,execution_time
knn,"[0.0698235294117647, 0.21508403361344539, 0.21508403361344539, 0.2866806722689076, 0.2857983193277311]",0.0698235294117647,0.2144941176470588,0.0790258982201809,0.7866666666666667,11.2,0.3294117647058824,35.66117310523987
svc,"[0.40041176470588236, 0.14584033613445385, 0.14525210084033618, 0.07365546218487393, 0.0745378151260504]",0.07365546218487393,0.16793949579831938,0.1205485790091983,0.8342857142857143,13.2,0.38823529411764707,62.52713260650635
