classifier,all_fitness,best,avg,std_dev,acc,n_features,selected_rate,execution_time
knn,"[0.22999999999999995, 0.16386554621848742, 0.2457983193277311, 0.4180672268907563, 0.16386554621848742]",0.16386554621848742,0.24431932773109244,0.09310336722650374,0.7742857142857142,14.0,0.4117647058823529,6.992025852203369
svc,"[0.1641176470588235, 0.16680672268907565, 0.34789915966386553, 0.16680672268907565, 0.22521008403361345]",0.1641176470588235,0.21416806722689077,0.0707066753445613,0.8019047619047619,12.2,0.35882352941176465,13.481165456771851
