classifier,all_fitness,best,avg,std_dev,acc,n_features,selected_rate,execution_time
knn,"[0.20152941176470585, 0.21655462184873953, 0.28756302521008403, 0.14525210084033618, 0.14554621848739502]",0.14525210084033618,0.1992890756302521,0.05273271793671236,0.8028571428571428,14.0,0.4117647058823529,6.339487314224243
svc,"[0.07129411764705881, 0.07512605042016804, 0.0035294117647058855, 0.07630252100840335, 0.07424369747899158]",0.0035294117647058855,0.06009915966386553,0.028333329406502808,0.9438095238095239,15.2,0.4470588235294118,10.378726768493653
