classifier,all_fitness,best,avg,std_dev,acc,n_features,selected_rate,execution_time
knn,"[0.1641176470588235, 0.16680672268907565, 0.04117647058823528, 0.36260504201680666, 0.36848739495798316]",0.04117647058823528,0.22063865546218486,0.12673821985385922,0.8019047619047619,14.4,0.4235294117647059,5.696086502075195
svc,"[0.22117647058823525, 0.04411764705882352, 0.04999999999999999, 0.29537815126050415, 0.23403361344537815]",0.04411764705882352,0.16894117647058823,0.1026448019647534,0.86,14.6,0.4294117647058823,10.405760574340821
