classifier,best,avg,std_dev,acc,n_features,selected_rate,execution_time
knn,0.14584033613445385,0.3107210084033613,0.10973789978511495,0.6914285714285714,17.8,0.5235294117647058,1.5893301963806152
svc,0.07512605042016804,0.15485546218487395,0.12632944505795923,0.8485714285714285,16.8,0.49411764705882355,2.2220240592956544
