classifier,best,avg,std_dev,acc,n_features,selected_rate,execution_time
knn,0.07011764705882352,0.2715949579831933,0.13851673991535124,0.7295238095238096,13.0,0.3823529411764706,34.27298984527588
svc,0.0035294117647058855,0.12928235294117646,0.09366544074479108,0.8733333333333334,13.2,0.38823529411764707,62.17736396789551
