classifier,all_fitness,best,avg,std_dev,acc,n_features,selected_rate,execution_time
knn,"[0.44823529411764707, 0.2594117647058823, 0.268235294117647, 0.31058823529411766, 0.1452941176470588, 0.5170588235294118, 0.32823529411764707, 0.38823529411764707, 0.07941176470588233, 0.5594117647058823]",0.07941176470588233,0.3304117647058823,0.1452853176663484,0.7266666666666667,28.7,0.8441176470588235,0.5186747550964356
svc,"[0.25352941176470584, 0.20823529411764702, 0.18470588235294116, 0.13058823529411762, 0.19352941176470584, 0.2476470588235294, 0.07941176470588233, 0.1364705882352941, 0.19941176470588232, 0.13352941176470587]",0.07941176470588233,0.17670588235294116,0.052789455799417136,0.8866666666666667,25.4,0.7470588235294118,0.9547267198562622
