classifier,all_fitness,best,avg,std_dev,acc,n_features,selected_rate,execution_time
knn,"[0.3995294117647059, 0.14554621848739502, 0.28756302521008403, 0.21567226890756305, 0.0745378151260504]",0.0745378151260504,0.22456974789915965,0.11261660725758761,0.777142857142857,13.4,0.3941176470588236,7.734288120269776
svc,"[0.13670588235294115, 0.35739495798319326, 0.3576890756302521, 0.00470588235294118, 0.07542016806722687]",0.00470588235294118,0.18638319327731093,0.1458615799213077,0.8161904761904761,15.0,0.44117647058823534,12.05920581817627
