classifier,all_fitness,best,avg,std_dev,acc,n_features,selected_rate,execution_time
knn,"[0.2547058823529412, 0.09957983193277309, 0.15504201680672272, 0.2747899159663865, 0.426890756302521]",0.09957983193277309,0.24220168067226894,0.11248662279528113,0.7609523809523809,9.2,0.2705882352941177,6.264460897445678
svc,"[0.09823529411764703, 0.23697478991596638, 0.10840336134453779, 0.17268907563025213, 0.1172268907563025]",0.09823529411764703,0.14670588235294116,0.05197902267364672,0.8866666666666667,15.2,0.4470588235294118,11.054822254180909
