classifier,all_fitness,best,avg,std_dev,acc,n_features,selected_rate,execution_time
knn,"[0.3058823529411765, 0.36294117647058827, 0.1829411764705882, 0.18588235294117644, 0.24294117647058827, 0.1829411764705882, 0.3058823529411765, 0.251764705882353, 0.18882352941176467, 0.1917647058823529]",0.1829411764705882,0.24017647058823535,0.06190966183378573,0.74,2.1,0.061764705882352944,6.565827536582947
svc,"[0.3058823529411765, 0.07176470588235292, 0.1288235294117647, 0.1288235294117647, 0.13176470588235292, 0.3058823529411765, 0.18588235294117644, 0.24294117647058827, 0.12588235294117645, 0.06588235294117646]",0.06588235294117646,0.16935294117647057,0.08353829695908058,0.8200000000000001,2.5,0.07352941176470587,12.861659502983093
