classifier,all_fitness,best,avg,std_dev,acc,n_features,selected_rate,execution_time
knn,"[0.3341176470588236, 0.42869747899159666, 0.35739495798319326, 0.35739495798319326, 0.2860924369747899]",0.2860924369747899,0.3527394957983193,0.04604685780246777,0.6476190476190476,13.2,0.38823529411764707,7.617023944854736
svc,"[0.4007058823529412, 0.14731092436974796, 0.07600840336134451, 0.14584033613445385, 0.07483193277310922]",0.07483193277310922,0.16893949579831935,0.12017441123290551,0.8342857142857143,16.6,0.488235294117647,13.46844573020935
