classifier,best,avg,std_dev,acc,n_features,selected_rate,execution_time
knn,0.14319327731092443,0.26576470588235296,0.07805330175848714,0.7333333333333333,6.0,0.1764705882352941,5.542915010452271
svc,0.07189075630252098,0.1540957983193277,0.08082070335859326,0.8457142857142858,4.6,0.13529411764705884,9.779156684875488
