classifier,all_fitness,best,avg,std_dev,acc,n_features,selected_rate,execution_time
knn,"[0.21529411764705877, 0.22411764705882348, 0.29294117647058826, 0.3382352941176471, 0.4070588235294118, 0.47294117647058825, 0.2958823529411765, 0.3382352941176471, 0.4158823529411765, 0.35294117647058826]",0.21529411764705877,0.33535294117647063,0.07811997250259521,0.6799999999999999,16.1,0.47352941176470587,7.30152804851532
svc,"[0.22999999999999995, 0.15823529411764703, 0.04999999999999999, 0.22117647058823525, 0.2841176470588236, 0.04411764705882352, 0.2870588235294118, 0.10411764705882351, 0.27529411764705886, 0.2782352941176471]",0.04411764705882352,0.1932352941176471,0.0922349377244015,0.8333333333333334,14.7,0.43235294117647055,13.460789203643799
