classifier,all_fitness,best,avg,std_dev,acc,n_features,selected_rate,execution_time
knn,"[0.1985882352941176, 0.2127310924369748, 0.2837394957983193, 0.42516806722689077, 0.28344537815126053]",0.1985882352941176,0.28073445378151257,0.0803117755342077,0.7171428571428573,2.4,0.07058823529411765,7.448016023635864
svc,"[0.2654705882352942, 0.3541596638655462, 0.0008823529411764714, 0.07130252100840334, 0.14231092436974796]",0.0008823529411764714,0.16682521008403364,0.12813092864197834,0.8323809523809522,3.0,0.08823529411764706,13.259303903579712
