classifier,all_fitness,best,avg,std_dev,acc,n_features,selected_rate,execution_time
knn,"[0.33529411764705885, 0.4070588235294118, 0.24176470588235288, 0.3441176470588236, 0.1641176470588235, 0.1729411764705882, 0.3441176470588236, 0.2270588235294117, 0.16705882352941173, 0.29294117647058826]",0.1641176470588235,0.2696470588235294,0.08272236468680746,0.7533333333333334,16.2,0.4764705882352941,7.673690891265869
svc,"[0.2329411764705882, 0.21823529411764703, 0.04411764705882352, 0.04117647058823528, 0.1641176470588235, 0.09235294117647058, 0.1641176470588235, 0.09823529411764703, 0.03823529411764705, 0.09235294117647058]",0.03823529411764705,0.11858823529411763,0.06851120687251121,0.9133333333333333,13.8,0.40588235294117647,11.650811076164246
