classifier,all_fitness,best,avg,std_dev,acc,n_features,selected_rate,execution_time
knn,"[0.07041176470588234, 0.07689075630252099, 0.28844537815126053, 0.4313445378151261, 0.14672268907563032]",0.07041176470588234,0.20276302521008405,0.1386305716798404,0.800952380952381,19.4,0.5705882352941176,13.940155363082885
svc,"[0.20388235294117643, 0.07630252100840335, 0.07542016806722687, 0.21831932773109247, 0.14701680672268913]",0.07542016806722687,0.14418823529411764,0.06067013208835223,0.86,19.0,0.5588235294117647,19.515314292907714
