classifier,best,avg,std_dev,acc,n_features,selected_rate,execution_time
knn,0.07806722689075628,0.21484369747899157,0.08943563600591962,0.7885714285714285,18.8,0.5529411764705883,7.725577545166016
svc,0.003235294117647062,0.10117310924369749,0.05560143115921479,0.9019047619047619,13.8,0.40588235294117647,13.443417501449584
