classifier,all_fitness,best,avg,std_dev,acc,n_features,selected_rate,execution_time
knn,"[0.35294117647058826, 0.3042016806722689, 0.23403361344537815, 0.4357142857142857, 0.31890756302521006]",0.23403361344537815,0.3291596638655462,0.06587324152395772,0.6904761904761905,17.2,0.5058823529411764,9.361742877960205
svc,"[0.35000000000000003, 0.1172268907563025, 0.31890756302521006, 0.032352941176470584, 0.04411764705882352]",0.032352941176470584,0.17252100840336132,0.13573486328374162,0.8619047619047621,16.4,0.48235294117647054,19.450967407226564
