classifier,best,avg,std_dev,acc,n_features,selected_rate,execution_time
knn,0.1464285714285715,0.2430117647058824,0.07300310282227228,0.76,18.4,0.5411764705882354,3.3786736488342286
svc,0.0035294117647058855,0.1277495798319328,0.08828729054578485,0.8752380952380951,14.4,0.4235294117647059,5.136327457427979
