classifier,all_fitness,best,avg,std_dev,acc,n_features,selected_rate,execution_time
knn,"[0.22999999999999995, 0.24470588235294113, 0.4847058823529412, 0.10705882352941173, 0.23882352941176466, 0.23882352941176466, 0.3558823529411765, 0.21823529411764703, 0.2547058823529412, 0.3382352941176471]",0.10705882352941173,0.2711176470588236,0.09579405894993599,0.7533333333333334,16.7,0.4911764705882353,7.324703288078308
svc,"[0.2958823529411765, 0.04117647058823528, 0.10705882352941173, 0.16117647058823525, 0.21529411764705877, 0.2782352941176471, 0.22411764705882348, 0.22999999999999995, 0.10411764705882351, 0.15823529411764703]",0.04117647058823528,0.18152941176470586,0.0774119435005981,0.8466666666666667,14.8,0.4352941176470589,10.994454860687256
