classifier,all_fitness,best,avg,std_dev,acc,n_features,selected_rate,execution_time
knn,"[0.2032941176470588, 0.289327731092437, 0.21831932773109247, 0.07689075630252099, 0.35857142857142854]",0.07689075630252099,0.22928067226890753,0.09416993949458356,0.7742857142857142,19.8,0.5823529411764706,10.639359092712402
svc,"[0.13699999999999998, 0.2869747899159664, 0.07512605042016804, 0.07512605042016804, 0.07659663865546217]",0.07512605042016804,0.13016470588235293,0.08193188477863614,0.8733333333333334,16.2,0.4764705882352941,19.733483648300172
