classifier,best,avg,std_dev,acc,n_features,selected_rate,execution_time
knn,0.003823529411764709,0.21567226890756303,0.13364503881012352,0.7857142857142857,12.0,0.35294117647058826,7.139482641220093
svc,0.0026470588235294142,0.07418487394957983,0.04500464554009123,0.9285714285714286,11.8,0.34705882352941175,11.176365613937378
