classifier,all_fitness,best,avg,std_dev,acc,n_features,selected_rate,execution_time
knn,"[0.19512987012987013, 0.26168831168831164, 0.45227272727272727, 0.19512987012987013, 0.6428571428571429, 0.19285714285714287, 0.5785714285714285, 0.1974025974025974, 0.2594155844155844, 0.19285714285714287]",0.19285714285714287,0.31681818181818183,0.16556186502925402,0.65,0.8,0.01818181818181818,7.832182097434997
svc,"[0.06883116883116881, 0.2571428571428571, 0.2571428571428571, 0.3214285714285714, 0.32370129870129866, 0.2571428571428571, 0.2571428571428571, 0.2571428571428571, 0.19512987012987013, 0.19285714285714287]",0.06883116883116881,0.23876623376623374,0.06973179469291335,0.7357142857142857,0.4,0.00909090909090909,13.818816924095154
