classifier,best,avg,std_dev,acc,n_features,selected_rate,execution_time
knn,0.14506493506493512,0.2587987012987013,0.09606287076257174,0.7428571428571429,18.6,0.42272727272727273,33.67172012329102
svc,0.1439285714285715,0.21591558441558445,0.0448614995365127,0.7857142857142857,16.6,0.3772727272727273,78.8869773387909
