classifier,all_fitness,best,avg,std_dev,acc,n_features,selected_rate,execution_time
knn,"[0.3562987012987013, 0.42860389610389615, 0.42860389610389615, 0.49772727272727274, 0.1441558441558442]",0.1441558441558442,0.3710779220779221,0.12195949180813341,0.6285714285714286,14.8,0.33636363636363636,9.980029392242432
svc,"[0.1414285714285715, 0.28285714285714286, 0.28285714285714286, 0.35357142857142854, 0.28285714285714286]",0.1414285714285715,0.2687142857142858,0.06928556701015272,0.7285714285714285,0.0,0.0,22.086856842041016
