classifier,all_fitness,best,avg,std_dev,acc,n_features,selected_rate,execution_time
knn,"[0.3162337662337662, 0.5068181818181818, 0.24967532467532466, 0.4584415584415584, 0.4516233766233766, 0.3253246753246753, 0.1785714285714286, 0.19902597402597405, 0.3805194805194805, 0.18084415584415586]",0.1785714285714286,0.3247077922077922,0.11568145368466838,0.7071428571428571,26.9,0.6113636363636363,6.109712815284729
svc,"[0.18538961038961044, 0.25876623376623376, 0.18538961038961044, 0.18538961038961044, 0.385064935064935, 0.3207792207792207, 0.4584415584415584, 0.385064935064935, 0.437987012987013, 0.18538961038961044]",0.18538961038961044,0.29876623376623374,0.10643080986212071,0.7357142857142857,26.8,0.6090909090909091,12.942644095420837
