classifier,all_fitness,best,avg,std_dev,acc,n_features,selected_rate,execution_time
knn,"[0.2896753246753247, 0.21805194805194808, 0.1473376623376624, 0.07616883116883115, 0.28853896103896104]",0.07616883116883115,0.2039545454545455,0.0827477762110245,0.8,26.2,0.5954545454545455,6.162880849838257
svc,"[0.07389610389610388, 0.4274675324675325, 0.3567532467532467, 0.35698051948051945, 0.3562987012987013]",0.07389610389610388,0.31427922077922077,0.12327912825911727,0.6857142857142857,13.8,0.3136363636363636,13.705643272399902
