classifier,all_fitness,best,avg,std_dev,acc,n_features,selected_rate,execution_time
knn,"[0.3608441558441558, 0.42974025974025976, 0.5006818181818182, 0.2889935064935065, 0.21759740259740262]",0.21759740259740262,0.35957142857142854,0.09997529084170476,0.6428571428571429,26.4,0.6,1.9841821670532227
svc,"[0.14529220779220786, 0.28694805194805195, 0.216461038961039, 0.21691558441558445, 0.14597402597402603]",0.14529220779220786,0.20231818181818184,0.052918701987774,0.8,19.0,0.4318181818181818,1.8767341136932374
