classifier,all_fitness,best,avg,std_dev,acc,n_features,selected_rate,execution_time
knn,"[0.3207792207792207, 0.4288961038961039, 0.32759740259740255, 0.44253246753246755, 0.3071428571428571, 0.24512987012987014, 0.3714285714285714, 0.3162337662337662, 0.17629870129870134, 0.3759740259740259]",0.17629870129870134,0.33120129870129866,0.07608500746270869,0.6928571428571428,24.1,0.5477272727272726,7.00556890964508
svc,"[0.36461038961038955, 0.09155844155844153, 0.3623376623376623, 0.30259740259740253, 0.5022727272727273, 0.3714285714285714, 0.3623376623376623, 0.3759740259740259, 0.2474025974025974, 0.5022727272727273]",0.09155844155844153,0.34827922077922074,0.11294306597931646,0.6642857142857144,20.3,0.4613636363636364,17.28725411891937
