classifier,all_fitness,best,avg,std_dev,acc,n_features,selected_rate,execution_time
knn,"[0.14756493506493512, 0.3583441558441558, 0.35902597402597397, 0.3587987012987013, 0.21759740259740262]",0.14756493506493512,0.2882662337662337,0.08908829792470459,0.7142857142857142,23.8,0.5409090909090909,8.96149754524231
svc,"[0.2858116883116883, 0.14438311688311695, 0.3567532467532467, 0.07389610389610388, 0.35607142857142854]",0.07389610389610388,0.24338311688311687,0.11478542867686777,0.7571428571428572,13.0,0.29545454545454547,16.4194055557251
