classifier,best,avg,std_dev,acc,n_features,selected_rate,execution_time
knn,0.1473376623376624,0.2607532467532468,0.07217727854293711,0.7428571428571429,27.2,0.6181818181818182,10.208572578430175
svc,0.07525974025974023,0.23174025974025975,0.09452352437611694,0.7714285714285714,24.0,0.5454545454545454,24.675852727890014
