classifier,all_fitness,best,avg,std_dev,acc,n_features,selected_rate,execution_time
knn,"[0.1974025974025974, 0.3259740259740259, 0.26168831168831164, 0.20194805194805196, 0.19967532467532467]",0.1974025974025974,0.23733766233766232,0.05042825536455561,0.7428571428571428,2.6,0.05909090909090908,7.414163208007812
svc,"[0.2571428571428571, 0.2571428571428571, 0.3214285714285714, 0.2571428571428571, 0.2571428571428571]",0.2571428571428571,0.26999999999999996,0.02571428571428571,0.7000000000000001,0.0,0.0,14.351216220855713
