classifier,all_fitness,best,avg,std_dev,acc,n_features,selected_rate,execution_time
knn,"[0.3805194805194805, 0.3782467532467532, 0.3207792207792207, 0.26785714285714285, 0.1876623376623377]",0.1876623376623377,0.307012987012987,0.0727251275193822,0.7285714285714285,27.6,0.6272727272727272,1.372972011566162
svc,"[0.4857142857142857, 0.23603896103896105, 0.5, 0.17402597402597406, 0.30941558441558437]",0.17402597402597406,0.34103896103896103,0.13123866599257067,0.6857142857142857,25.6,0.5818181818181818,1.3618261337280273
