classifier,all_fitness,best,avg,std_dev,acc,n_features,selected_rate,execution_time
knn,"[0.1438311688311688, 0.3321428571428571, 0.4584415584415584, 0.2701298701298701, 0.5318181818181819]",0.1438311688311688,0.3472727272727273,0.13710137482627413,0.7,34.0,0.7727272727272727,0.5279227733612061
svc,"[0.3321428571428571, 0.2012987012987013, 0.3321428571428571, 0.39642857142857135, 0.07727272727272726]",0.07727272727272726,0.2678571428571428,0.11449747942525951,0.7857142857142857,33.0,0.75,1.2857335567474366
