classifier,all_fitness,best,avg,std_dev,acc,n_features,selected_rate,execution_time
knn,"[0.2564935064935065, 0.4538961038961039, 0.13019480519480514, 0.385064935064935, 0.18993506493506496, 0.3071428571428571, 0.25422077922077924, 0.39188311688311683, 0.5181818181818182, 0.2012987012987013]",0.13019480519480514,0.3088311688311688,0.1187078701753108,0.7285714285714285,28.4,0.6454545454545454,9.260605478286744
svc,"[0.4214285714285714, 0.19220779220779222, 0.46071428571428574, 0.31396103896103894, 0.3344155844155844, 0.30487012987012985, 0.385064935064935, 0.2474025974025974, 0.26785714285714285, 0.31396103896103894]",0.19220779220779222,0.32418831168831164,0.07679587258799038,0.7142857142857142,29.5,0.6704545454545455,24.030060291290283
