classifier,all_fitness,best,avg,std_dev,acc,n_features,selected_rate,execution_time
knn,"[0.2314935064935065, 0.3623376623376623, 0.23603896103896105, 0.2912337662337662, 0.2912337662337662, 0.09155844155844153, 0.35551948051948046, 0.16720779220779225, 0.41753246753246753, 0.16038961038961042]",0.09155844155844153,0.26045454545454544,0.09729049826398278,0.7499999999999999,15.6,0.3545454545454546,8.537694501876832
svc,"[0.22467532467532467, 0.4909090909090909, 0.22012987012987012, 0.2292207792207792, 0.2912337662337662, 0.4288961038961039, 0.10519480519480517, 0.15584415584415587, 0.2383116883116883, 0.5324675324675324]",0.10519480519480517,0.29168831168831166,0.1364132717333958,0.7142857142857142,15.2,0.34545454545454546,21.502439641952513
