classifier,all_fitness,best,avg,std_dev,acc,n_features,selected_rate,execution_time
knn,"[0.17402597402597406, 0.30032467532467527, 0.2474025974025974, 0.16038961038961042, 0.28214285714285714, 0.25422077922077924, 0.4266233766233766, 0.0409090909090909, 0.30259740259740253, 0.30941558441558437]",0.0409090909090909,0.24980519480519478,0.09929930342819976,0.7714285714285715,19.4,0.4409090909090909,18.006528067588807
svc,"[0.18993506493506496, 0.05227272727272726, 0.2474025974025974, 0.4470779220779221, 0.10064935064935063, 0.32305194805194803, 0.12792207792207788, 0.37370129870129865, 0.17629870129870134, 0.30941558441558437]",0.05227272727272726,0.23477272727272727,0.12084740517066014,0.8,24.1,0.5477272727272726,48.641651725769044
