classifier,all_fitness,best,avg,std_dev,acc,n_features,selected_rate,execution_time
knn,"[0.35652597402597397, 0.2896753246753247, 0.2166883116883117, 0.3583441558441558, 0.28944805194805195]",0.2166883116883117,0.3021363636363636,0.05241218551141177,0.7,22.6,0.5136363636363637,33.62311310768128
svc,"[0.29262987012987013, 0.28535714285714286, 0.21464285714285716, 0.2855844155844156, 0.2855844155844156]",0.21464285714285716,0.27275974025974026,0.029189153159504298,0.7285714285714286,17.8,0.4045454545454545,79.07076635360718
