classifier,all_fitness,best,avg,std_dev,acc,n_features,selected_rate,execution_time
knn,"[0.49318181818181817, 0.41753246753246753, 0.16493506493506496, 0.2383116883116883, 0.30487012987012985, 0.30032467532467527, 0.5045454545454545, 0.437987012987013, 0.43344155844155846, 0.3071428571428571]",0.16493506493506496,0.36022727272727273,0.10754933226965117,0.65,19.9,0.45227272727272727,30.53719413280487
svc,"[0.24512987012987014, 0.2383116883116883, 0.24058441558441557, 0.16720779220779225, 0.1967532467532468, 0.5045454545454545, 0.24512987012987014, 0.24512987012987014, 0.23603896103896105, 0.11883116883116879]",0.11883116883116879,0.24376623376623377,0.09580769992622892,0.7857142857142858,22.4,0.509090909090909,77.13080949783325
