classifier,all_fitness,best,avg,std_dev,acc,n_features,selected_rate,execution_time
knn,"[0.18084415584415586, 0.1967532467532468, 0.4266233766233766, 0.4266233766233766, 0.3873376623376623, 0.17629870129870134, 0.24967532467532466, 0.3941558441558441, 0.2633116883116883, 0.31396103896103894]",0.17629870129870134,0.3015584415584415,0.0963168708940585,0.7285714285714285,25.2,0.5727272727272729,6.924367666244507
svc,"[0.261038961038961, 0.2519480519480519, 0.30487012987012985, 0.24967532467532466, 0.3071428571428571, 0.30259740259740253, 0.1785714285714286, 0.2314935064935065, 0.3071428571428571, 0.2035714285714286]",0.1785714285714286,0.2598051948051948,0.043671860562136296,0.7714285714285714,23.8,0.5409090909090909,17.47700216770172
