classifier,all_fitness,best,avg,std_dev,acc,n_features,selected_rate,execution_time
knn,"[0.21759740259740262, 0.43110389610389616, 0.2887662337662338, 0.2901298701298701, 0.14801948051948058]",0.14801948051948058,0.27512337662337666,0.09402753101961214,0.7285714285714286,28.2,0.6409090909090909,1.5355387210845948
svc,"[0.4338311688311689, 0.4290584415584416, 0.216461038961039, 0.28785714285714287, 0.2871753246753247]",0.216461038961039,0.33087662337662344,0.08612863986009009,0.6714285714285715,24.6,0.5590909090909091,1.9448630809783936
