classifier,all_fitness,best,avg,std_dev,acc,n_features,selected_rate,execution_time
knn,"[0.14529220779220786, 0.004318181818181822, 0.28740259740259744, 0.3574350649350649, 0.42860389610389615]",0.004318181818181822,0.24461038961038964,0.15232769755165926,0.7571428571428571,18.4,0.41818181818181815,5.2380523681640625
svc,"[0.42451298701298706, 0.21237012987012988, 0.42474025974025975, 0.3537987012987013, 0.1416558441558442]",0.1416558441558442,0.3114155844155845,0.11494190235733891,0.6857142857142857,1.2,0.027272727272727275,12.804126501083374
