classifier,all_fitness,best,avg,std_dev,acc,n_features,selected_rate,execution_time
knn,"[0.3759740259740259, 0.2912337662337662, 0.2474025974025974, 0.31850649350649346, 0.2474025974025974, 0.1876623376623377, 0.3253246753246753, 0.2633116883116883, 0.16720779220779225, 0.3873376623376623]",0.16720779220779225,0.28113636363636363,0.0693071100376502,0.75,24.7,0.5613636363636364,7.552756762504577
svc,"[0.3344155844155844, 0.3207792207792207, 0.2519480519480519, 0.19902597402597405, 0.3714285714285714, 0.2633116883116883, 0.4538961038961039, 0.11428571428571425, 0.24967532467532466, 0.525]",0.11428571428571425,0.3083766233766233,0.11454201264081107,0.7285714285714285,28.2,0.6409090909090909,14.261607718467712
