classifier,all_fitness,best,avg,std_dev,acc,n_features,selected_rate,execution_time
knn,"[0.4954545454545455, 0.3116883116883116, 0.6194805194805194, 0.1694805194805195, 0.2314935064935065]",0.1694805194805195,0.3655194805194805,0.1677327404572083,0.6428571428571429,19.4,0.4409090909090909,5.014478778839111
svc,"[0.19512987012987013, 0.19285714285714287, 0.19285714285714287, 0.32370129870129866, 0.32370129870129866]",0.19285714285714287,0.24564935064935062,0.06373455186712688,0.7285714285714285,0.6,0.013636363636363636,13.037498617172242
