classifier,all_fitness,best,avg,std_dev,acc,n_features,selected_rate,execution_time
knn,"[0.30259740259740253, 0.1876623376623377, 0.48863636363636365, 0.1717532467532468, 0.298051948051948]",0.1717532467532468,0.28974025974025974,0.1132562473680223,0.7285714285714285,20.0,0.4545454545454545,7.900085544586181
svc,"[0.48409090909090907, 0.22694805194805195, 0.2224025974025974, 0.3532467532467532, 0.2889610389610389]",0.2224025974025974,0.3151298701298701,0.09701537749797388,0.6857142857142857,14.2,0.3227272727272727,15.38135061264038
