classifier,all_fitness,best,avg,std_dev,acc,n_features,selected_rate,execution_time
knn,"[0.12857142857142861, 0.387987012987013, 0.2594155844155844, 0.19285714285714287, 0.3214285714285714, 0.32370129870129866, 0.39025974025974025, 0.2594155844155844, 0.2662337662337662, 0.7071428571428572]",0.12857142857142861,0.3237012987012987,0.1491170533437024,0.6428571428571429,1.0,0.022727272727272728,7.953986263275146
svc,"[0.2571428571428571, 0.19967532467532467, 0.19285714285714287, 0.13311688311688316, 0.38571428571428573, 0.26168831168831164, 0.38571428571428573, 0.32370129870129866, 0.06428571428571427, 0.32370129870129866]",0.06428571428571427,0.25275974025974024,0.1008768114728704,0.7214285714285714,0.9,0.020454545454545454,14.075503611564637
