classifier,all_fitness,best,avg,std_dev,acc,n_features,selected_rate,execution_time
knn,"[0.41461038961038954, 0.30487012987012985, 0.30032467532467527, 0.30941558441558437, 0.42435064935064937, 0.3691558441558441, 0.4288961038961039, 0.31396103896103894, 0.49772727272727274, 0.18084415584415586]",0.18084415584415586,0.3544155844155844,0.08601533613409545,0.6642857142857143,23.0,0.5227272727272727,5.639862084388733
svc,"[0.2519480519480519, 0.3805194805194805, 0.3714285714285714, 0.16720779220779225, 0.1785714285714286, 0.10746753246753243, 0.11201298701298698, 0.3116883116883116, 0.30259740259740253, 0.30941558441558437]",0.10746753246753243,0.24928571428571425,0.09653682322908409,0.7785714285714287,22.0,0.5,12.606370854377747
