classifier,all_fitness,best,avg,std_dev,acc,n_features,selected_rate,execution_time
knn,"[0.21805194805194808, 0.28853896103896104, 0.4299675324675325, 0.07639610389610388, 0.216461038961039]",0.07639610389610388,0.2458831168831169,0.1149544895171348,0.7571428571428571,24.0,0.5454545454545455,6.173215627670288
svc,"[0.22100649350649354, 0.21487012987012988, 0.49818181818181817, 0.14506493506493512, 0.4979545454545454]",0.14506493506493512,0.3154155844155844,0.15150298816359886,0.6857142857142857,18.8,0.42727272727272725,13.38395004272461
