classifier,all_fitness,best,avg,std_dev,acc,n_features,selected_rate,execution_time
knn,"[0.3162337662337662, 0.3782467532467532, 0.509090909090909, 0.24058441558441557, 0.38279220779220774]",0.24058441558441557,0.3653896103896104,0.0884430363932424,0.6571428571428571,25.0,0.5681818181818182,5.8584552764892575
svc,"[0.4198051948051948, 0.10064935064935063, 0.22694805194805195, 0.4198051948051948, 0.2912337662337662]",0.10064935064935063,0.29168831168831166,0.1212561453756653,0.7142857142857142,15.2,0.3454545454545454,13.673933362960815
