classifier,all_fitness,best,avg,std_dev,acc,n_features,selected_rate,execution_time
knn,"[0.2864935064935065, 0.28444805194805195, 0.3562987012987013, 0.21487012987012988, 0.4274675324675325]",0.21487012987012988,0.3139155844155844,0.07227818674610695,0.6857142857142857,12.2,0.2772727272727272,20.86023578643799
svc,"[0.22032467532467534, 0.28285714285714286, 0.21214285714285716, 0.21214285714285716, 0.28285714285714286]",0.21214285714285716,0.2420649350649351,0.03344042111292583,0.7571428571428571,7.2,0.16363636363636364,46.02353515625
