classifier,all_fitness,best,avg,std_dev,acc,n_features,selected_rate,execution_time
knn,"[0.3623376623376623, 0.30259740259740253, 0.24512987012987014, 0.18084415584415586, 0.11201298701298698]",0.11201298701298698,0.24058441558441554,0.08807909591836911,0.7857142857142858,21.0,0.47727272727272724,30.95163493156433
svc,"[0.4107142857142857, 0.3487012987012987, 0.2798701298701298, 0.1535714285714286, 0.412987012987013]",0.1535714285714286,0.32116883116883116,0.09695511930468688,0.6714285714285715,11.2,0.2545454545454545,79.20928730964661
