classifier,all_fitness,best,avg,std_dev,acc,n_features,selected_rate,execution_time
knn,"[0.29577922077922075, 0.2701298701298701, 0.24285714285714285, 0.3344155844155844, 0.3668831168831168]",0.24285714285714285,0.30201298701298696,0.04430094569923441,0.7285714285714285,25.4,0.5772727272727273,6.775608873367309
svc,"[0.22467532467532467, 0.3487012987012987, 0.15584415584415587, 0.15584415584415587, 0.22012987012987012]",0.15584415584415587,0.22103896103896106,0.07044493919788243,0.7857142857142857,12.4,0.2818181818181818,17.46468358039856
