classifier,best,avg,std_dev,acc,n_features,selected_rate,execution_time
knn,0.14688311688311695,0.30245454545454553,0.11354352719873542,0.7,24.0,0.5454545454545454,7.502504873275757
svc,0.07275974025974023,0.24524675324675327,0.13424150940384688,0.7571428571428571,21.2,0.4818181818181818,14.526543617248535
