classifier,best,avg,std_dev,acc,n_features,selected_rate,execution_time
knn,0.003863636363636367,0.31482467532467534,0.17107098133351117,0.6857142857142857,16.2,0.3681818181818182,5.38346905708313
svc,0.28285714285714286,0.34151948051948056,0.11698388765692212,0.6571428571428571,9.2,0.20909090909090908,12.822483205795288
