classifier,all_fitness,best,avg,std_dev,acc,n_features,selected_rate,execution_time
knn,"[0.5011363636363636, 0.43064935064935067, 0.21759740259740262, 0.14870129870129878, 0.07639610389610388]",0.07639610389610388,0.27489610389610386,0.16374018995359116,0.7285714285714286,27.2,0.6181818181818182,10.273629188537598
svc,"[0.29240259740259744, 0.3581168831168831, 0.3574350649350649, 0.216461038961039, 0.14551948051948058]",0.14551948051948058,0.273987012987013,0.0826966634844413,0.7285714285714285,23.2,0.5272727272727272,25.159102821350096
