classifier,all_fitness,best,avg,std_dev,acc,n_features,selected_rate,execution_time
knn,"[0.42951298701298707, 0.2883116883116883, 0.1466558441558442, 0.2887662337662338, 0.216461038961039]",0.1466558441558442,0.27394155844155843,0.09395148130784997,0.7285714285714285,23.0,0.5227272727272727,7.485020780563355
svc,"[0.22055194805194808, 0.3628896103896104, 0.5745779220779221, 0.4975, 0.28535714285714286]",0.22055194805194808,0.3881753246753247,0.13115361619356009,0.6142857142857143,27.8,0.6318181818181818,14.254640436172485
