classifier,all_fitness,best,avg,std_dev,acc,n_features,selected_rate,execution_time
knn,"[0.45616883116883117, 0.3805194805194805, 0.3759740259740259, 0.19902597402597405, 0.2746753246753247]",0.19902597402597405,0.3372727272727273,0.09003883085029014,0.7,29.6,0.6727272727272727,9.442476511001587
svc,"[0.23376623376623376, 0.5477272727272727, 0.23603896103896105, 0.23376623376623376, 0.10746753246753243]",0.10746753246753243,0.27175324675324675,0.14650119142594872,0.7571428571428571,23.4,0.5318181818181819,24.596375894546508
