classifier,all_fitness,best,avg,std_dev,acc,n_features,selected_rate,execution_time
knn,"[0.27694805194805194, 0.4766233766233766, 0.2194805194805195, 0.34577922077922074, 0.5983766233766233, 0.35032467532467526, 0.4766233766233766, 0.4720779220779221, 0.3435064935064935, 0.4766233766233766]",0.2194805194805195,0.4036363636363636,0.10879237910220005,0.65,39.0,0.8863636363636364,0.5197988033294678
svc,"[0.41688311688311686, 0.22629870129870133, 0.33668831168831165, 0.40779220779220776, 0.27694805194805194, 0.20811688311688314, 0.2126623376623377, 0.6051948051948051, 0.2655844155844156, 0.2837662337662338]",0.20811688311688314,0.32399350649350644,0.11725845669022586,0.7357142857142857,37.9,0.8613636363636363,1.2393269300460816
