classifier,all_fitness,best,avg,std_dev,acc,n_features,selected_rate,execution_time
knn,"[0.1626623376623377, 0.16493506493506496, 0.28668831168831166, 0.24512987012987014, 0.16720779220779225, 0.42435064935064937, 0.2798701298701298, 0.24058441558441557, 0.23376623376623376, 0.08474025974025971]",0.08474025974025971,0.22899350649350647,0.08810722247955172,0.7857142857142857,15.9,0.3613636363636364,8.685866022109986
svc,"[0.10746753246753243, 0.10292207792207789, 0.036363636363636355, 0.4818181818181818, 0.2292207792207792, 0.298051948051948, 0.14902597402597406, 0.24967532467532466, 0.17629870129870134, 0.3668831168831168]",0.036363636363636355,0.21977272727272723,0.1281486925775831,0.8,17.5,0.3977272727272727,21.570134925842286
