classifier,best,avg,std_dev,acc,n_features,selected_rate,execution_time
knn,0.00454545454545455,0.23210389610389615,0.15112439293059401,0.7714285714285715,25.6,0.5818181818181818,7.294412660598755
svc,0.213961038961039,0.3009545454545454,0.08492190463594254,0.7,17.4,0.39545454545454545,17.41996102333069
