classifier,all_fitness,best,avg,std_dev,acc,n_features,selected_rate,execution_time
knn,"[0.24285714285714285, 0.1785714285714286, 0.17629870129870134, 0.3714285714285714, 0.23376623376623376, 0.2314935064935065, 0.30941558441558437, 0.35551948051948046, 0.29577922077922075, 0.3668831168831168]",0.17629870129870134,0.2762012987012986,0.07035108958192092,0.7428571428571429,19.7,0.44772727272727264,29.965486121177673
svc,"[0.3668831168831168, 0.2474025974025974, 0.29577922077922075, 0.30032467532467527, 0.3668831168831168, 0.18084415584415586, 0.5551948051948051, 0.17402597402597406, 0.30941558441558437, 0.3071428571428571]",0.17402597402597406,0.3103896103896103,0.10294819202485966,0.7071428571428571,20.6,0.46818181818181814,76.53856267929078
