classifier,all_fitness,best,avg,std_dev,acc,n_features,selected_rate,execution_time
knn,"[0.30941558441558437, 0.19220779220779222, 0.32305194805194803, 0.3116883116883116, 0.385064935064935, 0.44253246753246755, 0.2224025974025974, 0.3805194805194805, 0.43344155844155846, 0.3116883116883116]",0.19220779220779222,0.3312012987012987,0.07787179790152696,0.6928571428571428,24.1,0.5477272727272728,7.291128063201905
svc,"[0.30487012987012985, 0.45616883116883117, 0.4266233766233766, 0.29577922077922075, 0.44025974025974024, 0.2564935064935065, 0.31850649350649346, 0.13474025974025972, 0.24512987012987014, 0.3759740259740259]",0.13474025974025972,0.32545454545454544,0.09590935469369066,0.7,24.4,0.5545454545454545,13.912747597694397
