classifier,all_fitness,best,avg,std_dev,acc,n_features,selected_rate,execution_time
knn,"[0.25422077922077924, 0.38279220779220774, 0.3253246753246753, 0.31396103896103894, 0.3162337662337662, 0.25876623376623376, 0.11883116883116879, 0.38279220779220774, 0.38279220779220774, 0.3714285714285714]",0.11883116883116879,0.3107142857142857,0.07888955667345063,0.7214285714285715,26.4,0.6,1.3986478328704834
svc,"[0.24285714285714285, 0.11428571428571425, 0.4448051948051948, 0.18993506493506496, 0.18993506493506496, 0.12564935064935062, 0.3782467532467532, 0.44025974025974024, 0.25422077922077924, 0.38279220779220774]",0.11428571428571425,0.27629870129870127,0.11936435629217106,0.7571428571428571,25.4,0.5772727272727272,2.9286801338195803
