classifier,all_fitness,best,avg,std_dev,acc,n_features,selected_rate,execution_time
knn,"[0.30941558441558437, 0.30487012987012985, 0.23603896103896105, 0.49772727272727274, 0.5642857142857143, 0.3071428571428571, 0.3691558441558441, 0.12564935064935062, 0.1626623376623377, 0.1876623376623377]",0.12564935064935062,0.306461038961039,0.13395597515783214,0.7142857142857142,21.7,0.49318181818181817,8.17474536895752
svc,"[0.4311688311688312, 0.3116883116883116, 0.12564935064935062, 0.2474025974025974, 0.3714285714285714, 0.24967532467532466, 0.18084415584415586, 0.17629870129870134, 0.298051948051948, 0.3714285714285714]",0.12564935064935062,0.27636363636363637,0.09335968814871959,0.75,22.6,0.5136363636363637,14.83507697582245
