classifier,best,avg,std_dev,acc,n_features,selected_rate,execution_time
knn,0.2833116883116883,0.354025974025974,0.06324877993499406,0.6428571428571429,2.0,0.045454545454545456,8.243803119659423
svc,0.1414285714285715,0.2828571428571429,0.14833153709834998,0.7142857142857143,0.0,0.0,14.488619422912597
