classifier,all_fitness,best,avg,std_dev,acc,n_features,selected_rate,execution_time
knn,"[0.35402597402597397, 0.2833116883116883, 0.566396103896104, 0.35402597402597397, 0.42474025974025975]",0.2833116883116883,0.39649999999999996,0.09600195628945064,0.6,2.2,0.05,7.978089952468872
svc,"[0.28285714285714286, 0.28285714285714286, 0.35357142857142854, 0.21214285714285716, 0.4242857142857143]",0.21214285714285716,0.31114285714285717,0.07211470454938367,0.6857142857142857,0.0,0.0,14.269948625564576
