classifier,all_fitness,best,avg,std_dev,acc,n_features,selected_rate,execution_time
knn,"[0.22009740259740262, 0.21782467532467534, 0.5720779220779221, 0.35902597402597397, 0.4299675324675325]",0.21782467532467534,0.3597987012987013,0.13391027328758162,0.6428571428571429,27.4,0.6227272727272728,7.428102016448975
svc,"[0.5686688311688312, 0.2141883116883117, 0.432922077922078, 0.21464285714285716, 0.2858116883116883]",0.2141883116883117,0.34324675324675324,0.13809461045603683,0.6571428571428571,16.8,0.38181818181818183,17.044986295700074
