classifier,all_fitness,best,avg,std_dev,acc,n_features,selected_rate,execution_time
knn,"[0.36461038961038955, 0.30032467532467527, 0.2383116883116883, 0.5181818181818182, 0.29577922077922075, 0.18538961038961044, 0.24967532467532466, 0.2844155844155844, 0.36006493506493503, 0.1467532467532468]",0.1467532467532468,0.29435064935064936,0.09913898171794061,0.7214285714285713,19.2,0.43636363636363634,17.75214262008667
svc,"[0.25876623376623376, 0.3298701298701298, 0.24512987012987014, 0.3714285714285714, 0.3532467532467532, 0.25876623376623376, 0.12110389610389607, 0.38279220779220774, 0.3714285714285714, 0.1785714285714286]",0.12110389610389607,0.2871103896103896,0.08502031768323183,0.7428571428571429,24.5,0.5568181818181819,43.09245274066925
