classifier,all_fitness,best,avg,std_dev,acc,n_features,selected_rate,execution_time
knn,"[0.17629870129870134, 0.3116883116883116, 0.24285714285714285, 0.11201298701298698, 0.18311688311688315, 0.38279220779220774, 0.11883116883116879, 0.18311688311688315, 0.15974025974025968, 0.30941558441558437]",0.11201298701298698,0.217987012987013,0.08575734357315745,0.8214285714285714,25.2,0.5727272727272728,5.392509984970093
svc,"[0.2126623376623377, 0.30259740259740253, 0.4448051948051948, 0.1717532467532468, 0.1626623376623377, 0.2103896103896104, 0.4357142857142857, 0.31396103896103894, 0.2474025974025974, 0.437987012987013]",0.1626623376623377,0.29399350649350653,0.10583073474785591,0.7357142857142857,24.7,0.5613636363636364,12.676169300079346
