classifier,best,avg,std_dev,acc,n_features,selected_rate,execution_time
knn,0.15006493506493512,0.3338311688311689,0.10636524585306852,0.6714285714285715,37.6,0.8545454545454547,6.2214014530181885
svc,0.28740259740259744,0.37244155844155846,0.11334807475917151,0.6285714285714286,20.8,0.4727272727272728,13.336735916137695
