classifier,all_fitness,best,avg,std_dev,acc,n_features,selected_rate,execution_time
knn,"[0.3668831168831168, 0.437987012987013, 0.298051948051948, 0.18993506493506496, 0.4311688311688312]",0.18993506493506496,0.3448051948051948,0.09251982141882842,0.6714285714285715,21.6,0.4909090909090909,5.557924222946167
svc,"[0.3691558441558441, 0.24058441558441557, 0.30487012987012985, 0.17402597402597406, 0.1717532467532468]",0.1717532467532468,0.25207792207792207,0.07638130372531539,0.7714285714285715,20.4,0.4636363636363637,13.34324893951416
