classifier,best,avg,std_dev,acc,n_features,selected_rate,execution_time
knn,0.07571428571428569,0.20354545454545456,0.12965793931673852,0.8,24.4,0.5545454545454546,1.4046664714813233
svc,0.14938311688311695,0.344564935064935,0.12049098514171776,0.6571428571428571,22.6,0.5136363636363636,2.0257239818572996
