classifier,best,avg,std_dev,acc,n_features,selected_rate,execution_time
knn,0.14779220779220786,0.31759740259740254,0.095995496517604,0.6857142857142857,28.4,0.6454545454545454,6.398745965957642
svc,0.21555194805194808,0.24479220779220778,0.05612092244048489,0.7571428571428571,19.2,0.43636363636363634,13.461652994155884
