classifier,all_fitness,best,avg,std_dev,acc,n_features,selected_rate,execution_time
knn,"[0.2889935064935065, 0.35948051948051946, 0.14961038961038967, 0.3628896103896104, 0.2880844155844156]",0.14961038961038967,0.2898116883116883,0.07727119227985381,0.7142857142857143,30.6,0.6954545454545455,6.1417137622833256
svc,"[0.28740259740259744, 0.28785714285714287, 0.35857142857142854, 0.14688311688311695, 0.35857142857142854]",0.14688311688311695,0.2878571428571429,0.07729799870508788,0.7142857142857143,22.0,0.5,13.218612575531006
