classifier,all_fitness,best,avg,std_dev,acc,n_features,selected_rate,execution_time
knn,"[0.14597402597402603, 0.427922077922078, 0.42974025974025976, 0.21623376623376625, 0.35607142857142854]",0.14597402597402603,0.31518831168831174,0.1148285301253446,0.6857142857142857,17.8,0.4045454545454545,5.274894762039184
svc,"[0.28285714285714286, 0.21237012987012988, 0.2830844155844156, 0.1414285714285715, 0.3537987012987013]",0.1414285714285715,0.2547077922077922,0.07216825683535245,0.7428571428571429,0.6,0.013636363636363636,13.000265169143677
