classifier,best,avg,std_dev,acc,n_features,selected_rate,execution_time
knn,0.1448376623376624,0.3564350649350649,0.16137483093730523,0.6428571428571428,12.6,0.2863636363636363,21.435899877548216
svc,0.21214285714285716,0.22628571428571428,0.028285714285714282,0.7714285714285714,0.0,0.0,44.57800378799438
