classifier,all_fitness,best,avg,std_dev,acc,n_features,selected_rate,execution_time
knn,"[0.14801948051948058, 0.21782467532467534, 0.2191883116883117, 0.36016233766233763, 0.29035714285714287]",0.14801948051948058,0.2471103896103896,0.07225970991624557,0.7571428571428571,29.4,0.6681818181818182,10.40252652168274
svc,"[0.22191558441558445, 0.3631168831168831, 0.216461038961039, 0.2864935064935065, 0.29240259740259744]",0.216461038961039,0.2760779220779221,0.05373730870733514,0.7285714285714286,32.4,0.7363636363636364,25.036152410507203
