classifier,all_fitness,best,avg,std_dev,acc,n_features,selected_rate,execution_time
knn,"[0.1626623376623377, 0.22467532467532467, 0.15584415584415587, 0.15129870129870132, 0.35097402597402594]",0.15129870129870132,0.20909090909090908,0.07576867574834903,0.8,12.8,0.2909090909090909,8.771729707717896
svc,"[0.12857142857142861, 0.2571428571428571, 0.19285714285714287, 0.19285714285714287, 0.19285714285714287]",0.12857142857142861,0.19285714285714287,0.04065785563073629,0.7857142857142857,0.0,0.0,21.678558015823363
