classifier,best,avg,std_dev,acc,n_features,selected_rate,execution_time
knn,0.14551948051948058,0.2874935064935065,0.08944839111821992,0.7142857142857143,20.4,0.4636363636363637,9.450649738311768
svc,0.22214285714285717,0.3043636363636364,0.06983559169045982,0.7,32.4,0.7363636363636363,22.23022265434265
