classifier,best,avg,std_dev,acc,n_features,selected_rate,execution_time
knn,0.21509740259740262,0.31564285714285717,0.09617254787314419,0.6857142857142857,19.8,0.45,7.8925487995147705
svc,0.1439285714285715,0.2865844155844156,0.10172129716624406,0.7142857142857142,16.4,0.37272727272727274,14.789484071731568
