classifier,all_fitness,best,avg,std_dev,acc,n_features,selected_rate,execution_time
knn,"[0.30941558441558437, 0.3116883116883116, 0.24058441558441557, 0.31396103896103894, 0.36461038961038955, 0.24285714285714285, 0.3759740259740259, 0.2474025974025974, 0.23376623376623376, 0.3116883116883116]",0.23376623376623376,0.2951948051948051,0.0492152105954565,0.7285714285714286,22.4,0.509090909090909,8.071339797973632
svc,"[0.3782467532467532, 0.43344155844155846, 0.25422077922077924, 0.44253246753246755, 0.24285714285714285, 0.1717532467532468, 0.3896103896103896, 0.11883116883116879, 0.36461038961038955, 0.35551948051948046]",0.11883116883116879,0.31516233766233764,0.10576535290533354,0.7071428571428573,22.7,0.5159090909090909,15.278613376617432
