classifier,all_fitness,best,avg,std_dev,acc,n_features,selected_rate,execution_time
knn,"[0.16038961038961042, 0.1717532467532468, 0.3759740259740259, 0.30259740259740253, 0.24285714285714285, 0.6126623376623376, 0.5022727272727273, 0.3691558441558441, 0.4909090909090909, 0.4954545454545455]",0.16038961038961042,0.3724025974025974,0.14514279845958147,0.6357142857142857,19.6,0.44545454545454544,4.6224960565567015
svc,"[0.23376623376623376, 0.49772727272727274, 0.17402597402597406, 0.2474025974025974, 0.16493506493506496, 0.31396103896103894, 0.3714285714285714, 0.3162337662337662, 0.1694805194805195, 0.2314935064935065]",0.16493506493506496,0.2720454545454546,0.09991789617337125,0.75,20.7,0.4704545454545455,11.995488262176513
