classifier,all_fitness,best,avg,std_dev,acc,n_features,selected_rate,execution_time
knn,"[0.5181818181818182, 0.3805194805194805, 0.44253246753246755, 0.3577922077922078, 0.11428571428571425]",0.11428571428571425,0.36266233766233763,0.13608753743268767,0.6571428571428571,23.8,0.5409090909090909,6.670329523086548
svc,"[0.39642857142857135, 0.2133116883116883, 0.2798701298701298, 0.14902597402597406, 0.21785714285714286]",0.14902597402597406,0.2512987012987013,0.08354647504832564,0.7571428571428571,14.4,0.32727272727272727,14.288017845153808
