classifier,all_fitness,best,avg,std_dev,acc,n_features,selected_rate,execution_time
knn,"[0.14529220779220786, 0.28535714285714286, 0.3572077922077922, 0.14551948051948058, 0.4267857142857143]",0.14529220779220786,0.27203246753246757,0.11264952694858772,0.7285714285714286,14.6,0.33181818181818185,34.222428750991824
svc,"[0.29035714285714287, 0.28285714285714286, 0.28285714285714286, 0.1414285714285715, 0.35357142857142854]",0.1414285714285715,0.27021428571428574,0.06965571309912012,0.7285714285714285,6.6,0.15,46.50130705833435
