classifier,all_fitness,best,avg,std_dev,acc,n_features,selected_rate,execution_time
knn,"[0.33083333333333337, 0.33116666666666666, 0.33083333333333337, 0.4418333333333333, 0.2213333333333333]",0.2213333333333333,0.33120000000000005,0.06972903109736846,0.6666666666666666,7.2,0.12,20.19159288406372
svc,"[0.5513333333333333, 0.551, 0.4423333333333333, 0.33133333333333337, 0.22066666666666665]",0.22066666666666665,0.41933333333333334,0.12845353677930055,0.5777777777777777,8.0,0.13333333333333333,34.54922189712524
