classifier,best,avg,std_dev,acc,n_features,selected_rate,execution_time
knn,0.22949999999999998,0.3835666666666667,0.11211970785231688,0.6222222222222221,57.4,0.9566666666666667,0.8347284317016601
svc,0.11950000000000005,0.3393,0.1204080746646355,0.6666666666666667,55.8,0.93,1.0052055835723877
