classifier,all_fitness,best,avg,std_dev,acc,n_features,selected_rate,execution_time
knn,"[0.22899999999999998, 0.3393333333333334, 0.22966666666666666, 0.3395, 0.5593333333333333]",0.22899999999999998,0.3393666666666667,0.12049916551117229,0.6666666666666666,56.2,0.9366666666666668,2.454472875595093
svc,"[0.4493333333333333, 0.669, 0.11933333333333339, 0.7798333333333334, 0.6693333333333333]",0.11933333333333339,0.5373666666666667,0.2349614247299141,0.4666666666666667,56.2,0.9366666666666668,1.0242066860198975
