classifier,all_fitness,best,avg,std_dev,acc,n_features,selected_rate,execution_time
knn,"[0.5535, 0.44299999999999995, 0.22316666666666665, 0.33216666666666667, 0.6648333333333334]",0.22316666666666665,0.44333333333333336,0.15622448236076475,0.5555555555555556,20.0,0.3333333333333333,9.317531204223632
svc,"[0.44299999999999995, 0.3325, 0.663, 0.2248333333333333, 0.33416666666666667]",0.2248333333333333,0.39949999999999997,0.14872147719067944,0.6,21.0,0.35000000000000003,15.886609840393067
