classifier,all_fitness,best,avg,std_dev,acc,n_features,selected_rate,execution_time
knn,"[0.3345, 0.33466666666666667, 0.33483333333333337, 0.3345, 0.4436666666666666]",0.3345,0.3564333333333333,0.04361684180324025,0.6444444444444445,26.6,0.44333333333333336,36.7821448802948
svc,"[0.4443333333333333, 0.22466666666666665, 0.3335, 0.33383333333333337, 0.44549999999999995]",0.22466666666666665,0.35636666666666666,0.08253291599248279,0.6444444444444445,26.2,0.4366666666666667,55.48307194709778
