classifier,all_fitness,best,avg,std_dev,acc,n_features,selected_rate,execution_time
knn,"[0.3325, 0.4451666666666666, 0.3325, 0.4438333333333333, 0.3335]",0.3325,0.37750000000000006,0.054708114368691,0.6222222222222222,21.0,0.35,5.663591003417968
svc,"[0.2243333333333333, 0.33133333333333337, 0.22466666666666665, 0.33233333333333337, 0.4428333333333333]",0.2243333333333333,0.3111,0.0815022562741534,0.6888888888888889,18.6,0.30999999999999994,9.118270683288575
