classifier,best,avg,std_dev,acc,n_features,selected_rate,execution_time
knn,0.33416666666666667,0.4435666666666666,0.09775926213578608,0.5555555555555556,21.4,0.3566666666666667,7.828350496292114
svc,0.2253333333333333,0.3781333333333333,0.14824369576252924,0.6222222222222222,24.8,0.4133333333333333,13.283539867401123
