classifier,all_fitness,best,avg,std_dev,acc,n_features,selected_rate,execution_time
knn,"[0.2233333333333333, 0.5266666666666666, 0.14833333333333337, 0.4483333333333333, 0.3383333333333334]",0.14833333333333337,0.33699999999999997,0.1392016921991651,0.6666666666666667,22.2,0.37,4.7915114402771
svc,"[0.25166666666666665, 0.43666666666666665, 0.5816666666666667, 0.3716666666666667, 0.235]",0.235,0.3753333333333333,0.12754258548073702,0.6444444444444445,33.2,0.5533333333333333,8.864515590667725
