classifier,all_fitness,best,avg,std_dev,acc,n_features,selected_rate,execution_time
knn,"[0.22699999999999998, 0.4466666666666666, 0.4461666666666666, 0.11633333333333339, 0.4463333333333333]",0.11633333333333339,0.33649999999999997,0.13906145723703917,0.6666666666666666,39.0,0.65,10.750998592376709
svc,"[0.6658333333333334, 0.556, 0.5558333333333334, 0.4466666666666666, 0.3368333333333334]",0.3368333333333334,0.5122333333333333,0.11177977356292051,0.4888888888888888,37.4,0.6233333333333333,18.043104934692384
