classifier,all_fitness,best,avg,std_dev,acc,n_features,selected_rate,execution_time
knn,"[0.5666666666666667, 0.5633333333333334, 0.5633333333333334, 0.26166666666666666, 0.2583333333333333, 0.2533333333333333, 0.5616666666666666, 0.26999999999999996, 0.655, 0.37]",0.2533333333333333,0.43233333333333335,0.15503440478379846,0.5888888888888889,37.4,0.6233333333333333,9.563673782348634
svc,"[0.5683333333333334, 0.765, 0.26499999999999996, 0.46333333333333326, 0.5616666666666666, 0.655, 0.29999999999999993, 0.39333333333333337, 0.47, 0.2633333333333333]",0.2633333333333333,0.47050000000000003,0.16089687863832403,0.5555555555555556,42.3,0.7050000000000001,17.145003890991212
