classifier,all_fitness,best,avg,std_dev,acc,n_features,selected_rate,execution_time
knn,"[0.48166666666666663, 0.1716666666666667, 0.1716666666666667, 0.5683333333333334, 0.48, 0.5733333333333333, 0.375, 0.3766666666666667, 0.27499999999999997, 0.3866666666666667]",0.1716666666666667,0.386,0.13810664156529345,0.6555555555555556,45.6,0.76,5.059520483016968
svc,"[0.27999999999999997, 0.4716666666666666, 0.5916666666666667, 0.5783333333333334, 0.3816666666666667, 0.285, 0.3616666666666667, 0.585, 0.39, 0.375]",0.27999999999999997,0.43,0.11360262125301315,0.6111111111111112,48.0,0.8,8.587185430526734
