classifier,all_fitness,best,avg,std_dev,acc,n_features,selected_rate,execution_time
knn,"[0.2258333333333333, 0.5515000000000001, 0.3315, 0.22316666666666665, 0.6626666666666667]",0.22316666666666665,0.3989333333333334,0.17789696143804395,0.6,17.6,0.29333333333333333,7.865071249008179
svc,"[0.4458333333333333, 0.667, 0.33083333333333337, 0.44749999999999995, 0.552]",0.33083333333333337,0.4886333333333333,0.11336192776530694,0.5111111111111111,27.8,0.46333333333333326,13.381093215942382
