classifier,all_fitness,best,avg,std_dev,acc,n_features,selected_rate,execution_time
knn,"[0.15833333333333338, 0.3666666666666667, 0.44499999999999995, 0.235, 0.3816666666666667, 0.24333333333333332, 0.5383333333333333, 0.235, 0.14166666666666672, 0.5416666666666666]",0.14166666666666672,0.32866666666666666,0.13997380707356166,0.6888888888888889,29.2,0.4866666666666667,19.409555196762085
svc,"[0.25999999999999995, 0.57, 0.35500000000000004, 0.3466666666666667, 0.25166666666666665, 0.2833333333333333, 0.16500000000000004, 0.46499999999999997, 0.26166666666666666, 0.2733333333333333]",0.16500000000000004,0.32316666666666666,0.11161553555745622,0.711111111111111,37.9,0.6316666666666667,33.47063322067261
