classifier,all_fitness,best,avg,std_dev,acc,n_features,selected_rate,execution_time
knn,"[0.13500000000000004, 0.43999999999999995, 0.24333333333333332, 0.4433333333333333, 0.545]",0.13500000000000004,0.36133333333333334,0.14953037595529992,0.6444444444444445,24.8,0.4133333333333334,30.284867525100708
svc,"[0.3433333333333334, 0.5383333333333333, 0.54, 0.24499999999999997, 0.24666666666666665]",0.24499999999999997,0.38266666666666665,0.13265075281438182,0.6222222222222222,25.6,0.42666666666666664,57.276811838150024
