classifier,all_fitness,best,avg,std_dev,acc,n_features,selected_rate,execution_time
knn,"[0.53, 0.5483333333333333, 0.34, 0.6350000000000001, 0.5366666666666666]",0.34,0.518,0.09673216172044909,0.4666666666666666,22.8,0.38,8.522733354568482
svc,"[0.7366666666666667, 0.2233333333333333, 0.53, 0.6283333333333334, 0.32833333333333337]",0.2233333333333333,0.4893333333333333,0.18911666005699002,0.4888888888888888,17.6,0.2933333333333333,16.059927797317506
