classifier,all_fitness,best,avg,std_dev,acc,n_features,selected_rate,execution_time
knn,"[0.12500000000000006, 0.22499999999999998, 0.3166666666666667, 0.22166666666666665, 0.235]",0.12500000000000006,0.2246666666666667,0.06084954121985363,0.7777777777777777,14.8,0.24666666666666667,7.003597593307495
svc,"[0.6333333333333334, 0.20666666666666664, 0.205, 0.23166666666666663, 0.5166666666666666]",0.205,0.3586666666666667,0.1806943398240367,0.6222222222222221,11.2,0.18666666666666665,13.19939694404602
