classifier,best,avg,std_dev,acc,n_features,selected_rate,execution_time
knn,0.2233333333333333,0.39993333333333336,0.11244754826634112,0.6,23.6,0.3933333333333333,5.8301149845123295
svc,0.33283333333333337,0.4212999999999999,0.08182083407597901,0.5777777777777777,19.8,0.32999999999999996,8.751984691619873
