classifier,all_fitness,best,avg,std_dev,acc,n_features,selected_rate,execution_time
knn,"[0.6200000000000001, 0.3533333333333334, 0.5133333333333333, 0.12000000000000005, 0.006666666666666665]",0.006666666666666665,0.3226666666666667,0.23092471115543747,0.6666666666666666,13.6,0.22666666666666666,6.32588038444519
svc,"[0.3116666666666667, 0.505, 0.30500000000000005, 0.505, 0.5166666666666666]",0.30500000000000005,0.42866666666666664,0.09836666101886347,0.5333333333333334,5.2,0.08666666666666667,10.601903581619263
