classifier,best,avg,std_dev,acc,n_features,selected_rate,execution_time
knn,0.22966666666666666,0.44946666666666674,0.12053074296626569,0.5555555555555556,56.8,0.9466666666666667,6.118656301498413
svc,0.2288333333333333,0.49329999999999996,0.2748658541503069,0.5111111111111111,55.8,0.93,10.052800178527832
