classifier,all_fitness,best,avg,std_dev,acc,n_features,selected_rate,execution_time
knn,"[0.26499999999999996, 0.4183333333333333, 0.44999999999999996, 0.8566666666666666, 0.3216666666666667, 0.5133333333333333, 0.6066666666666668, 0.2933333333333333, 0.3383333333333334, 0.5433333333333333]",0.26499999999999996,0.46066666666666656,0.1703577934166141,0.5333333333333334,24.4,0.4066666666666666,6.932184386253357
svc,"[0.3266666666666667, 0.4783333333333333, 0.525, 0.42666666666666664, 0.10333333333333337, 0.20666666666666664, 0.3516666666666667, 0.4583333333333333, 0.37333333333333335, 0.43166666666666664]",0.10333333333333337,0.3681666666666667,0.1227021008603991,0.6333333333333333,22.9,0.38166666666666665,10.169003868103028
