classifier,all_fitness,best,avg,std_dev,acc,n_features,selected_rate,execution_time
knn,"[0.36833333333333335, 0.545, 0.6466666666666667, 0.49499999999999994, 0.1866666666666667, 0.475, 0.37333333333333335, 0.385, 0.395, 0.6500000000000001]",0.1866666666666667,0.45199999999999996,0.133960607808581,0.5777777777777777,43.2,0.72,4.720764303207398
svc,"[0.27999999999999997, 0.2483333333333333, 0.48166666666666663, 0.7616666666666667, 0.27999999999999997, 0.385, 0.8883333333333332, 0.57, 0.4566666666666666, 0.37]",0.2483333333333333,0.4721666666666667,0.20221282792587064,0.5555555555555556,43.3,0.7216666666666667,8.300651669502258
