classifier,best,avg,std_dev,acc,n_features,selected_rate,execution_time
knn,0.3393333333333334,0.5374333333333334,0.1077980416231101,0.4666666666666666,56.6,0.9433333333333334,7.778259992599487
svc,0.009333333333333341,0.38326666666666664,0.23683586909268808,0.6222222222222221,55.6,0.9266666666666667,11.49749321937561
