classifier,all_fitness,best,avg,std_dev,acc,n_features,selected_rate,execution_time
knn,"[0.2883333333333333, 0.39, 0.7933333333333333, 0.2933333333333333, 0.3916666666666667]",0.2883333333333333,0.43133333333333335,0.18645047003903684,0.6222222222222221,54.8,0.9133333333333334,0.4729102611541748
svc,"[0.08999999999999998, 0.39333333333333337, 0.6950000000000001, 0.2933333333333333, 0.4916666666666666]",0.08999999999999998,0.39266666666666666,0.20133609269632266,0.6666666666666666,55.6,0.9266666666666667,0.8789367198944091
