classifier,best,avg,std_dev,acc,n_features,selected_rate,execution_time
knn,0.2213333333333333,0.5952,0.1916886769970749,0.39999999999999997,7.2,0.12,7.5579417705535885
svc,0.33116666666666666,0.44143333333333323,0.09842710782886774,0.5555555555555556,8.6,0.14333333333333334,10.9463041305542
