classifier,all_fitness,best,avg,std_dev,acc,n_features,selected_rate,execution_time
knn,"[0.22416666666666665, 0.33366666666666667, 0.556, 0.44449999999999995, 0.5533333333333333]",0.22416666666666665,0.42233333333333334,0.12856978217640758,0.5777777777777778,26.0,0.4333333333333333,5.345837545394898
svc,"[0.22316666666666665, 0.6645000000000001, 0.554, 0.44499999999999995, 0.5541666666666667]",0.22316666666666665,0.4881666666666667,0.14958063600167862,0.5111111111111111,25.0,0.41666666666666663,8.95786542892456
