classifier,all_fitness,best,avg,std_dev,acc,n_features,selected_rate,execution_time
knn,"[0.5591666666666667, 0.559, 0.5591666666666667, 0.3396666666666667, 0.3388333333333334]",0.3388333333333334,0.4711666666666667,0.10770984686235104,0.5333333333333333,55.0,0.9166666666666667,8.85991129875183
svc,"[0.33916666666666667, 0.6686666666666667, 0.669, 0.11950000000000005, 0.2288333333333333]",0.11950000000000005,0.40503333333333336,0.2263161849173752,0.6,54.2,0.9033333333333331,12.470752811431884
