classifier,best,avg,std_dev,acc,n_features,selected_rate,execution_time
knn,0.4428333333333333,0.4876666666666667,0.053418889709332056,0.5111111111111111,22.0,0.36666666666666664,3.1273559093475343
svc,0.22249999999999998,0.33293333333333336,0.12016611650359499,0.6666666666666666,17.6,0.29333333333333333,4.051386165618896
