classifier,all_fitness,best,avg,std_dev,acc,n_features,selected_rate,execution_time
knn,"[0.4433333333333333, 0.24999999999999997, 0.43499999999999994, 0.4433333333333333, 0.14833333333333337, 0.54, 0.04166666666666666, 0.6450000000000001, 0.24333333333333332, 0.55]",0.04166666666666666,0.37399999999999994,0.18415452448660852,0.6333333333333333,26.4,0.44000000000000006,31.53814527988434
svc,"[0.34500000000000003, 0.7450000000000001, 0.4516666666666666, 0.44166666666666665, 0.23666666666666664, 0.4433333333333333, 0.048333333333333325, 0.6500000000000001, 0.039999999999999994, 0.34500000000000003]",0.039999999999999994,0.3746666666666667,0.21619153030999572,0.6333333333333334,26.8,0.44666666666666677,55.52805933952332
