classifier,all_fitness,best,avg,std_dev,acc,n_features,selected_rate,execution_time
knn,"[0.2766666666666666, 0.6266666666666667, 0.4183333333333333, 0.6766666666666667, 0.009999999999999998, 0.46333333333333326, 0.32000000000000006, 0.4116666666666666, 0.36833333333333335, 0.33]",0.009999999999999998,0.39016666666666666,0.1763668052667508,0.6111111111111112,24.1,0.40166666666666667,6.872802686691284
svc,"[0.43499999999999994, 0.48999999999999994, 0.5066666666666667, 0.5966666666666667, 0.6350000000000001, 0.4083333333333333, 0.4883333333333333, 0.12500000000000006, 0.4, 0.6666666666666667]",0.12500000000000006,0.4751666666666667,0.14584704697425696,0.5333333333333333,33.1,0.5516666666666666,10.30423924922943
