classifier,best,avg,std_dev,acc,n_features,selected_rate,execution_time
knn,0.11366666666666671,0.3785,0.17895539481483458,0.6222222222222221,27.0,0.45,32.65549759864807
svc,0.334,0.4444666666666667,0.06941496796641036,0.5555555555555556,26.8,0.44666666666666666,56.06665802001953
