classifier,all_fitness,best,avg,std_dev,acc,n_features,selected_rate,execution_time
knn,"[0.4466666666666666, 0.2263333333333333, 0.4451666666666666, 0.2258333333333333, 0.22599999999999998]",0.2258333333333333,0.31399999999999995,0.10771067212160959,0.6888888888888889,36.0,0.6,10.793984127044677
svc,"[0.004500000000000004, 0.22566666666666665, 0.33616666666666667, 0.336, 0.776]",0.004500000000000004,0.33566666666666667,0.25126287695028354,0.6666666666666666,34.0,0.5666666666666667,18.11934628486633
