classifier,all_fitness,best,avg,std_dev,acc,n_features,selected_rate,execution_time
knn,"[0.7433333333333334, 0.4533333333333333, 0.44499999999999995, 0.5549999999999999, 0.5599999999999999, 0.34500000000000003, 0.26166666666666666, 0.2583333333333333, 0.6350000000000001, 0.3383333333333334]",0.2583333333333333,0.4595000000000001,0.1543463817378158,0.5444444444444445,29.7,0.495,19.259922528266905
svc,"[0.47, 0.6583333333333334, 0.5683333333333334, 0.45999999999999996, 0.3583333333333334, 0.5516666666666666, 0.5666666666666667, 0.67, 0.5716666666666667, 0.24999999999999997]",0.24999999999999997,0.5125,0.12425611990293813,0.5,37.5,0.625,33.296209359169005
