classifier,all_fitness,best,avg,std_dev,acc,n_features,selected_rate,execution_time
knn,"[0.5883333333333333, 0.285, 0.2983333333333333, 0.2, 0.395]",0.2,0.35333333333333333,0.1327905619136139,0.711111111111111,56.0,0.9333333333333333,5.4166933536529545
svc,"[0.4966666666666666, 0.5916666666666667, 0.1966666666666667, 0.08666666666666666, 0.5933333333333333]",0.08666666666666666,0.393,0.2110618656013234,0.6666666666666666,55.8,0.93,10.01735610961914
