classifier,all_fitness,best,avg,std_dev,acc,n_features,selected_rate,execution_time
knn,"[0.33216666666666667, 0.22266666666666665, 0.33466666666666667, 0.5525, 0.22316666666666665]",0.22266666666666665,0.33303333333333335,0.12034992498728217,0.6666666666666666,18.2,0.30333333333333334,5.682050561904907
svc,"[0.44299999999999995, 0.4431666666666666, 0.6633333333333333, 0.4441666666666666, 0.332]",0.332,0.4651333333333333,0.10809231651180803,0.5333333333333333,18.8,0.31333333333333335,9.072785758972168
