classifier,all_fitness,best,avg,std_dev,acc,n_features,selected_rate,execution_time
knn,"[0.17000000000000004, 0.5599999999999999, 0.2666666666666666, 0.37833333333333335, 0.36000000000000004]",0.17000000000000004,0.34700000000000003,0.12984777412202506,0.6888888888888889,40.2,0.6699999999999999,9.183967018127442
svc,"[0.3666666666666667, 0.26499999999999996, 0.47, 0.2633333333333333, 0.3533333333333334]",0.2633333333333333,0.3436666666666667,0.0764518730240724,0.6888888888888889,38.2,0.6366666666666666,18.088730001449584
