classifier,all_fitness,best,avg,std_dev,acc,n_features,selected_rate,execution_time
knn,"[0.39, 0.8933333333333332, 0.2866666666666666, 0.2933333333333333, 0.29166666666666663]",0.2866666666666666,0.43099999999999994,0.23436344045567814,0.6222222222222221,54.6,0.9100000000000001,0.8722404956817627
svc,"[0.48999999999999994, 0.48499999999999993, 0.6950000000000001, 0.49499999999999994, 0.39333333333333337]",0.39333333333333337,0.5116666666666667,0.09906787796477952,0.5333333333333333,55.0,0.9166666666666667,1.1030500888824464
