classifier,all_fitness,best,avg,std_dev,acc,n_features,selected_rate,execution_time
knn,"[0.49499999999999994, 0.2983333333333333, 0.3983333333333333, 0.29666666666666663, 0.395, 0.395, 0.1966666666666667, 0.4966666666666666, 0.2933333333333333, 0.3966666666666667]",0.1966666666666667,0.3661666666666667,0.08984570106577164,0.7,57.7,0.9616666666666666,9.219125175476075
svc,"[0.49499999999999994, 0.6916666666666668, 0.59, 0.29166666666666663, 0.5983333333333333, 0.48999999999999994, 0.3916666666666667, 0.4, 0.3966666666666667, 0.29999999999999993]",0.29166666666666663,0.46449999999999997,0.1256362695332133,0.5888888888888889,56.7,0.945,12.612290382385254
