classifier,all_fitness,best,avg,std_dev,acc,n_features,selected_rate,execution_time
knn,"[0.5183333333333333, 0.32333333333333336, 0.53, 0.42666666666666664, 0.31833333333333336, 0.2283333333333333, 0.21833333333333332, 0.22499999999999998, 0.24, 0.32333333333333336]",0.21833333333333332,0.33516666666666667,0.11256220502459963,0.6555555555555556,15.1,0.25166666666666665,6.958056378364563
svc,"[0.24499999999999997, 0.585, 0.41666666666666663, 0.20166666666666666, 0.40499999999999997, 0.4616666666666666, 0.42499999999999993, 0.20666666666666664, 0.335, 0.32500000000000007]",0.20166666666666666,0.36066666666666664,0.11579003987102401,0.6333333333333334,18.4,0.3066666666666667,12.454745173454285
