classifier,all_fitness,best,avg,std_dev,acc,n_features,selected_rate,execution_time
knn,"[0.3916666666666667, 0.3916666666666667, 0.39333333333333337, 0.7833333333333334, 0.1916666666666667, 0.5916666666666667, 0.29, 0.5966666666666667, 0.59, 0.39333333333333337]",0.1916666666666667,0.46133333333333343,0.1663042726784586,0.5888888888888889,54.8,0.9133333333333333,5.60979151725769
svc,"[0.27999999999999997, 0.4883333333333333, 0.3966666666666667, 0.2883333333333333, 0.19000000000000003, 0.6833333333333333, 0.4883333333333333, 0.4916666666666666, 0.595, 0.285]",0.19000000000000003,0.41866666666666663,0.14934263363896536,0.6333333333333333,53.2,0.8866666666666665,9.542233037948609
