classifier,all_fitness,best,avg,std_dev,acc,n_features,selected_rate,execution_time
knn,"[0.2833333333333333, 0.3983333333333333, 0.46833333333333327, 0.29999999999999993, 0.48499999999999993, 0.4716666666666666, 0.5983333333333333, 0.3983333333333333, 0.6, 0.2583333333333333]",0.2583333333333333,0.4261666666666667,0.11541483151368949,0.6222222222222222,51.7,0.8616666666666667,8.666659903526305
svc,"[0.49999999999999994, 0.7966666666666667, 0.49999999999999994, 0.29999999999999993, 0.49999999999999994, 0.49999999999999994, 0.49999999999999994, 0.5966666666666667, 0.3866666666666667, 0.6916666666666668]",0.29999999999999993,0.5271666666666667,0.13399844526461246,0.5222222222222223,58.3,0.9716666666666667,15.299796175956725
