classifier,all_fitness,best,avg,std_dev,acc,n_features,selected_rate,execution_time
knn,"[0.44349999999999995, 0.5568333333333334, 0.2248333333333333, 0.22516666666666665, 0.5561666666666667]",0.2248333333333333,0.4013,0.14974550262213407,0.6,31.8,0.53,5.359672927856446
svc,"[0.22549999999999998, 0.5546666666666668, 0.4441666666666666, 0.5541666666666667, 0.44349999999999995]",0.22549999999999998,0.4444,0.12010456555296586,0.5555555555555556,26.4,0.44000000000000006,8.994282150268555
