classifier,all_fitness,best,avg,std_dev,acc,n_features,selected_rate,execution_time
knn,"[0.5598333333333334, 0.4486666666666666, 0.2293333333333333, 0.2288333333333333, 0.7775000000000001]",0.2288333333333333,0.4488333333333333,0.20828972877007432,0.5555555555555556,53.0,0.8833333333333332,6.180905055999756
svc,"[0.3393333333333334, 0.5583333333333333, 0.6686666666666667, 0.5598333333333334, 0.3398333333333334]",0.3393333333333334,0.49320000000000014,0.13165651437653125,0.5111111111111111,55.2,0.9199999999999999,10.18508701324463
