classifier,all_fitness,best,avg,std_dev,acc,n_features,selected_rate,execution_time
knn,"[0.5916666666666667, 0.3966666666666667, 0.19833333333333336, 0.7933333333333333, 0.4883333333333333, 0.59, 0.29499999999999993, 0.395, 0.5983333333333333, 0.4966666666666666]",0.19833333333333336,0.4843333333333334,0.16267759526130204,0.5666666666666667,56.6,0.9433333333333331,0.49768006801605225
svc,"[0.48999999999999994, 0.195, 0.29499999999999993, 0.39333333333333337, 0.395, 0.48999999999999994, 0.6866666666666668, 0.4, 0.49499999999999994, 0.1916666666666667]",0.1916666666666667,0.4031666666666666,0.14276719588974993,0.6555555555555556,55.9,0.9316666666666666,0.8734584808349609
