classifier,all_fitness,best,avg,std_dev,acc,n_features,selected_rate,execution_time
knn,"[0.3395, 0.6696666666666667, 0.11866666666666671, 0.22899999999999998, 0.44949999999999996]",0.11866666666666671,0.3612666666666667,0.1895883435235405,0.6444444444444445,55.6,0.9266666666666665,8.966750574111938
svc,"[0.11933333333333339, 0.5588333333333334, 0.7788333333333334, 0.44899999999999995, 0.3388333333333334]",0.11933333333333339,0.44896666666666674,0.21985003474590986,0.5555555555555555,53.8,0.8966666666666667,12.4052583694458
