classifier,all_fitness,best,avg,std_dev,acc,n_features,selected_rate,execution_time
knn,"[0.4966666666666666, 0.29166666666666663, 0.38833333333333336, 0.49499999999999994, 0.5966666666666667, 0.7883333333333333, 0.5966666666666667, 0.39333333333333337, 0.4933333333333333, 0.59]",0.29166666666666663,0.513,0.13250115303481533,0.5333333333333334,55.8,0.93,1.2483988523483276
svc,"[0.3916666666666667, 0.195, 0.29166666666666663, 0.5916666666666667, 0.195, 0.48999999999999994, 0.4933333333333333, 0.59, 0.395, 0.6900000000000001]",0.195,0.43233333333333335,0.16098861243371637,0.6222222222222222,55.4,0.9233333333333335,1.852385401725769
