classifier,all_fitness,best,avg,std_dev,acc,n_features,selected_rate,execution_time
knn,"[0.3216666666666667, 0.30833333333333335, 0.21333333333333332, 0.5266666666666666, 0.43666666666666665, 0.3483333333333334, 0.12833333333333338, 0.3383333333333334, 0.31333333333333335, 0.5133333333333333]",0.12833333333333338,0.3448333333333334,0.1170338270188011,0.6444444444444445,14.9,0.24833333333333335,6.946413469314575
svc,"[0.5016666666666667, 0.43999999999999995, 0.5066666666666667, 0.5016666666666667, 0.41, 0.5033333333333333, 0.11500000000000005, 0.42999999999999994, 0.12166666666666671, 0.3033333333333334]",0.11500000000000005,0.3833333333333333,0.14511681118632977,0.588888888888889,8.0,0.13333333333333333,12.380038952827453
