classifier,best,avg,std_dev,acc,n_features,selected_rate,execution_time
knn,0.331,0.3755333333333334,0.08781744954417912,0.6222222222222222,9.2,0.15333333333333335,21.68900203704834
svc,0.22116666666666665,0.37526666666666675,0.14886289739966177,0.6222222222222221,7.6,0.12666666666666665,35.16531386375427
