classifier,all_fitness,best,avg,std_dev,acc,n_features,selected_rate,execution_time
knn,"[0.10833333333333338, 0.20666666666666664, 0.21, 0.11666666666666671, 0.4133333333333333]",0.10833333333333338,0.211,0.10990703141999399,0.7777777777777777,6.6,0.10999999999999999,18.473047494888306
svc,"[0.30833333333333335, 0.31000000000000005, 0.41, 0.205, 0.30833333333333335]",0.205,0.30833333333333335,0.06483311910847211,0.6666666666666666,5.0,0.08333333333333333,34.09243764877319
