classifier,all_fitness,best,avg,std_dev,acc,n_features,selected_rate,execution_time
knn,"[0.2933333333333333, 0.49999999999999994, 0.29166666666666663, 0.395, 0.3966666666666667, 0.5883333333333333, 0.4966666666666666, 0.6933333333333334, 0.6900000000000001, 0.29]",0.29,0.46349999999999997,0.14828547917221477,0.5888888888888888,56.1,0.9349999999999999,1.1563669919967652
svc,"[0.19000000000000003, 0.3966666666666667, 0.3966666666666667, 0.4933333333333333, 0.19333333333333336, 0.29499999999999993, 0.5933333333333333, 0.8933333333333332, 0.4966666666666666, 0.3916666666666667]",0.19000000000000003,0.434,0.1962597485193764,0.6222222222222222,56.4,0.9399999999999998,1.844923186302185
