classifier,all_fitness,best,avg,std_dev,acc,n_features,selected_rate,execution_time
knn,"[0.53, 0.34500000000000003, 0.2333333333333333, 0.43666666666666665, 0.13833333333333336, 0.43999999999999995, 0.235, 0.5483333333333333, 0.2383333333333333, 0.25166666666666665]",0.13833333333333336,0.3396666666666667,0.13419471756452345,0.6666666666666667,23.8,0.3966666666666666,31.41019265651703
svc,"[0.34, 0.22999999999999998, 0.34, 0.3433333333333334, 0.5533333333333333, 0.43999999999999995, 0.14500000000000005, 0.3316666666666667, 0.34, 0.15000000000000002]",0.14500000000000005,0.32133333333333336,0.11761471941139943,0.6888888888888889,24.8,0.4133333333333333,55.63472421169281
