classifier,all_fitness,best,avg,std_dev,acc,n_features,selected_rate,execution_time
knn,"[0.4333333333333333, 0.5333333333333333, 0.6383333333333334, 0.6366666666666667, 0.23166666666666663]",0.23166666666666663,0.49466666666666664,0.15180909063689174,0.4888888888888888,20.8,0.3466666666666667,4.793352556228638
svc,"[0.3266666666666667, 0.43499999999999994, 0.5283333333333333, 0.4233333333333333, 0.02666666666666666]",0.02666666666666666,0.348,0.17290138486689133,0.6444444444444445,16.8,0.27999999999999997,8.719438743591308
