classifier,all_fitness,best,avg,std_dev,acc,n_features,selected_rate,execution_time
knn,"[0.4916666666666666, 0.39, 0.3966666666666667, 0.29666666666666663, 0.5933333333333333, 0.3966666666666667, 0.395, 0.19333333333333336, 0.395, 0.39]",0.19333333333333336,0.39383333333333337,0.0995295880072297,0.6666666666666667,56.3,0.9383333333333332,9.283640241622924
svc,"[0.2933333333333333, 0.2933333333333333, 0.5933333333333333, 0.48999999999999994, 0.6950000000000001, 0.29499999999999993, 0.6933333333333334, 0.5983333333333333, 0.29499999999999993, 0.3983333333333333]",0.2933333333333333,0.46449999999999997,0.1615825382480009,0.5888888888888889,56.7,0.945,12.660603857040405
