classifier,all_fitness,best,avg,std_dev,acc,n_features,selected_rate,execution_time
knn,"[0.5515000000000001, 0.554, 0.11233333333333338, 0.662, 0.331]",0.11233333333333338,0.4421666666666667,0.19694426735613413,0.5555555555555556,13.0,0.2166666666666667,7.647020626068115
svc,"[0.7708333333333334, 0.33116666666666666, 0.5513333333333333, 0.6605000000000001, 0.4403333333333333]",0.33116666666666666,0.5508333333333333,0.1554932295775107,0.4444444444444445,5.0,0.08333333333333334,10.734690761566162
