classifier,all_fitness,best,avg,std_dev,acc,n_features,selected_rate,execution_time
knn,"[0.4496666666666666, 0.33916666666666667, 0.22916666666666666, 0.22899999999999998, 0.11933333333333339]",0.11933333333333339,0.27326666666666666,0.11230279505772672,0.7333333333333333,55.6,0.9266666666666665,6.189968299865723
svc,"[0.4493333333333333, 0.34, 0.4498333333333333, 0.34, 0.4493333333333333]",0.34,0.40570000000000006,0.05364413605729269,0.6,58.2,0.97,9.859063482284546
