classifier,best,avg,std_dev,acc,n_features,selected_rate,execution_time
knn,0.22699999999999998,0.35856666666666664,0.08221182667016007,0.6444444444444445,39.4,0.6566666666666666,10.177272510528564
svc,0.2248333333333333,0.33590000000000003,0.07009791564503026,0.6666666666666666,35.4,0.59,17.876916360855102
