classifier,best,avg,std_dev,acc,n_features,selected_rate,execution_time
knn,0.11300000000000004,0.31183333333333335,0.1755852119817232,0.6888888888888889,23.0,0.38333333333333336,5.373582458496093
svc,0.33333333333333337,0.46640000000000004,0.16147919026577043,0.5333333333333333,26.4,0.43999999999999995,8.904890298843384
