classifier,best,avg,std_dev,acc,n_features,selected_rate,execution_time
knn,0.12738636363636363,0.17779545454545456,0.0604424372700216,0.825,10.0,0.4545454545454545,34.03698177337647
svc,0.00454545454545455,0.25213636363636366,0.17507494558116513,0.75,10.2,0.4636363636363637,3.213720417022705
