optimizer,avg
gwo,0.22066666666666668
cs,0.23866666666666667
woa,0.2520833333333333
ba,0.2674166666666667
abco,0.2776666666666667
ga,0.28091666666666665
pso,0.28425
de,0.28525
da,0.30291666666666667
dummy,0.3418333333333334
fa,0.34975
goa,0.36641666666666667
