optimizer,avg
gwo,0.2535
ba,0.2698333333333333
pso,0.27625
woa,0.2778333333333333
cs,0.28275
de,0.2831666666666667
abco,0.2834166666666667
ga,0.30033333333333334
da,0.31075
dummy,0.32216666666666666
goa,0.3468333333333333
fa,0.3729166666666666
