optimizer,avg
gwo,0.2370833333333333
cs,0.2607083333333333
woa,0.26495833333333335
ba,0.268625
pso,0.28025
abco,0.28054166666666663
de,0.28420833333333334
ga,0.29062499999999997
da,0.30683333333333335
dummy,0.332
goa,0.35662499999999997
fa,0.36133333333333334
