classifier,best,avg,std_dev,execution_time
knn,0.1785714285714286,0.30714285714285716,0.08630747123996121,0.01851820945739746
svc,0.1785714285714286,0.26428571428571435,0.06624013211068361,0.007850170135498047
