,Best,Avg,StdDev
KNN,0.17857142857142855,0.24285714285714288,0.03499271061118826
SVC,0.1428571428571429,0.24285714285714288,0.05248906591678237
