Best,Avg,StdDev
0.1428571428571429,0.24285714285714288,0.06144518047887588
0.2142857142857143,0.24285714285714288,0.03499271061118827
