Best,Avg,StdDev
0.2142857142857143,0.26428571428571435,0.05345224838248487
0.1785714285714286,0.24285714285714288,0.04738035414793428
