,Best,Avg,StdDev
KNN,0.1785714285714286,0.2857142857142857,0.07142857142857141
SVC,0.1785714285714286,0.24285714285714283,0.05248906591678237
