classifier,best,avg,std_dev,acc,n_features,execution_time
knn,0.14714285714285721,0.24900000000000003,0.07352439550716397,0.7571428571428572,6.0,44.07192583084107
svc,0.0807142857142857,0.20628571428571432,0.06895488024936365,0.8,5.8,23.932229804992676
