classifier,best,avg,std_dev,execution_time
knn,0.17857142857142855,0.27142857142857146,0.06624013211068361,0.0066225528717041016
svc,0.14285714285714285,0.22142857142857145,0.041649656391752145,0.002567768096923828
