classifier,best,avg,std_dev,execution_time
knn,0.10084033613445381,0.15655462184873953,0.06255714145174744,0.0018939971923828125
svc,0.07983193277310924,0.1634733893557423,0.060459665629864955,0.0016515254974365234
