,Best,Avg,StdDev
KNN,0.02941176470588236,0.14131652661064426,0.0671749332365042
SVC,0.06512605042016806,0.14378151260504202,0.06937401052720515
