classifier,best,avg,std_dev,execution_time
knn,0.23319327731092437,0.3174789915966386,0.05753915962361087,0.001619577407836914
svc,0.19747899159663862,0.25666666666666665,0.03170994543717161,0.0015883445739746094
