,Best,Avg,StdDev
KNN,0.08613445378151263,0.1346498599439776,0.0365848850332717
SVC,0.11554621848739499,0.13974789915966387,0.03201294667835849
