classifier,best,avg,std_dev,execution_time
knn,0.08613445378151263,0.12036414565826332,0.033030495914625736,0.0017981529235839844
svc,0.06512605042016806,0.12330532212885155,0.044729131223765095,0.0014672279357910156
