classifier,best,avg,std_dev,execution_time
knn,0.01470588235294118,0.10210084033613445,0.06581500587966814,0.11579632759094238
svc,0.06512605042016806,0.1250420168067227,0.0497132516184971,0.003265857696533203
