classifier,best,avg,std_dev,execution_time
knn,0.26260504201680673,0.3559663865546218,0.05265254117806272,0.002247333526611328
svc,0.2184873949579832,0.25030812324929974,0.029853084911779744,0.0015435218811035156
