classifier,best,avg,std_dev,execution_time
knn,0.1890756302521009,0.27103641456582633,0.0650171011226659,0.0016126632690429688
svc,0.11764705882352944,0.18896358543417366,0.03929627573648474,0.0015344619750976562
