classifier,best,avg,std_dev,acc,n_features,selected_rate,execution_time
knn,0.003823529411764709,0.21278487394957982,0.1611358633575895,0.7885714285714285,11.8,0.34705882352941175,4.162064838409424
svc,0.003235294117647062,0.044956302521008414,0.056016634116927325,0.9580952380952381,11.8,0.34705882352941175,5.740449905395508
