classifier,best,avg,std_dev,execution_time
knn,0.21638655462184875,0.25319327731092434,0.034482054396720675,0.0016605854034423828
svc,0.1890756302521009,0.22336134453781514,0.03075630252100837,0.0015511512756347656
