Best,Avg,StdDev
0.04411764705882354,0.11616246498599443,0.05201708577809721
0.06512605042016806,0.11369747899159663,0.035685702847990844
