classifier,best,avg,std_dev,acc,n_features,execution_time
knn,0.22689075630252098,0.30728291316526607,0.06971132876325954,0.7619047619047619,12.8,0.0023012161254882812
svc,0.14705882352941174,0.24347338935574228,0.06529949495202046,0.8895238095238094,12.8,0.0024290084838867188
