classifier,best,avg,std_dev,acc,n_features,execution_time
knn,0.22689075630252098,0.2892717086834734,0.04615746757100268,0.8038095238095238,13.0,38.367171716690066
svc,0.16176470588235292,0.2464145658263305,0.059878403359503486,0.8895238095238094,13.0,13.860121202468871
