classifier,best,avg,std_dev,acc,n_features,execution_time
knn,0.15336134453781514,0.2081232492997199,0.055958296648111534,0.819047619047619,8.0,0.0017879009246826172
svc,0.11764705882352944,0.1779831932773109,0.04712225616775949,0.9028571428571428,8.8,0.0016329288482666016
