classifier,best,avg,std_dev,acc,n_features,selected_rate,execution_time
knn,0.14495798319327738,0.19958319327731094,0.08263116209961535,0.8028571428571428,15.0,0.44117647058823534,2.0107226371765137
svc,0.004411764705882356,0.07406554621848742,0.06294271001486397,0.9295238095238094,14.6,0.4294117647058823,2.7084534645080565
