classifier,best,avg,std_dev,execution_time
knn,0.2184873949579832,0.280812324929972,0.035148202219061016,0.008239507675170898
svc,0.13235294117647056,0.16176470588235295,0.027455981937318564,0.007330417633056641
