Best,Avg,StdDev
0.15756302521008403,0.2018767507002801,0.057418500885112245
0.07983193277310924,0.13014005602240894,0.04974031221324884
