classifier,best,avg,std_dev,acc,n_features,execution_time
knn,0.02941176470588236,0.12703081232492996,0.0703892642814023,0.8047619047619048,2.0,0.001636505126953125
svc,0.04411764705882354,0.13711484593837536,0.07572019757825056,0.7904761904761906,2.2,0.0014801025390625
