classifier,best,avg,std_dev,execution_time
knn,0.125,0.20833333333333334,0.10540925533894598,0.012968301773071289
svc,0.125,0.175,0.06666666666666668,0.004694700241088867
