classifier,best,avg,std_dev
knn,0.125,0.14166666666666666,
svc,0.125,0.14166666666666666,
