classifier,best,avg,std_dev,acc,n_features,execution_time
knn,0.010000000000000009,0.1375,0.12028092118037673,0.8666666666666666,2.2,28.373078870773316
svc,0.0025000000000000022,0.06849999999999998,0.08083316151184486,0.9333333333333333,1.0,14.52308111190796
