Classifier,Best,Avg,StdDev
KNN,0.125,0.1583333333333333,0.04082482904638629
SVC,0.125,0.14166666666666666,0.03333333333333333
