classifier,best,avg,std_dev,acc,n_features,execution_time
knn,0.0025000000000000022,0.10199999999999998,0.08124653838779838,0.9,1.2,349.5550671577454
svc,0.0025000000000000022,0.13449999999999998,0.12347469376354007,0.8666666666666668,1.0,100.13999452590943
