classifier,best,avg,std_dev,acc,n_features,execution_time
knn,0.125,0.1583333333333333,0.04082482904638629,0.9333333333333333,1.0,14.014134645462036
svc,0.125,0.1583333333333333,0.04082482904638629,0.9333333333333333,1.0,8.755225324630738
