classifier,best,avg,std_dev,execution_time
knn,0.125,0.175,0.04082482904638629,0.016921520233154297
svc,0.125,0.175,0.04082482904638629,0.003908395767211914
