,Best,Avg,StdDev
KNN,0.125,0.14166666666666666,0.03333333333333333
SVC,0.125,0.19166666666666665,0.062360956446232366
