Best,Avg,StdDev
0.125,0.14166666666666666,0.03333333333333333
0.125,0.14166666666666666,0.03333333333333333
