classifier,best,avg,std_dev,execution_time
knn,0.11363636363636365,0.18181818181818182,0.03699731953659024,0.006125450134277344
svc,0.09090909090909088,0.18181818181818182,0.07631424268354917,0.0037946701049804688
