classifier,best,avg,std_dev,execution_time
knn,0.10795454545454547,0.13181818181818178,0.01948457749941163,0.20409154891967773
svc,0.022727272727272707,0.1102272727272727,0.05,0.00430607795715332
