,Best,Avg,StdDev
KNN,0.06818181818181818,0.18863636363636363,0.06482254862250755
SVC,0.04545454545454547,0.15,0.08324202987187472
