Best,Avg,StdDev
0.04545454545454547,0.12840909090909092,0.047346969672726495
0.10795454545454547,0.1568181818181818,0.04106661590816512
