Best,Avg,StdDev
0.04545454545454547,0.12954545454545455,0.10019351111435054
0.04545454545454547,0.17613636363636362,0.08809567019688319
