,Best,Avg,StdDev
KNN,0.10795454545454547,0.1534090909090909,0.0398538134471595
SVC,0.08522727272727271,0.16931818181818178,0.07217474776454735
