classifier,best,avg,std_dev,acc,n_features,execution_time
knn,0.12738636363636363,0.25186363636363635,0.13597643132555384,0.75,9.6,415.9717348098755
svc,0.005454545454545459,0.20290909090909093,0.1255417722124709,0.8,10.8,25.729204368591308
