classifier,best,avg,std_dev,execution_time
knn,0.0827922077922078,0.13733766233766237,0.044441399044853676,0.13574838638305664
svc,0.0827922077922078,0.12564935064935065,0.031672073761707,0.0029773712158203125
