,Best,Avg,StdDev
KNN,0.09415584415584416,0.14188311688311686,0.03416966783616329
SVC,0.0357142857142857,0.10162337662337664,0.03687031056254128
