classifier,best,avg,std_dev,execution_time
knn,0.21753246753246752,0.300974025974026,0.054440994594086176,0.003605365753173828
svc,0.14935064935064934,0.25876623376623376,0.07382777065590047,0.02097153663635254
