Best,Avg,StdDev
0.10551948051948057,0.18214285714285713,0.07784357517474279
0.058441558441558406,0.15616883116883118,0.09222379594061433
