Best,Avg,StdDev
0.1185064935064935,0.16558441558441558,0.04077229240506649
0.10714285714285715,0.15519480519480522,0.03497764507873331
