classifier,best,avg,std_dev,acc,n_features,execution_time
knn,0.3003246753246753,0.36071428571428565,0.04799707291350653,0.7285714285714285,19.8,37.90127348899841
svc,0.262987012987013,0.3016233766233766,0.023645638254588465,0.8285714285714286,19.0,14.841682577133179
