,Best,Avg,StdDev
KNN,0.10551948051948057,0.1795454545454546,0.06556994825644731
SVC,0.06980519480519481,0.18571428571428572,0.07830398833588743
