Best,Avg,StdDev
0.13942307692307693,0.1554945054945055,0.02355518921120164
0.10096153846153844,0.14299450549450549,0.024715352099304307
