,Best,Avg,StdDev
KNN,0.07692307692307693,0.1287087912087912,0.04738035414793428
SVC,0.07692307692307693,0.1287087912087912,0.07327958760243998
