classifier,best,avg,std_dev,acc,n_features,execution_time
knn,0.11538461538461536,0.20343406593406593,0.044786118400691945,0.8392857142857142,3.2,22.528835391998292
svc,0.11538461538461536,0.19684065934065936,0.04431856006610063,0.8678571428571429,3.4,8.085345935821532
