,Best,Avg,StdDev
KNN,0.14835164835164838,0.19780219780219782,0.051271420928557535
SVC,0.14835164835164838,0.19848901098901098,0.038603544752152864
