classifier,best,avg,std_dev,execution_time
knn,0.11538461538461536,0.19684065934065936,0.04431856006610063,0.006216287612915039
svc,0.17788461538461536,0.20934065934065935,0.037106731082207904,0.002686023712158203
