classifier,best,avg,std_dev,execution_time
knn,0.13942307692307693,0.21387362637362636,0.04077750501030383,0.021460771560668945
svc,0.07692307692307693,0.10851648351648353,0.03898776587825668,0.004083156585693359
