Best,Avg,StdDev
0.07692307692307693,0.17815934065934066,0.08309429145731455
0.07692307692307693,0.13228021978021978,0.05309310266899466
