classifier,best,avg,std_dev,execution_time
knn,0.325,0.36166666666666664,0.031776126608229364,0.011930465698242188
svc,0.33333333333333337,0.35,0.013176156917368244,0.009860515594482422
