,Best,Avg,StdDev
KNN,0.31666666666666665,0.3408333333333333,0.024776781245530843
SVC,0.31666666666666665,0.3425,0.019075871903765997
