classifier,best,avg,std_dev,execution_time
knn,0.37916666666666665,0.39499999999999996,0.016115899671511433,0.014594793319702148
svc,0.3125,0.3633333333333334,0.03221024681681283,0.006296873092651367
