,Best,Avg,StdDev
KNN,0.31666666666666665,0.37333333333333335,0.052612313725548664
SVC,0.32916666666666666,0.3508333333333334,0.015456030825826172
