optimizer,avg
cs,0.23324999999999999
goa,0.245
pso,0.24616666666666667
ba,0.2500833333333333
ga,0.2524166666666667
woa,0.2539166666666666
fa,0.256
abco,0.26558333333333334
de,0.26825000000000004
gwo,0.27133333333333337
da,0.27875
aco,0.2808333333333333
