optimizer,avg
pso,0.24691666666666667
fa,0.24733333333333332
cs,0.24941666666666665
woa,0.25033333333333335
abco,0.2535
goa,0.255625
ga,0.26133333333333336
ba,0.2630416666666667
de,0.2668333333333333
gwo,0.26791666666666664
da,0.2724583333333333
aco,0.27387500000000004
