optimizer,avg
fa,0.23866666666666667
abco,0.24141666666666664
woa,0.24675000000000002
pso,0.24766666666666667
gwo,0.2645
de,0.2654166666666667
cs,0.26558333333333334
da,0.26616666666666666
goa,0.26625000000000004
aco,0.26691666666666664
ga,0.27025
ba,0.276
