classifier,best,avg,std_dev,acc,n_features,selected_rate,execution_time
knn,0.0035294117647058855,0.46871176470588233,0.24977177430357161,0.53,5.8,0.3411764705882353,10.165866708755493
svc,0.004117647058823533,0.29251176470588236,0.1892877485858656,0.71,9.2,0.5411764705882354,11.723540925979615
