classifier,best,avg,std_dev,acc,n_features,selected_rate,execution_time
knn,0.0035294117647058855,0.5187999999999999,0.2742843859206382,0.48,6.8,0.4,5.912671947479248
svc,0.002941176470588238,0.15250000000000002,0.19853058823180827,0.85,6.8,0.4,6.460594129562378
