classifier,all_fitness,best,avg,std_dev,acc,n_features,selected_rate,execution_time
knn,"[0.20211764705882349, 0.0052941176470588285, 0.0035294117647058855, 0.7466176470588235, 0.9941176470588236]",0.0035294117647058855,0.39033529411764706,0.4061506187624331,0.61,7.2,0.4235294117647059,6.192785692214966
svc,"[0.20211764705882349, 0.0035294117647058855, 0.49970588235294117, 0.7477941176470587, 0.2510294117647059]",0.0035294117647058855,0.340835294117647,0.2576580246121956,0.6599999999999999,7.2,0.4235294117647059,6.8577207088470455
