classifier,all_fitness,best,avg,std_dev,acc,n_features,selected_rate,execution_time
knn,"[0.20941176470588233, 0.5752941176470588, 0.21529411764705877, 0.21529411764705877, 0.39529411764705885, 0.5694117647058824, 0.5752941176470588, 0.3894117647058824, 0.39529411764705885, 0.5752941176470588]",0.20941176470588233,0.41152941176470587,0.14975578735979078,0.5800000000000001,5.7,0.33529411764705885,6.599254179000854
svc,"[0.023529411764705875, 0.7552941176470589, 0.20941176470588233, 0.21529411764705877, 0.7552941176470589, 0.39529411764705885, 0.3894117647058824, 0.5694117647058824, 0.035294117647058816, 0.3894117647058824]",0.023529411764705875,0.37376470588235294,0.2489402034897032,0.6199999999999999,5.4,0.3176470588235294,7.666489028930664
