classifier,best,avg,std_dev,acc,n_features,selected_rate,execution_time
knn,0.20270588235294112,0.5386,0.29920067827856434,0.45999999999999996,6.8,0.4,6.138073301315307
svc,0.004117647058823533,0.29062941176470586,0.3648507110916505,0.71,6.0,0.35294117647058826,6.57456488609314
