classifier,all_fitness,best,avg,std_dev,acc,n_features,selected_rate,execution_time
knn,"[0.22117647058823525, 0.268235294117647, 0.4070588235294118, 0.39529411764705885, 0.2329411764705882, 0.04117647058823528, 0.41294117647058826, 0.22117647058823525, 0.41294117647058826, 0.2329411764705882]",0.04117647058823528,0.28458823529411764,0.115367863569699,0.74,8.6,0.5058823529411764,5.130821967124939
svc,"[0.39529411764705885, 0.5752941176470588, 0.7611764705882353, 0.21529411764705877, 0.43647058823529417, 0.035294117647058816, 0.41294117647058826, 0.5752941176470588, 0.7552941176470589, 0.2329411764705882]",0.035294117647058816,0.43952941176470584,0.22339822775951015,0.5599999999999999,7.4,0.4352941176470589,6.0774694919586185
