classifier,all_fitness,best,avg,std_dev,acc,n_features,selected_rate,execution_time
knn,"[0.39529411764705885, 0.5811764705882353, 0.5752941176470588, 0.4011764705882353, 0.035294117647058816, 0.5752941176470588, 0.4011764705882353, 0.39529411764705885, 0.7552941176470589, 0.3894117647058824]",0.035294117647058816,0.4504705882352941,0.1811661188792148,0.5399999999999999,6.2,0.36470588235294116,5.352652645111084
svc,"[0.4011764705882353, 0.21529411764705877, 0.5694117647058824, 0.20352941176470585, 0.035294117647058816, 0.5576470588235295, 0.21529411764705877, 0.21529411764705877, 0.39529411764705885, 0.20941176470588233]",0.035294117647058816,0.301764705882353,0.16351100192606327,0.7,5.4,0.3176470588235294,6.107559323310852
