classifier,all_fitness,best,avg,std_dev,acc,n_features,selected_rate,execution_time
knn,"[0.2270588235294117, 0.26029411764705884, 0.49117647058823527, 0.9176470588235295, 0.7044117647058824]",0.2270588235294117,0.5201176470588236,0.2631437961257046,0.45999999999999996,5.8,0.3411764705882353,6.570235729217529
svc,"[0.20941176470588233, 0.04117647058823528, 0.28970588235294115, 0.5088235294117647, 0.25441176470588234]",0.04117647058823528,0.2607058823529412,0.150510618784131,0.76,7.6,0.4470588235294118,8.305096435546876
