classifier,all_fitness,best,avg,std_dev,acc,n_features,selected_rate,execution_time
knn,"[0.5870588235294117, 0.23882352941176466, 0.04705882352941175, 0.04117647058823528, 0.2270588235294117, 0.41294117647058826, 0.5929411764705883, 0.41294117647058826, 0.4070588235294118, 0.4070588235294118]",0.04117647058823528,0.33741176470588236,0.18511816108640947,0.6799999999999999,8.4,0.49411764705882355,1.0822168350219727
svc,"[0.2270588235294117, 0.5752941176470588, 0.2329411764705882, 0.39529411764705885, 0.7611764705882353, 0.39529411764705885, 0.4247058823529412, 0.6047058823529412, 0.2270588235294117, 0.4070588235294118]",0.2270588235294117,0.4250588235294117,0.1688881204579941,0.58,8.0,0.47058823529411764,1.3263883352279664
