classifier,all_fitness,best,avg,std_dev,acc,n_features,selected_rate,execution_time
knn,"[0.19764705882352937, 0.6867647058823529, 0.25441176470588234, 0.4852941176470588, 0.2426470588235294]",0.19764705882352937,0.37335294117647055,0.18593619845579767,0.61,3.8,0.2235294117647059,4.041720962524414
svc,"[0.02941176470588235, 0.47352941176470587, 0.4676470588235294, 0.25441176470588234, 0.2426470588235294]",0.02941176470588235,0.2935294117647059,0.16528417386878844,0.7,4.0,0.23529411764705882,5.372791194915772
