classifier,all_fitness,best,avg,std_dev,acc,n_features,selected_rate,execution_time
knn,"[0.7258823529411765, 0.5576470588235295, 0.5458823529411765, 0.3658823529411765, 0.3658823529411765, 0.9058823529411765, 0.3835294117647059, 0.20352941176470585, 0.19764705882352937, 0.3658823529411765]",0.19764705882352937,0.46176470588235297,0.2129348390347162,0.5,2.0,0.11764705882352941,5.849032354354859
svc,"[0.37764705882352945, 0.3658823529411765, 0.7258823529411765, 0.19764705882352937, 0.3658823529411765, 0.011764705882352938, 0.371764705882353, 0.5517647058823529, 0.731764705882353, 0.5517647058823529]",0.011764705882352938,0.4251764705882353,0.2124363206031838,0.5400000000000001,1.9,0.11176470588235295,5.485237407684326
