classifier,all_fitness,best,avg,std_dev,acc,n_features,selected_rate,execution_time
knn,"[0.563529411764706, 0.563529411764706, 0.3835294117647059, 0.563529411764706, 0.37764705882352945, 0.5576470588235295, 0.19764705882352937, 0.3835294117647059, 0.20352941176470585, 0.3835294117647059]",0.19764705882352937,0.4177647058823529,0.13519735670313818,0.5599999999999999,3.7,0.2176470588235294,7.962403416633606
svc,"[0.37764705882352945, 0.37764705882352945, 0.7376470588235295, 0.19764705882352937, 0.017647058823529408, 0.017647058823529408, 0.017647058823529408, 0.37764705882352945, 0.023529411764705875, 0.3835294117647059]",0.017647058823529408,0.2528235294117647,0.22812820410604767,0.74,3.2,0.18823529411764708,8.913227653503418
