classifier,all_fitness,best,avg,std_dev,acc,n_features,selected_rate,execution_time
knn,"[0.743529411764706, 0.47352941176470587, 0.4676470588235294, 0.9176470588235295, 0.2426470588235294]",0.2426470588235294,0.5690000000000001,0.2357577491048296,0.39,3.4,0.2,5.095121431350708
svc,"[0.011764705882352938, 0.2426470588235294, 0.23676470588235293, 0.46176470588235297, 0.2485294117647059]",0.011764705882352938,0.24029411764705882,0.14238028419946258,0.75,2.6,0.15294117647058822,5.912370920181274
