classifier,all_fitness,best,avg,std_dev,acc,n_features,selected_rate,execution_time
knn,"[0.0035294117647058855, 0.2504411764705882, 0.7472058823529412, 0.24985294117647058, 0.49911764705882355]",0.0035294117647058855,0.35002941176470587,0.25297898828185456,0.65,6.0,0.3529411764705882,5.62759256362915
svc,"[0.4001176470588236, 0.49911764705882355, 0.2510294117647059, 0.7448529411764705, 0.7466176470588235]",0.2510294117647059,0.5283470588235294,0.1942776696925729,0.47000000000000003,6.2,0.3647058823529412,6.188430213928223
