classifier,all_fitness,best,avg,std_dev,acc,n_features,selected_rate,execution_time
knn,"[0.371764705882353, 0.02941176470588235, 0.371764705882353, 0.3658823529411765, 0.563529411764706, 0.19764705882352937, 0.19764705882352937, 0.19764705882352937, 0.3835294117647059, 0.5517647058823529]",0.02941176470588235,0.32305882352941184,0.15930489145944823,0.6599999999999999,2.9,0.17058823529411765,5.151809334754944
svc,"[0.20941176470588233, 0.5517647058823529, 0.19764705882352937, 0.5576470588235295, 0.5458823529411765, 0.5458823529411765, 0.1917647058823529, 0.1917647058823529, 0.20352941176470585, 0.011764705882352938]",0.011764705882352938,0.3207058823529412,0.19516523032555694,0.66,2.5,0.14705882352941177,5.461244130134583
