classifier,best,avg,std_dev,acc,n_features,selected_rate,execution_time
knn,0.0017647058823529428,0.32999411764705877,0.24428842035253961,0.67,5.6,0.3294117647058824,20.324839115142822
svc,0.20035294117647054,0.3391882352941176,0.1304301807156706,0.6599999999999999,4.4,0.25882352941176473,21.88044104576111
