classifier,all_fitness,best,avg,std_dev,acc,n_features,selected_rate,execution_time
knn,"[0.2623529411764705, 0.05294117647058823, 0.27205882352941174, 0.0588235294117647, 0.7514705882352941]",0.05294117647058823,0.27952941176470586,0.25421747766736474,0.76,10.8,0.6352941176470589,0.4600088596343994
svc,"[0.43058823529411766, 0.07058823529411763, 0.29558823529411765, 0.08235294117647056, 0.29558823529411765]",0.07058823529411763,0.23494117647058826,0.13851278781232892,0.82,12.4,0.7294117647058824,0.6146359920501709
