classifier,all_fitness,best,avg,std_dev,acc,n_features,selected_rate,execution_time
knn,"[0.2329411764705882, 0.4852941176470588, 0.4852941176470588, 0.4852941176470588, 0.49117647058823527]",0.2329411764705882,0.43600000000000005,0.10155496917780973,0.5599999999999999,6.8,0.4,5.2523246765136715
svc,"[0.563529411764706, 0.04117647058823528, 0.25441176470588234, 0.04705882352941175, 0.7044117647058824]",0.04117647058823528,0.3221176470588235,0.26966565226932565,0.6799999999999999,5.8,0.3411764705882353,6.558294630050659
