classifier,best,avg,std_dev,acc,n_features,selected_rate,execution_time
knn,0.24985294117647058,0.4286411764705882,0.18405875716728445,0.5700000000000001,5.0,0.29411764705882354,9.158834218978882
svc,0.0017647058823529428,0.6056647058823529,0.3025579944407353,0.39,3.0,0.17647058823529413,9.679660987854003
