classifier,all_fitness,best,avg,std_dev,acc,n_features,selected_rate,execution_time
knn,"[0.20094117647058818, 0.24985294117647058, 0.7460294117647058, 0.2504411764705882, 0.2504411764705882]",0.20094117647058818,0.33954117647058824,0.20413928822384922,0.6599999999999999,5.0,0.29411764705882354,7.438777208328247
svc,"[0.20094117647058818, 0.007647058823529418, 0.24926470588235294, 0.2539705882352941, 0.007647058823529418]",0.007647058823529418,0.14389411764705884,0.11278357969026723,0.86,9.0,0.5294117647058824,8.323581743240357
