classifier,all_fitness,best,avg,std_dev,acc,n_features,selected_rate,execution_time
knn,"[0.5969411764705882, 0.4979411764705882, 0.49676470588235294, 0.7448529411764705, 0.2510294117647059]",0.2510294117647059,0.5175058823529411,0.16113307208768538,0.48,4.6,0.2705882352941177,9.05208477973938
svc,"[0.39835294117647063, 0.24926470588235294, 0.2504411764705882, 0.7448529411764705, 0.002941176470588238]",0.002941176470588238,0.3291705882352941,0.243551602711604,0.67,4.2,0.24705882352941178,9.514177513122558
