classifier,all_fitness,best,avg,std_dev,acc,n_features,selected_rate,execution_time
knn,"[0.371764705882353, 0.37764705882352945, 0.731764705882353, 0.1917647058823529, 0.5576470588235295, 0.017647058823529408, 0.7376470588235295, 0.37764705882352945, 0.563529411764706, 0.371764705882353]",0.017647058823529408,0.42988235294117655,0.21421665454979266,0.54,2.7,0.15882352941176472,17.96392605304718
svc,"[0.371764705882353, 0.017647058823529408, 0.19764705882352937, 0.371764705882353, 0.5576470588235295, 0.017647058823529408, 0.371764705882353, 0.37764705882352945, 0.371764705882353, 0.19764705882352937]",0.017647058823529408,0.2852941176470589,0.16469600810737703,0.7,2.6,0.15294117647058825,19.637923312187194
