classifier,best,avg,std_dev,acc,n_features,selected_rate,execution_time
knn,0.00470588235294118,0.4299352941176471,0.28745602546197296,0.5700000000000001,7.2,0.4235294117647059,33.85131258964539
svc,0.004117647058823533,0.2903941176470588,0.24525608436981786,0.71,5.6,0.32941176470588235,38.461113357543944
