classifier,best,avg,std_dev,acc,n_features,selected_rate,execution_time
knn,0.004117647058823533,0.3804352941176471,0.19210277886344804,0.62,7.2,0.4235294117647059,1.0702196121215821
svc,0.006470588235294124,0.2327588235294118,0.12692347011658633,0.77,8.6,0.5058823529411764,1.239370346069336
