classifier,all_fitness,best,avg,std_dev,acc,n_features,selected_rate,execution_time
knn,"[0.0052941176470588285, 0.25279411764705884, 0.0035294117647058855, 0.25338235294117645, 0.9941176470588236]",0.0035294117647058855,0.3018235294117647,0.36357410490543113,0.7,8.2,0.48235294117647054,1.2452092170715332
svc,"[0.5992941176470588, 0.5008823529411764, 0.7466176470588235, 0.5008823529411764, 0.0052941176470588285]",0.0052941176470588285,0.47059411764705883,0.24943597302048914,0.53,9.0,0.5294117647058824,0.9414036750793457
