classifier,all_fitness,best,avg,std_dev,acc,n_features,selected_rate,execution_time
knn,"[0.20152941176470585, 0.49911764705882355, 0.006470588235294124, 0.006470588235294124, 0.0052941176470588285]",0.0052941176470588285,0.14377647058823528,0.19312479211307834,0.86,8.8,0.5176470588235293,6.25683560371399
svc,"[0.5981176470588235, 0.25220588235294117, 0.4985294117647059, 0.25220588235294117, 0.7472058823529412]",0.25220588235294117,0.4696529411764706,0.1943909016125955,0.53,7.4,0.4352941176470589,6.99874176979065
