classifier,all_fitness,best,avg,std_dev,acc,n_features,selected_rate,execution_time
knn,"[0.37764705882352945, 0.563529411764706, 0.3835294117647059, 0.37764705882352945, 0.37764705882352945, 0.7376470588235295, 0.19764705882352937, 0.5694117647058824, 0.3835294117647059, 0.3835294117647059]",0.19764705882352937,0.4351764705882354,0.14153919089974212,0.5399999999999999,3.6,0.21176470588235294,4.434078931808472
svc,"[0.20352941176470585, 0.19764705882352937, 0.017647058823529408, 0.19764705882352937, 0.19764705882352937, 0.19764705882352937, 0.37764705882352945, 0.5576470588235295, 0.20352941176470585, 0.3894117647058824]",0.017647058823529408,0.254,0.1412396427289474,0.74,3.4,0.2,4.966417264938355
