classifier,all_fitness,best,avg,std_dev,acc,n_features,selected_rate,execution_time
knn,"[0.39529411764705885, 0.7044117647058824, 0.698529411764706, 0.698529411764706, 0.2485294117647059]",0.2485294117647059,0.5490588235294118,0.19119569134147157,0.42000000000000004,4.6,0.2705882352941177,16.311946678161622
svc,"[0.7552941176470589, 0.47941176470588237, 0.2426470588235294, 0.2485294117647059, 0.2485294117647059]",0.2426470588235294,0.3948823529411765,0.20152211449306945,0.5900000000000001,4.4,0.25882352941176473,21.56475396156311
