classifier,all_fitness,best,avg,std_dev,acc,n_features,selected_rate,execution_time
knn,"[0.39894117647058824, 0.00235294117647059, 0.7448529411764705, 0.49676470588235294, 0.24985294117647058]",0.00235294117647059,0.3785529411764706,0.24765117461998323,0.62,4.0,0.23529411764705882,4.999478149414062
svc,"[0.00235294117647059, 0.00235294117647059, 0.24926470588235294, 0.24926470588235294, 0.0035294117647058855]",0.00235294117647059,0.10135294117647058,0.12077021419488418,0.9,4.0,0.23529411764705882,5.370478820800781
