classifier,all_fitness,best,avg,std_dev,acc,n_features,selected_rate,execution_time
knn,"[0.20941176470588233, 0.3835294117647059, 0.023529411764705875, 0.3835294117647059, 0.3894117647058824, 0.7494117647058824, 0.023529411764705875, 0.3894117647058824, 0.37764705882352945, 0.563529411764706]",0.023529411764705875,0.34929411764705887,0.21075343503872684,0.64,4.3,0.2529411764705882,29.57883174419403
svc,"[0.017647058823529408, 0.563529411764706, 0.20941176470588233, 0.20352941176470585, 0.3835294117647059, 0.20352941176470585, 0.37764705882352945, 0.20941176470588233, 0.3894117647058824, 0.20352941176470585]",0.017647058823529408,0.2761176470588235,0.14449918283793323,0.72,4.1,0.24117647058823527,35.309733867645264
