classifier,all_fitness,best,avg,std_dev,acc,n_features,selected_rate,execution_time
knn,"[0.20270588235294112, 0.4985294117647059, 0.2486764705882353, 0.7472058823529412, 0.7477941176470587]",0.20270588235294112,0.4889823529411764,0.23386115612906036,0.51,6.6,0.388235294117647,10.172763395309449
svc,"[0.5992941176470588, 0.2545588235294118, 0.2510294117647059, 0.4985294117647059, 0.0035294117647058855]",0.0035294117647058855,0.32138823529411764,0.20931385136608235,0.6799999999999999,7.8,0.45882352941176474,11.84131679534912
