classifier,all_fitness,best,avg,std_dev,acc,n_features,selected_rate,execution_time
knn,"[0.39835294117647063, 0.49911764705882355, 0.7436764705882353, 0.2510294117647059, 0.24985294117647058]",0.24985294117647058,0.4284058823529412,0.18365317414545934,0.5700000000000001,4.6,0.2705882352941177,33.759936046600345
svc,"[0.20152941176470585, 0.004117647058823533, 0.4985294117647059, 0.7448529411764705, 0.24926470588235294]",0.004117647058823533,0.33965882352941174,0.25661677606459293,0.6599999999999999,5.2,0.3058823529411765,38.57893271446228
