classifier,all_fitness,best,avg,std_dev,acc,n_features,selected_rate,execution_time
knn,"[0.563529411764706, 0.20352941176470585, 0.20941176470588233, 0.37764705882352945, 0.017647058823529408, 0.3835294117647059, 0.3835294117647059, 0.20352941176470585, 0.563529411764706, 0.7376470588235295]",0.017647058823529408,0.3643529411764706,0.20384881432165858,0.62,3.8,0.22352941176470584,29.229343318939208
svc,"[0.563529411764706, 0.563529411764706, 0.20352941176470585, 0.37764705882352945, 0.20352941176470585, 0.023529411764705875, 0.20352941176470585, 0.563529411764706, 0.20352941176470585, 0.20352941176470585]",0.023529411764705875,0.3109411764705883,0.18334232545841206,0.6799999999999999,3.9,0.22941176470588234,34.87703678607941
