classifier,all_fitness,best,avg,std_dev,acc,n_features,selected_rate,execution_time
knn,"[0.39835294117647063, 0.49676470588235294, 0.7436764705882353, 0.0017647058823529428, 0.49558823529411766]",0.0017647058823529428,0.42722941176470586,0.24145429937178817,0.5700000000000001,2.6,0.15294117647058825,5.694899845123291
svc,"[0.39776470588235296, 0.49676470588235294, 0.7442647058823528, 0.24926470588235294, 0.24926470588235294]",0.24926470588235294,0.4274647058823529,0.18415064485360888,0.5700000000000001,3.0,0.17647058823529413,5.89787073135376
