classifier,all_fitness,best,avg,std_dev,acc,n_features,selected_rate,execution_time
knn,"[0.24470588235294113, 0.43058823529411766, 0.2623529411764705, 0.7964705882352942, 0.0588235294117647, 0.2505882352941176, 0.43647058823529417, 0.24470588235294113, 0.2505882352941176, 0.2505882352941176]",0.0588235294117647,0.3225882352941176,0.18710454491177816,0.72,12.0,0.7058823529411765,0.4629900217056274
svc,"[0.6105882352941177, 0.43647058823529417, 0.08823529411764704, 0.07058823529411763, 0.6223529411764706, 0.25647058823529406, 0.06470588235294117, 0.06470588235294117, 0.6047058823529412, 0.6282352941176471]",0.06470588235294117,0.34470588235294114,0.24691984886741264,0.7000000000000001,12.7,0.7470588235294118,0.5678739070892334
