classifier,all_fitness,best,avg,std_dev,acc,n_features,selected_rate,execution_time
knn,"[0.4011764705882353, 0.27794117647058825, 0.5029411764705882, 0.7220588235294118, 0.27205882352941174]",0.27205882352941174,0.43523529411764705,0.16696096968430638,0.5700000000000001,8.2,0.48235294117647065,5.078812885284424
svc,"[0.27411764705882347, 0.7161764705882353, 0.9823529411764705, 0.5088235294117647, 0.4852941176470588]",0.27411764705882347,0.5933529411764706,0.23964128324785403,0.41,10.6,0.623529411764706,6.411673593521118
