classifier,all_fitness,best,avg,std_dev,acc,n_features,selected_rate,execution_time
knn,"[0.8008235294117647, 0.25279411764705884, 0.49970588235294117, 0.7525, 0.006470588235294124]",0.006470588235294124,0.4624588235294117,0.3006281627677868,0.54,12.0,0.7058823529411764,5.722179126739502
svc,"[0.4036470588235294, 0.0052941176470588285, 0.5026470588235294, 0.2510294117647059, 0.5020588235294118]",0.0052941176470588285,0.3329352941176471,0.18786288565394807,0.67,10.6,0.6235294117647059,6.520549726486206
