classifier,all_fitness,best,avg,std_dev,acc,n_features,selected_rate,execution_time
knn,"[0.21529411764705877, 0.2270588235294117, 0.5870588235294117, 0.39529411764705885, 0.5811764705882353, 0.4070588235294118, 0.7611764705882353, 0.41294117647058826, 0.39529411764705885, 0.21529411764705877]",0.21529411764705877,0.419764705882353,0.17110251080610203,0.58,7.1,0.4176470588235294,8.90783383846283
svc,"[0.04117647058823528, 0.4011764705882353, 0.22117647058823525, 0.04705882352941175, 0.05294117647058823, 0.4070588235294118, 0.41882352941176476, 0.3835294117647059, 0.4011764705882353, 0.4070588235294118]",0.04117647058823528,0.2781176470588235,0.16060025811490589,0.74,7.5,0.4411764705882352,10.8742280960083
