classifier,all_fitness,best,avg,std_dev,acc,n_features,selected_rate,execution_time
knn,"[0.21529411764705877, 0.39529411764705885, 0.39529411764705885, 0.4011764705882353, 0.3835294117647059, 0.5752941176470588, 0.39529411764705885, 0.5811764705882353, 0.3894117647058824, 0.39529411764705885]",0.21529411764705877,0.41270588235294126,0.09824874863832384,0.5799999999999998,5.9,0.34705882352941175,5.011527419090271
svc,"[0.20941176470588233, 0.5694117647058824, 0.035294117647058816, 0.39529411764705885, 0.21529411764705877, 0.4011764705882353, 0.20941176470588233, 0.21529411764705877, 0.39529411764705885, 0.4011764705882353]",0.035294117647058816,0.3047058823529412,0.1455432491400485,0.7,5.9,0.34705882352941175,5.747643184661865
