classifier,best,avg,std_dev,acc,n_features,selected_rate,execution_time
knn,0.20094117647058818,0.5370705882352941,0.20152920280886114,0.45999999999999996,4.2,0.24705882352941178,5.048436689376831
svc,0.0017647058823529428,0.3681823529411764,0.21606271708988337,0.63,3.2,0.18823529411764706,5.4238996505737305
