classifier,all_fitness,best,avg,std_dev,acc,n_features,selected_rate,execution_time
knn,"[0.39529411764705885, 0.27205882352941174, 0.27794117647058825, 0.4852941176470588, 0.7161764705882353]",0.27205882352941174,0.4293529411764706,0.16384389988465167,0.5700000000000001,7.2,0.4235294117647059,27.54075746536255
svc,"[0.3894117647058824, 0.2661764705882353, 0.4852941176470588, 0.2485294117647059, 0.47352941176470587]",0.2485294117647059,0.3725882352941176,0.09988876165956985,0.62,5.2,0.3058823529411765,38.70738754272461
