classifier,all_fitness,best,avg,std_dev,acc,n_features,selected_rate,execution_time
knn,"[0.5694117647058824, 0.035294117647058816, 0.21529411764705877, 0.39529411764705885, 0.39529411764705885, 0.563529411764706, 0.5694117647058824, 0.02941176470588235, 0.20941176470588233, 0.743529411764706]",0.02941176470588235,0.3725882352941177,0.2314025537208095,0.6199999999999999,5.2,0.30588235294117644,5.319675397872925
svc,"[0.20352941176470585, 0.39529411764705885, 0.02941176470588235, 0.02941176470588235, 0.21529411764705877, 0.04117647058823528, 0.035294117647058816, 0.5752941176470588, 0.21529411764705877, 0.19764705882352937]",0.02941176470588235,0.19376470588235292,0.17018699261914058,0.82,5.4,0.31764705882352945,6.0450758934021
