classifier,all_fitness,best,avg,std_dev,acc,n_features,selected_rate,execution_time
knn,"[0.5576470588235295, 0.7376470588235295, 0.20352941176470585, 0.5694117647058824, 0.3835294117647059, 0.563529411764706, 0.743529411764706, 0.023529411764705875, 0.5576470588235295, 0.731764705882353]",0.023529411764705875,0.5071764705882353,0.2264878221097414,0.4600000000000001,3.6,0.21176470588235294,8.059504008293152
svc,"[0.37764705882352945, 0.563529411764706, 0.3835294117647059, 0.19764705882352937, 0.017647058823529408, 0.20352941176470585, 0.19764705882352937, 0.3835294117647059, 0.5576470588235295, 0.023529411764705875]",0.017647058823529408,0.29058823529411765,0.18475533245882875,0.7,3.5,0.20588235294117646,8.986770486831665
