classifier,all_fitness,best,avg,std_dev,acc,n_features,selected_rate,execution_time
knn,"[0.20941176470588233, 0.5752941176470588, 0.3894117647058824, 0.3894117647058824, 0.3894117647058824, 0.21529411764705877, 0.20941176470588233, 0.20941176470588233, 0.22117647058823525, 0.21529411764705877]",0.20941176470588233,0.3023529411764706,0.12037312233765013,0.7,5.5,0.3235294117647059,6.655231857299805
svc,"[0.3894117647058824, 0.39529411764705885, 0.3894117647058824, 0.3894117647058824, 0.39529411764705885, 0.035294117647058816, 0.20352941176470585, 0.21529411764705877, 0.02941176470588235, 0.5752941176470588]",0.02941176470588235,0.30176470588235293,0.1666342990484767,0.7,5.4,0.3176470588235294,7.756409788131714
