classifier,all_fitness,best,avg,std_dev,acc,n_features,selected_rate,execution_time
knn,"[0.20152941176470585, 0.25220588235294117, 0.25279411764705884, 0.2545588235294118, 0.005882352941176476]",0.005882352941176476,0.19339411764705883,0.09586985952528523,0.8099999999999999,9.0,0.5294117647058825,1.064751672744751
svc,"[0.5975294117647059, 0.25338235294117645, 0.5008823529411764, 0.7460294117647058, 0.7477941176470587]",0.25338235294117645,0.5691235294117647,0.18350755469396288,0.43,8.2,0.48235294117647054,1.239081573486328
