classifier,all_fitness,best,avg,std_dev,acc,n_features,selected_rate,execution_time
knn,"[0.40188235294117647, 0.25338235294117645, 0.5002941176470588, 0.25161764705882356, 0.25220588235294117]",0.25161764705882356,0.3318764705882353,0.10219152146251433,0.67,8.8,0.5176470588235295,5.707013368606567
svc,"[0.40188235294117647, 0.25279411764705884, 0.49911764705882355, 0.7466176470588235, 0.2539705882352941]",0.25279411764705884,0.43087647058823525,0.18341157170876157,0.5700000000000001,8.8,0.5176470588235293,6.449390125274658
