classifier,all_fitness,best,avg,std_dev,acc,n_features,selected_rate,execution_time
knn,"[0.5694117647058824, 0.7494117647058824, 0.21529411764705877, 0.22117647058823525, 0.39529411764705885, 0.20352941176470585, 0.39529411764705885, 0.22117647058823525, 0.20941176470588233, 0.04117647058823528]",0.04117647058823528,0.3221176470588235,0.19797158231636255,0.6799999999999999,5.8,0.3411764705882353,5.021755599975586
svc,"[0.3894117647058824, 0.21529411764705877, 0.04117647058823528, 0.39529411764705885, 0.04117647058823528, 0.3894117647058824, 0.3894117647058824, 0.20941176470588233, 0.035294117647058816, 0.39529411764705885]",0.035294117647058816,0.25011764705882356,0.15384817033546724,0.76,5.8,0.3411764705882353,5.7423864841461185
