classifier,all_fitness,best,avg,std_dev,acc,n_features,selected_rate,execution_time
knn,"[0.39529411764705885, 0.2270588235294117, 0.5811764705882353, 0.5694117647058824, 0.4011764705882353, 0.39529411764705885, 0.21529411764705877, 0.4011764705882353, 0.4070588235294118, 0.22117647058823525]",0.21529411764705877,0.3814117647058824,0.12416508711441995,0.6199999999999999,6.7,0.3941176470588235,5.803274631500244
svc,"[0.4011764705882353, 0.7611764705882353, 0.22117647058823525, 0.5752941176470588, 0.39529411764705885, 0.39529411764705885, 0.22117647058823525, 0.4011764705882353, 0.5870588235294117, 0.3894117647058824]",0.22117647058823525,0.4348235294117647,0.15752954355747245,0.5599999999999999,6.6,0.388235294117647,6.461814379692077
