classifier,best,avg,std_dev,acc,n_features,selected_rate,execution_time
knn,0.004117647058823533,0.44148235294117644,0.33568667505015504,0.5599999999999999,10.0,0.588235294117647,5.730014801025391
svc,0.0052941176470588285,0.400470588235294,0.25207950701052884,0.6,7.6,0.4470588235294118,6.527372217178344
