classifier,best,avg,std_dev,acc,n_features,selected_rate,execution_time
knn,0.25161764705882356,0.47896470588235296,0.16174673204958337,0.52,6.4,0.37647058823529406,7.49546103477478
svc,0.25161764705882356,0.38031764705882354,0.11102423657592261,0.62,7.0,0.4117647058823529,8.371436309814452
