classifier,all_fitness,best,avg,std_dev,acc,n_features,selected_rate,execution_time
knn,"[0.563529411764706, 0.2426470588235294, 0.47352941176470587, 0.26029411764705884, 0.02941176470588235]",0.02941176470588235,0.31388235294117645,0.187978998311589,0.6799999999999999,4.4,0.25882352941176473,7.302220726013184
svc,"[0.20941176470588233, 0.6926470588235295, 0.698529411764706, 0.47941176470588237, 0.023529411764705875]",0.023529411764705875,0.42070588235294115,0.26719979435584573,0.5599999999999999,4.2,0.24705882352941178,9.591661071777343
