classifier,all_fitness,best,avg,std_dev,acc,n_features,selected_rate,execution_time
knn,"[0.20270588235294112, 0.49911764705882355, 0.00470588235294118, 0.4979411764705882, 0.4985294117647059]",0.00470588235294118,0.3406,0.2033054034176749,0.6599999999999999,6.8,0.4,5.918800258636475
svc,"[0.20152941176470585, 0.002941176470588238, 0.9935294117647059, 0.002941176470588238, 0.002941176470588238]",0.002941176470588238,0.2407764705882353,0.3841547093190991,0.76,5.4,0.31764705882352945,6.50014100074768
