classifier,all_fitness,best,avg,std_dev,acc,n_features,selected_rate,execution_time
knn,"[0.3995294117647059, 0.25279411764705884, 0.0035294117647058855, 0.7466176470588235, 0.4985294117647059]",0.0035294117647058855,0.3802,0.24768946639836317,0.62,6.8,0.4,10.143754577636718
svc,"[0.4001176470588236, 0.5014705882352941, 0.49911764705882355, 0.25161764705882356, 0.4979411764705882]",0.25161764705882356,0.4300529411764706,0.09717458764733228,0.5700000000000001,7.4,0.4352941176470588,11.768628215789795
