classifier,best,avg,std_dev,acc,n_features,selected_rate,execution_time
knn,0.0035294117647058855,0.3292882352941176,0.2432513341321963,0.67,4.4,0.25882352941176473,5.622219610214233
svc,0.004117647058823533,0.3398941176470588,0.25703378165816027,0.6599999999999999,5.6,0.32941176470588235,6.1593221664428714
