classifier,all_fitness,best,avg,std_dev,acc,n_features,selected_rate,execution_time
knn,"[0.37764705882352945, 0.19764705882352937, 0.5576470588235295, 0.3894117647058824, 0.20352941176470585, 0.37764705882352945, 0.017647058823529408, 0.19764705882352937, 0.5576470588235295, 0.37764705882352945]",0.017647058823529408,0.32541176470588234,0.16197842566410767,0.6599999999999999,3.3,0.19411764705882353,4.40350193977356
svc,"[0.017647058823529408, 0.19764705882352937, 0.19764705882352937, 0.37764705882352945, 0.19764705882352937, 0.017647058823529408, 0.017647058823529408, 0.5576470588235295, 0.7376470588235295, 0.023529411764705875]",0.017647058823529408,0.23423529411764704,0.2382708470203445,0.76,3.1,0.1823529411764706,4.903955340385437
