classifier,all_fitness,best,avg,std_dev,acc,n_features,selected_rate,execution_time
knn,"[0.4070588235294118, 0.6047058823529412, 0.24470588235294113, 0.4011764705882353, 0.05294117647058823, 0.7788235294117648, 0.4011764705882353, 0.5811764705882353, 0.2270588235294117, 0.04705882352941175]",0.04705882352941175,0.37458823529411767,0.22602519993014103,0.6399999999999999,8.6,0.5058823529411766,1.2647207260131836
svc,"[0.2329411764705882, 0.24470588235294113, 0.7670588235294118, 0.6047058823529412, 0.22117647058823525, 0.41882352941176476, 0.2329411764705882, 0.4070588235294118, 0.20941176470588233, 0.41294117647058826]",0.20941176470588233,0.37517647058823533,0.17868450478184997,0.6399999999999999,8.7,0.5117647058823529,1.33184494972229
