classifier,best,avg,std_dev,acc,n_features,selected_rate,execution_time
knn,0.24926470588235294,0.42734705882352947,0.18394829215529893,0.5700000000000001,2.8,0.1647058823529412,5.778529310226441
svc,0.001176470588235295,0.2193294117647059,0.21816432443630057,0.78,2.6,0.15294117647058825,5.889317989349365
