classifier,all_fitness,best,avg,std_dev,acc,n_features,selected_rate,execution_time
knn,"[0.5752941176470588, 0.5147058823529411, 0.04705882352941175, 0.26029411764705884, 0.4852941176470588]",0.04705882352941175,0.3765294117647059,0.19620979521171775,0.63,7.4,0.4352941176470589,5.550597476959228
svc,"[0.2270588235294117, 0.04705882352941175, 0.27794117647058825, 0.7220588235294118, 0.04705882352941175]",0.04705882352941175,0.264235294117647,0.24718558372762797,0.76,8.2,0.48235294117647065,6.918191432952881
