classifier,all_fitness,best,avg,std_dev,acc,n_features,selected_rate,execution_time
knn,"[0.21529411764705877, 0.4970588235294118, 0.06470588235294117, 0.2838235294117647, 0.47352941176470587]",0.06470588235294117,0.30688235294117644,0.16217761206366088,0.71,7.8,0.45882352941176474,4.983689880371093
svc,"[0.39529411764705885, 0.023529411764705875, 0.25441176470588234, 0.035294117647058816, 0.2485294117647059]",0.023529411764705875,0.19141176470588234,0.14237741646666857,0.82,5.0,0.29411764705882354,6.203706741333008
