classifier,all_fitness,best,avg,std_dev,acc,n_features,selected_rate,execution_time
knn,"[0.37764705882352945, 0.371764705882353, 0.37764705882352945, 0.37764705882352945, 0.371764705882353, 0.371764705882353, 0.9117647058823529, 0.37764705882352945, 0.731764705882353, 0.37764705882352945]",0.371764705882353,0.4647058823529412,0.18302797260070727,0.4999999999999999,2.5,0.14705882352941177,17.930294132232667
svc,"[0.19764705882352937, 0.37764705882352945, 0.371764705882353, 0.37764705882352945, 0.37764705882352945, 0.19764705882352937, 0.20352941176470585, 0.1917647058823529, 0.563529411764706, 0.371764705882353]",0.1917647058823529,0.32305882352941173,0.11597064417954525,0.6599999999999999,2.9,0.17058823529411765,19.942548823356628
