classifier,all_fitness,best,avg,std_dev,acc,n_features,selected_rate,execution_time
knn,"[0.1997647058823529, 0.24985294117647058, 0.7448529411764705, 0.24926470588235294, 0.7442647058823528]",0.1997647058823529,0.43759999999999993,0.2512896257034085,0.5599999999999999,3.4,0.2,19.01878366470337
svc,"[0.20035294117647054, 0.49676470588235294, 0.4979411764705882, 0.4973529411764706, 0.2504411764705882]",0.20035294117647054,0.3885705882352941,0.1341693780522233,0.61,4.2,0.24705882352941178,21.03323769569397
