classifier,all_fitness,best,avg,std_dev,acc,n_features,selected_rate,execution_time
knn,"[0.39894117647058824, 0.7477941176470587, 0.2510294117647059, 0.4985294117647059, 0.7466176470588235]",0.2510294117647059,0.5285823529411765,0.19510962884090569,0.47000000000000003,6.6,0.3882352941176471,7.485134601593018
svc,"[0.4007058823529412, 0.49911764705882355, 0.5038235294117647, 0.004117647058823533, 0.2545588235294118]",0.004117647058823533,0.332464705882353,0.18744333805899574,0.67,9.8,0.5764705882352941,8.409330797195434
