classifier,all_fitness,best,avg,std_dev,acc,n_features,selected_rate,execution_time
knn,"[0.4247058823529412, 0.22117647058823525, 0.4070588235294118, 0.21529411764705877, 0.5694117647058824, 0.02941176470588235, 0.9411764705882353, 0.4011764705882353, 0.39529411764705885, 0.4070588235294118]",0.02941176470588235,0.4011764705882353,0.22928624016891172,0.5999999999999999,7.0,0.4117647058823529,8.924842715263367
svc,"[0.22117647058823525, 0.2270588235294117, 0.2270588235294117, 0.22117647058823525, 0.23882352941176466, 0.5811764705882353, 0.22117647058823525, 0.04117647058823528, 0.2270588235294117, 0.2270588235294117]",0.04117647058823528,0.2432941176470588,0.1255220792830618,0.78,7.7,0.45294117647058824,10.80705349445343
