classifier,all_fitness,best,avg,std_dev,acc,n_features,selected_rate,execution_time
knn,"[0.23299999999999998, 0.20700000000000005, 0.22799999999999998, 0.19650000000000006, 0.20549999999999996, 0.2425, 0.19000000000000006, 0.19500000000000006, 0.19900000000000007, 0.21449999999999997]",0.19000000000000006,0.2111,0.016955530071336582,0.8035,13.7,0.34249999999999997,186.29396753311158
svc,"[0.18550000000000005, 0.16550000000000004, 0.164, 0.16100000000000003, 0.21400000000000005, 0.18850000000000006, 0.14650000000000002, 0.17450000000000004, 0.155, 0.21799999999999994]",0.14650000000000002,0.17725000000000002,0.02287274579056917,0.845,15.1,0.37749999999999995,2928.9448981285095
