classifier,all_fitness,best,avg,std_dev,acc,n_features,selected_rate,execution_time
knn,"[0.27349999999999997, 0.23799999999999993, 0.23549999999999993, 0.27949999999999997, 0.23449999999999996, 0.21900000000000006, 0.22900000000000004, 0.27599999999999997, 0.20850000000000002, 0.25649999999999995]",0.20850000000000002,0.24499999999999997,0.023684383040307365,0.7925,23.3,0.5824999999999999,44.28830699920654
svc,"[0.23099999999999993, 0.21100000000000002, 0.193, 0.1725, 0.177, 0.19650000000000004, 0.184, 0.22150000000000006, 0.19000000000000003, 0.191]",0.1725,0.19675,0.017950278549370757,0.8474999999999999,23.8,0.595,728.0663223743438
