classifier,all_fitness,best,avg,std_dev,acc,n_features,selected_rate,execution_time
knn,"[0.32050000000000006, 0.27949999999999997, 0.23099999999999998, 0.27649999999999997, 0.26849999999999996, 0.32099999999999995, 0.27049999999999996, 0.28900000000000003, 0.275, 0.33349999999999996]",0.23099999999999998,0.2865,0.029159903977894034,0.74,21.0,0.525,43.35296001434326
svc,"[0.24899999999999994, 0.24499999999999997, 0.24849999999999997, 0.22750000000000004, 0.2065, 0.19900000000000004, 0.295, 0.21900000000000006, 0.20900000000000005, 0.19350000000000003]",0.19350000000000003,0.22920000000000001,0.02925850303757864,0.8145,24.9,0.6224999999999999,846.8937377929688
