classifier,all_fitness,best,avg,std_dev,acc,n_features,selected_rate,execution_time
knn,"[0.30600000000000005, 0.24549999999999997, 0.23999999999999994, 0.22099999999999995, 0.25749999999999995, 0.26649999999999996, 0.23150000000000004, 0.253, 0.24949999999999994, 0.21700000000000005]",0.21700000000000005,0.24874999999999997,0.024188065238873496,0.7849999999999999,22.1,0.5525000000000001,44.65798523426056
svc,"[0.16249999999999998, 0.1835, 0.23549999999999993, 0.1975, 0.22000000000000003, 0.18150000000000005, 0.19350000000000003, 0.24949999999999994, 0.21700000000000005, 0.17800000000000002]",0.16249999999999998,0.20185,0.026303089172186586,0.836,21.7,0.5425,840.7059612035752
