classifier,all_fitness,best,avg,std_dev,acc,n_features,selected_rate,execution_time
knn,"[0.2505, 0.249, 0.21650000000000005, 0.23099999999999993, 0.20550000000000004, 0.24149999999999996, 0.2915, 0.24349999999999997, 0.22949999999999995, 0.24649999999999994]",0.20550000000000004,0.24050000000000002,0.021980673329086153,0.7875,19.7,0.49250000000000005,278.5184697628021
svc,"[0.22699999999999995, 0.19100000000000003, 0.24749999999999997, 0.20600000000000002, 0.20700000000000005, 0.20250000000000004, 0.21549999999999997, 0.22049999999999995, 0.22799999999999998, 0.17750000000000002]",0.17750000000000002,0.21225,0.018993748971701165,0.8125,17.4,0.43499999999999994,5290.280572772026
