classifier,all_fitness,best,avg,std_dev,acc,n_features,selected_rate,execution_time
knn,"[0.19750000000000006, 0.20500000000000004, 0.18350000000000005, 0.18400000000000005, 0.18600000000000005, 0.2375, 0.22649999999999998, 0.18100000000000005, 0.18850000000000006, 0.22499999999999995]",0.18100000000000005,0.20145000000000005,0.01990282643244418,0.8195,15.6,0.39,45.2598592042923
svc,"[0.19500000000000006, 0.21150000000000005, 0.16699999999999998, 0.19600000000000004, 0.143, 0.15549999999999997, 0.17500000000000004, 0.17600000000000002, 0.1595, 0.16800000000000004]",0.143,0.17465000000000003,0.019825551694719643,0.8539999999999999,17.3,0.43249999999999994,689.6830691814423
