classifier,all_fitness,best,avg,std_dev,acc,n_features,selected_rate,execution_time
knn,"[0.25749999999999995, 0.21950000000000003, 0.22000000000000003, 0.25999999999999995, 0.26749999999999996, 0.23749999999999993, 0.23349999999999993, 0.24799999999999997, 0.21849999999999994, 0.253]",0.21849999999999994,0.2415,0.017332051234634625,0.795,22.8,0.5700000000000001,43.90347056388855
svc,"[0.22400000000000003, 0.16799999999999998, 0.18550000000000003, 0.22650000000000003, 0.192, 0.21950000000000003, 0.187, 0.17049999999999998, 0.25999999999999995, 0.19650000000000004]",0.16799999999999998,0.20295000000000002,0.027424851868332854,0.842,24.3,0.6075,689.0859080076218
