classifier,all_fitness,best,avg,std_dev,acc,n_features,selected_rate,execution_time
knn,"[0.21749999999999997, 0.23849999999999993, 0.23049999999999995, 0.19800000000000004, 0.23099999999999993, 0.21650000000000005, 0.1885, 0.24199999999999994, 0.22999999999999995, 0.22549999999999995]",0.1885,0.22179999999999994,0.01627912774076053,0.8130000000000001,21.4,0.5349999999999999,62.33318502902985
svc,"[0.21950000000000003, 0.21999999999999997, 0.24549999999999997, 0.18600000000000005, 0.17600000000000002, 0.18550000000000003, 0.19950000000000007, 0.24799999999999997, 0.15349999999999997, 0.18900000000000003]",0.15349999999999997,0.20224999999999999,0.028930304180910357,0.8275,18.8,0.47000000000000003,1090.0377217769624
