classifier,all_fitness,best,avg,std_dev,acc,n_features,selected_rate,execution_time
knn,"[0.20349999999999996, 0.238, 0.171, 0.20799999999999996, 0.21549999999999997, 0.23149999999999996, 0.22649999999999998, 0.21799999999999994, 0.18400000000000005, 0.22899999999999998]",0.171,0.2125,0.02038259061061668,0.8074999999999999,15.7,0.39249999999999996,81.3322632074356
svc,"[0.18650000000000003, 0.1615, 0.19600000000000004, 0.18900000000000003, 0.20200000000000007, 0.148, 0.22499999999999995, 0.17250000000000004, 0.1685, 0.20500000000000004]",0.148,0.18540000000000004,0.02185497654997598,0.8414999999999999,17.1,0.42749999999999994,1229.6419257164002
