classifier,all_fitness,best,avg,std_dev,acc,n_features,selected_rate,execution_time
knn,"[0.2555, 0.2820000000000001, 0.291, 0.3205, 0.2820000000000001, 0.3065, 0.309, 0.24850000000000003, 0.2575, 0.26200000000000007]",0.24850000000000003,0.28145,0.023904445193310794,0.6969999999999998,3.5,0.0875,43.27972850799561
svc,"[0.2305, 0.219, 0.2730000000000001, 0.2375, 0.17849999999999996, 0.255, 0.26200000000000007, 0.19899999999999998, 0.2730000000000001, 0.23700000000000002]",0.17849999999999996,0.23645000000000005,0.02961540984014913,0.747,3.5,0.0875,1999.9290885448456
