classifier,all_fitness,best,avg,std_dev,acc,n_features,selected_rate,execution_time
knn,"[0.25199999999999995, 0.275, 0.24849999999999997, 0.285, 0.27399999999999997, 0.24400000000000005, 0.24199999999999994, 0.24599999999999997, 0.24799999999999994, 0.31200000000000006]",0.24199999999999994,0.26264999999999994,0.02189982876645388,0.7765,24.6,0.615,8.557640528678894
svc,"[0.1995, 0.19000000000000003, 0.22599999999999995, 0.22500000000000003, 0.20500000000000002, 0.21650000000000005, 0.17049999999999998, 0.21750000000000003, 0.197, 0.25099999999999995]",0.17049999999999998,0.20980000000000004,0.02127110716441435,0.833,23.8,0.595,144.26027264595032
