classifier,all_fitness,best,avg,std_dev,acc,n_features,selected_rate,execution_time
knn,"[0.2955, 0.2905, 0.34, 0.3035, 0.25650000000000006, 0.25849999999999995, 0.34850000000000003, 0.25150000000000006, 0.22450000000000003, 0.3205]",0.22450000000000003,0.28895,0.038653880788350345,0.7745,34.4,0.86,4.482060289382934
svc,"[0.19949999999999998, 0.26899999999999996, 0.185, 0.1855, 0.24000000000000005, 0.21500000000000002, 0.21900000000000003, 0.23350000000000004, 0.24950000000000006, 0.23550000000000004]",0.185,0.22315000000000004,0.026184012297583433,0.8414999999999999,32.2,0.8049999999999999,77.55263752937317
