classifier,all_fitness,best,avg,std_dev,acc,n_features,selected_rate,execution_time
knn,"[0.27449999999999997, 0.20400000000000001, 0.3350000000000001, 0.27449999999999997, 0.21500000000000002, 0.24899999999999994, 0.26099999999999995, 0.266, 0.2965, 0.24049999999999994]",0.20400000000000001,0.26159999999999994,0.03612672141227322,0.7785,24.9,0.6224999999999999,85.32981770038604
svc,"[0.179, 0.22000000000000003, 0.21950000000000003, 0.1815, 0.15249999999999997, 0.23999999999999994, 0.23599999999999993, 0.22300000000000003, 0.23799999999999993, 0.22000000000000003]",0.15249999999999997,0.21095000000000003,0.028088654293148323,0.8344999999999999,24.8,0.62,1574.0470786571502
