classifier,best,avg,std_dev,acc,n_features,selected_rate,execution_time
knn,0.2182792207792208,0.3319220779220779,0.08499584881671303,0.6714285714285715,29.2,0.6636363636363636,705.7466753005981
svc,0.1441558441558442,0.2438831168831169,0.09527869790734904,0.7571428571428571,15.2,0.34545454545454546,68.30609807968139
