classifier,best,avg,std_dev,acc,n_features,selected_rate,execution_time
knn,0.14711038961038966,0.30327272727272725,0.12241231901867183,0.7,27.6,0.6272727272727273,51.95632090568542
svc,0.28740259740259744,0.3445649350649351,0.05301903157888838,0.6571428571428571,22.6,0.5136363636363637,5.178627824783325
