classifier,all_fitness,best,avg,std_dev,acc,n_features,selected_rate,execution_time
knn,"[0.14210526315789473, 0.48070175438596496, 0.32456140350877194, 0.3385964912280702, 0.2912280701754386, 0.23333333333333334, 0.24912280701754386, 0.28596491228070176, 0.46315789473684216, 0.4263157894736842]",0.14210526315789473,0.3235087719298246,0.10199668670953481,0.6947368421052632,27.8,0.48771929824561405,8.756020498275756
svc,"[0.18771929824561406, 0.23859649122807017, 0.2736842105263158, 0.33157894736842103, 0.24035087719298245, 0.46315789473684216, 0.34210526315789475, 0.28771929824561404, 0.28596491228070176, 0.14736842105263157]",0.14736842105263157,0.27982456140350875,0.08342192889756911,0.7421052631578946,27.2,0.47719298245614034,24.437887477874757
