classifier,all_fitness,best,avg,std_dev,acc,n_features,selected_rate,execution_time
knn,"[0.05263157894736847, 0.1929824561403509, 0.2403508771929825, 0.19473684210526315, 0.14736842105263162, 0.19473684210526315, 0.6649122807017545, 0.28596491228070176, 0.10175438596491228, 0.24210526315789477]",0.05263157894736847,0.23175438596491232,0.15845990469943189,0.7473684210526315,2.5,0.043859649122807015,8.95881278514862
svc,"[0.19473684210526315, 0.14385964912280708, 0.1912280701754386, 0.23859649122807022, 0.28771929824561404, 0.28596491228070176, 0.04912280701754391, 0.14385964912280708, 0.14385964912280708, 0.2403508771929825]",0.04912280701754391,0.19192982456140356,0.07062226169797764,0.7894736842105263,1.4,0.02456140350877193,24.13902554512024
