classifier,all_fitness,best,avg,std_dev,acc,n_features,selected_rate,execution_time
knn,"[0.32105263157894737, 0.13684210526315788, 0.11754385964912281, 0.21578947368421053, 0.1280701754385965, 0.13157894736842105, 0.22105263157894736, 0.21052631578947367, 0.2842105263157895, 0.17543859649122812]",0.11754385964912281,0.19421052631578947,0.06592407283763183,0.8210526315789473,18.9,0.3315789473684211,20.234461402893068
svc,"[0.08771929824561407, 0.09298245614035092, 0.13684210526315788, 0.18070175438596495, 0.17543859649122812, 0.09122807017543863, 0.21578947368421053, 0.1859649122807018, 0.0771929824561404, 0.11403508771929824]",0.0771929824561404,0.13578947368421052,0.04748005040236522,0.8894736842105264,20.7,0.36315789473684207,69.92321512699127
