classifier,all_fitness,best,avg,std_dev,acc,n_features,selected_rate,execution_time
knn,"[0.3526315789473684, 0.24912280701754386, 0.38070175438596493, 0.13859649122807016, 0.09298245614035092, 0.23157894736842105, 0.11929824561403513, 0.3842105263157895, 0.2035087719298246, 0.25087719298245614]",0.09298245614035092,0.24035087719298248,0.10067179699890132,0.7947368421052632,31.7,0.5561403508771929,7.724031662940979
svc,"[0.37719298245614036, 0.29824561403508776, 0.19122807017543864, 0.15964912280701754, 0.1859649122807018, 0.09649122807017547, 0.13333333333333333, 0.21052631578947373, 0.23333333333333334, 0.14385964912280702]",0.09649122807017547,0.2029824561403509,0.07899043659558476,0.8315789473684211,29.3,0.5140350877192982,28.541681337356568
