classifier,all_fitness,best,avg,std_dev,acc,n_features,selected_rate,execution_time
knn,"[0.3842105263157895, 0.11578947368421057, 0.10877192982456144, 0.16842105263157892, 0.256140350877193, 0.30000000000000004, 0.21228070175438601, 0.2140350877192983, 0.2894736842105263, 0.29649122807017547]",0.10877192982456144,0.23456140350877197,0.08319582375815007,0.8105263157894737,36.5,0.6403508771929824,1.1597301483154296
svc,"[0.30175438596491233, 0.2912280701754386, 0.10701754385964915, 0.2543859649122807, 0.3385964912280702, 0.30000000000000004, 0.15438596491228068, 0.11754385964912284, 0.1035087719298246, 0.15087719298245614]",0.1035087719298246,0.2119298245614035,0.0886956193747796,0.8315789473684211,34.4,0.6035087719298246,4.2509849786758425
