classifier,all_fitness,best,avg,std_dev,acc,n_features,selected_rate,execution_time
knn,"[0.2649122807017544, 0.1964912280701755, 0.16140350877192983, 0.16491228070175437, 0.20000000000000004, 0.1631578947368421, 0.20175438596491233, 0.2631578947368421, 0.21754385964912284, 0.11754385964912284]",0.11754385964912284,0.1950877192982456,0.04377395136491422,0.8578947368421052,38.3,0.6719298245614036,10.08894968032837
svc,"[0.39473684210526316, 0.2035087719298246, 0.10877192982456144, 0.2596491228070175, 0.2614035087719298, 0.21052631578947373, 0.20175438596491233, 0.343859649122807, 0.20526315789473687, 0.4017543859649123]",0.10877192982456144,0.25912280701754387,0.0895391917058607,0.7842105263157895,37.0,0.6491228070175439,40.18626744747162
