classifier,all_fitness,best,avg,std_dev,acc,n_features,selected_rate,execution_time
knn,"[0.2842105263157895, 0.12982456140350876, 0.1859649122807018, 0.18245614035087723, 0.31228070175438594, 0.13333333333333333, 0.12631578947368421, 0.22456140350877193, 0.2736842105263158, 0.3666666666666667]",0.12631578947368421,0.2219298245614035,0.08000173128320569,0.7947368421052632,21.2,0.3719298245614035,9.07718093395233
svc,"[0.14035087719298245, 0.1771929824561404, 0.12631578947368421, 0.22280701754385965, 0.0859649122807018, 0.13333333333333333, 0.17368421052631583, 0.14210526315789473, 0.12456140350877193, 0.2701754385964913]",0.0859649122807018,0.15964912280701754,0.050846935951541904,0.8631578947368421,20.8,0.3649122807017544,30.54245493412018
