classifier,all_fitness,best,avg,std_dev,acc,n_features,selected_rate,execution_time
knn,"[0.2035087719298246, 0.27894736842105267, 0.2543859649122807, 0.28596491228070176, 0.20701754385964916, 0.20175438596491233, 0.24736842105263157, 0.2035087719298246, 0.21052631578947373, 0.27894736842105267]",0.20175438596491233,0.23719298245614043,0.033780928397878454,0.7999999999999999,32.6,0.5719298245614034,7.301240921020508
svc,"[0.11228070175438601, 0.11052631578947372, 0.23333333333333334, 0.1035087719298246, 0.15087719298245614, 0.28771929824561404, 0.15263157894736842, 0.1035087719298246, 0.2263157894736842, 0.2894736842105263]",0.1035087719298246,0.17701754385964913,0.07155421829452283,0.8631578947368421,30.7,0.5385964912280701,22.592704105377198
