classifier,all_fitness,best,avg,std_dev,acc,n_features,selected_rate,execution_time
knn,"[0.1947368421052632, 0.32807017543859646, 0.14736842105263157, 0.20175438596491233, 0.15263157894736842, 0.18245614035087723, 0.23333333333333334, 0.23508771929824562, 0.2894736842105263, 0.10701754385964915]",0.10701754385964915,0.20719298245614035,0.06342754328486142,0.8263157894736842,29.0,0.5087719298245614,5.611458802223206
svc,"[0.08771929824561407, 0.19824561403508775, 0.20526315789473687, 0.37543859649122807, 0.48596491228070177, 0.4263157894736842, 0.38070175438596493, 0.22982456140350876, 0.19298245614035092, 0.3280701754385965]",0.08771929824561407,0.29105263157894734,0.11979116433713777,0.7368421052631577,30.9,0.5421052631578948,21.60600953102112
