classifier,all_fitness,best,avg,std_dev,acc,n_features,selected_rate,execution_time
knn,"[0.34561403508771926, 0.20877192982456144, 0.24561403508771928, 0.18771929824561406, 0.24912280701754386, 0.2912280701754386, 0.15964912280701754, 0.34210526315789475, 0.3052631578947369, 0.3368421052631579]",0.15964912280701754,0.2671929824561404,0.0638174624486804,0.7684210526315789,33.5,0.587719298245614,5.94856116771698
svc,"[0.16140350877192983, 0.14385964912280702, 0.2421052631578947, 0.2947368421052632, 0.15614035087719297, 0.10526315789473689, 0.24561403508771928, 0.2596491228070175, 0.11228070175438601, 0.18947368421052635]",0.10526315789473689,0.19105263157894736,0.06239524924501209,0.8526315789473685,33.3,0.5842105263157895,20.81763713359833
