classifier,all_fitness,best,avg,std_dev,acc,n_features,selected_rate,execution_time
knn,"[0.28245614035087724, 0.23333333333333334, 0.32982456140350874, 0.3631578947368421, 0.22982456140350876, 0.14035087719298245, 0.37192982456140355, 0.2754385964912281, 0.2912280701754386, 0.18421052631578952]",0.14035087719298245,0.27017543859649124,0.07099954698809437,0.7473684210526315,24.4,0.4280701754385965,32.74964423179627
svc,"[0.32456140350877194, 0.18421052631578952, 0.2701754385964913, 0.18245614035087723, 0.2421052631578947, 0.18070175438596495, 0.24035087719298245, 0.28245614035087724, 0.1771929824561404, 0.18947368421052635]",0.1771929824561404,0.2273684210526316,0.04970952868644378,0.7947368421052632,24.3,0.42631578947368426,123.01738994121551
