classifier,all_fitness,best,avg,std_dev,acc,n_features,selected_rate,execution_time
knn,"[0.1298245614035088, 0.3771929824561403, 0.375438596491228, 0.3701754385964912, 0.1298245614035088, 0.3175438596491228, 0.4210526315789474, 0.22807017543859653, 0.3315789473684211, 0.27543859649122804]",0.1298245614035088,0.2956140350877193,0.09799859296356145,0.7684210526315789,49.7,0.8719298245614036,0.5223434209823609
svc,"[0.1403508771929825, 0.41578947368421054, 0.41578947368421054, 0.32280701754385965, 0.32280701754385965, 0.22456140350877196, 0.4192982456140351, 0.3789473684210526, 0.4526315789473684, 0.3736842105263158]",0.1403508771929825,0.3466666666666667,0.09297649765747941,0.7105263157894737,49.1,0.8614035087719298,2.0047524690628054
