classifier,all_fitness,best,avg,std_dev,acc,n_features,selected_rate,execution_time
knn,"[0.3368421052631579, 0.1456140350877193, 0.41929824561403506, 0.08070175438596495, 0.0859649122807018, 0.28070175438596495, 0.18771929824561406, 0.19298245614035092, 0.42280701754385963, 0.18421052631578952]",0.08070175438596495,0.2336842105263158,0.1192770879071076,0.7894736842105263,25.2,0.44210526315789467,5.337193870544434
svc,"[0.18947368421052635, 0.1350877192982456, 0.13859649122807016, 0.32631578947368417, 0.18771929824561406, 0.13684210526315788, 0.1456140350877193, 0.32280701754385965, 0.1350877192982456, 0.1456140350877193]",0.1350877192982456,0.1863157894736842,0.07178333392825482,0.8421052631578947,25.2,0.4421052631578948,18.54118812084198
