classifier,all_fitness,best,avg,std_dev,acc,n_features,selected_rate,execution_time
knn,"[0.187719298245614, 0.5210526315789474, 0.2824561403508772, 0.3771929824561403, 0.3807017543859649, 0.3315789473684211, 0.5228070175438597, 0.3315789473684211, 0.4245614035087719, 0.3298245614035088]",0.187719298245614,0.36894736842105263,0.09734249694401613,0.6947368421052632,53.7,0.9421052631578947,1.3736787557601928
svc,"[0.2368421052631579, 0.24210526315789477, 0.4666666666666667, 0.3298245614035088, 0.3771929824561403, 0.4263157894736842, 0.47368421052631576, 0.3771929824561403, 0.47368421052631576, 0.3771929824561403]",0.2368421052631579,0.37807017543859656,0.08320026309828893,0.6842105263157896,53.5,0.9385964912280702,4.1873798847198485
