classifier,all_fitness,best,avg,std_dev,acc,n_features,selected_rate,execution_time
knn,"[0.33684210526315794, 0.24035087719298248, 0.23333333333333336, 0.28596491228070176, 0.2789473684210526, 0.38245614035087716, 0.47192982456140353, 0.4210526315789474, 0.46842105263157896, 0.23508771929824565]",0.23333333333333336,0.33543859649122804,0.09001829436854408,0.731578947368421,53.5,0.9385964912280702,5.678516006469726
svc,"[0.08596491228070173, 0.43157894736842106, 0.42280701754385963, 0.1807017543859649, 0.2368421052631579, 0.3298245614035088, 0.23333333333333336, 0.32456140350877194, 0.32280701754385965, 0.33333333333333337]",0.08596491228070173,0.29017543859649125,0.10150362325557874,0.7789473684210526,52.0,0.9122807017543859,21.862958693504332
