classifier,all_fitness,best,avg,std_dev,acc,n_features,selected_rate,execution_time
knn,"[0.20526315789473684, 0.10877192982456141, 0.1789473684210527, 0.022807017543859644, 0.12280701754385964, 0.14561403508771936, 0.06140350877192987, 0.19473684210526315, 0.168421052631579, 0.2543859649122807]",0.022807017543859644,0.14631578947368423,0.065938777951014,0.8578947368421053,10.5,0.18421052631578946,7.1766245603561405
svc,"[0.2017543859649123, 0.21403508771929824, 0.09298245614035092, 0.1666666666666667, 0.26491228070175443, 0.23157894736842105, 0.11754385964912281, 0.06315789473684215, 0.20526315789473684, 0.14736842105263157]",0.06315789473684215,0.1705263157894737,0.06132727096780244,0.8421052631578947,16.2,0.28421052631578947,27.157113671302795
