classifier,all_fitness,best,avg,std_dev,acc,n_features,selected_rate,execution_time
knn,"[0.41228070175438597, 0.057894736842105256, 0.14035087719298245, 0.343859649122807, 0.243859649122807, 0.34035087719298246, 0.35789473684210527, 0.12105263157894736, 0.21929824561403508, 0.5157894736842106]",0.057894736842105256,0.2752631578947368,0.13628869201647098,0.7526315789473684,30.0,0.5263157894736842,5.307830739021301
svc,"[0.187719298245614, 0.45789473684210524, 0.18947368421052635, 0.3508771929824561, 0.2947368421052632, 0.1859649122807018, 0.18771929824561406, 0.08947368421052634, 0.1789473684210527, 0.37192982456140355]",0.08947368421052634,0.24947368421052635,0.10798185044081694,0.7842105263157895,31.5,0.5526315789473684,19.34753484725952
