classifier,all_fitness,best,avg,std_dev,acc,n_features,selected_rate,execution_time
knn,"[0.2140350877192983, 0.31578947368421056, 0.16491228070175437, 0.32105263157894737, 0.11578947368421057, 0.2596491228070175, 0.22280701754385968, 0.3526315789473684, 0.2649122807017544, 0.36315789473684207]",0.11578947368421057,0.25947368421052636,0.0770830557006305,0.7947368421052631,42.6,0.7473684210526316,5.213584566116333
svc,"[0.5087719298245614, 0.21578947368421056, 0.25263157894736843, 0.21052631578947373, 0.15438596491228068, 0.17368421052631577, 0.20175438596491233, 0.21578947368421056, 0.2631578947368421, 0.11929824561403513]",0.11929824561403513,0.23157894736842105,0.1010075435474667,0.8210526315789475,40.2,0.7052631578947368,18.66241798400879
