classifier,all_fitness,best,avg,std_dev,acc,n_features,selected_rate,execution_time
knn,"[0.2894736842105263, 0.256140350877193, 0.21754385964912284, 0.30701754385964913, 0.2631578947368421, 0.2701754385964912, 0.4789473684210526, 0.11052631578947368, 0.30701754385964913, 0.3526315789473684]",0.11052631578947368,0.28526315789473683,0.08927463238618526,0.7631578947368421,41.1,0.7210526315789474,9.031144094467162
svc,"[0.19122807017543858, 0.20526315789473687, 0.15263157894736848, 0.3508771929824562, 0.11929824561403513, 0.38245614035087716, 0.15614035087719302, 0.33684210526315794, 0.3052631578947369, 0.17368421052631577]",0.11929824561403513,0.2373684210526316,0.09130917447432386,0.8052631578947368,35.4,0.6210526315789473,35.55253977775574
