classifier,all_fitness,best,avg,std_dev,acc,n_features,selected_rate,execution_time
knn,"[0.2578947368421053, 0.15438596491228068, 0.3087719298245614, 0.11403508771929828, 0.16140350877192983, 0.2929824561403509, 0.20701754385964916, 0.15263157894736842, 0.343859649122807, 0.20526315789473687]",0.11403508771929828,0.2198245614035088,0.0733998271526492,0.8263157894736842,36.2,0.6350877192982456,10.107296371459961
svc,"[0.20877192982456144, 0.3140350877192983, 0.11403508771929828, 0.11578947368421057, 0.5315789473684212, 0.20526315789473687, 0.061403508771929814, 0.11228070175438601, 0.1964912280701755, 0.2631578947368421]",0.061403508771929814,0.21228070175438601,0.12920192084348456,0.8368421052631578,37.3,0.6543859649122807,40.74950520992279
