classifier,all_fitness,best,avg,std_dev,acc,n_features,selected_rate,execution_time
knn,"[0.1894736842105263, 0.187719298245614, 0.3789473684210526, 0.3280701754385965, 0.28596491228070176, 0.2789473684210526, 0.4298245614035088, 0.3771929824561403, 0.3298245614035088, 0.13684210526315793]",0.13684210526315793,0.2922807017543859,0.09067036003557737,0.7789473684210526,53.2,0.9333333333333333,0.504025936126709
svc,"[0.1456140350877193, 0.23333333333333336, 0.3280701754385965, 0.1894736842105263, 0.3789473684210526, 0.24035087719298248, 0.3771929824561403, 0.47543859649122805, 0.47543859649122805, 0.4245614035087719]",0.1456140350877193,0.3268421052631579,0.11265029630779184,0.7421052631578947,54.0,0.9473684210526316,1.9611026287078857
