classifier,all_fitness,best,avg,std_dev,acc,n_features,selected_rate,execution_time
knn,"[0.14035087719298245, 0.28771929824561404, 0.036842105263157884, 0.09649122807017547, 0.15438596491228068, 0.2771929824561404, 0.12982456140350876, 0.1771929824561404, 0.14385964912280702, 0.0859649122807018]",0.036842105263157884,0.1529824561403509,0.07491371870923519,0.8789473684210526,25.1,0.44035087719298244,31.779177451133727
svc,"[0.19298245614035092, 0.1350877192982456, 0.2421052631578947, 0.19824561403508775, 0.1350877192982456, 0.1789473684210527, 0.243859649122807, 0.13684210526315788, 0.18245614035087723, 0.10000000000000003]",0.10000000000000003,0.17456140350877197,0.04521587357494692,0.8578947368421052,26.6,0.4666666666666666,123.35126357078552
