classifier,all_fitness,best,avg,std_dev,acc,n_features,selected_rate,execution_time
knn,"[0.1350877192982456, 0.3350877192982456, 0.09122807017543863, 0.14210526315789473, 0.2736842105263158, 0.05614035087719297, 0.18070175438596495, 0.18771929824561406, 0.2912280701754386, 0.13859649122807016]",0.05614035087719297,0.18315789473684213,0.08576130560418875,0.8473684210526315,26.1,0.4578947368421053,20.222802257537843
svc,"[0.20175438596491233, 0.13157894736842105, 0.17543859649122812, 0.22280701754385965, 0.1771929824561404, 0.14210526315789473, 0.08771929824561407, 0.2035087719298246, 0.1035087719298246, 0.17368421052631583]",0.08771929824561407,0.16192982456140353,0.04220055007452862,0.868421052631579,24.8,0.4350877192982455,66.7756493806839
