classifier,all_fitness,best,avg,std_dev,acc,n_features,selected_rate,execution_time
knn,"[0.1456140350877193, 0.2315789473684211, 0.47719298245614034, 0.2824561403508772, 0.3736842105263158, 0.33508771929824566, 0.3736842105263158, 0.33508771929824566, 0.4245614035087719, 0.47192982456140353]",0.1456140350877193,0.3450877192982456,0.09914081500759081,0.7210526315789474,53.6,0.9403508771929825,8.728775882720948
svc,"[0.3280701754385965, 0.4192982456140351, 0.47368421052631576, 0.4280701754385965, 0.3315789473684211, 0.4280701754385965, 0.47368421052631576, 0.512280701754386, 0.47543859649122805, 0.2789473684210526]",0.2789473684210526,0.41491228070175434,0.07306864849608218,0.6421052631578947,52.9,0.9280701754385966,24.14439458847046
