classifier,all_fitness,best,avg,std_dev,acc,n_features,selected_rate,execution_time
knn,"[0.11929824561403508, 0.7140350877192982, 0.30877192982456136, 0.1508771929824562, 0.19824561403508772, 0.11052631578947368, 0.32456140350877194, 0.18421052631578952, 0.34210526315789475, 0.2526315789473685]",0.11052631578947368,0.27052631578947367,0.16792470721889666,0.7210526315789473,11.1,0.19473684210526315,6.802446007728577
svc,"[0.18070175438596495, 0.2578947368421053, 0.32280701754385965, 0.20877192982456141, 0.13333333333333333, 0.2719298245614035, 0.11929824561403513, 0.29473684210526313, 0.20877192982456141, 0.256140350877193]",0.11929824561403513,0.22543859649122808,0.063832893951799,0.7842105263157895,17.8,0.312280701754386,19.717201042175294
